mfcc_1,mfcc_2,mfcc_3,mfcc_4,mfcc_5,mfcc_6,mfcc_7,mfcc_8,mfcc_9,mfcc_10,mfcc_11,mfcc_12,mfcc_13,spectral_centroid,spectral_rolloff,zero_crossing_rate,rms,chroma_1,chroma_2,chroma_3,chroma_4,chroma_5,chroma_6,chroma_7,chroma_8,chroma_9,chroma_10,chroma_11,chroma_12,tempo,contrast_1,contrast_2,contrast_3,contrast_4,contrast_5,contrast_6,contrast_7,genre
-113.59882354736328,121.57067108154297,-19.162261962890625,42.36393737792969,-6.3622660636901855,18.621932983398438,-13.69973373413086,15.339801788330078,-12.274304389953613,10.97094440460205,-8.326061248779297,8.802087783813477,-3.6699411869049072,1784.1226412753101,3805.7230301080335,0.08304482066898686,0.1301843225955963,0.36224275827407837,0.3678174614906311,0.4398345351219177,0.24469180405139923,0.24786202609539032,0.3356161415576935,0.3646184206008911,0.4356837272644043,0.2959856688976288,0.3150804936885834,0.40700846910476685,0.38510048389434814,123.046875,15.986115582904988,15.098203280233077,18.45414937398574,18.36224256380132,18.91743082487246,17.18981618296861,39.655065886134096,blues
-207.52383422851562,123.98513793945312,8.94701862335205,35.867149353027344,2.9095940589904785,21.519472122192383,-8.556512832641602,23.370676040649414,-10.103608131408691,11.899242401123047,-5.558824062347412,5.377876281738281,-2.234492063522339,1530.2617669893777,3550.7136156830047,0.05603980870552978,0.09590782225131989,0.4600405693054199,0.3501824736595154,0.32080668210983276,0.21147149801254272,0.20078861713409424,0.3307943046092987,0.39737871289253235,0.5603551864624023,0.3841790556907654,0.2553260028362274,0.2847760319709778,0.3340936601161957,107.666015625,15.984938219468534,17.059629950728368,19.133786481283217,19.188013073537594,18.326915370064803,17.505238912530242,37.50887830714264,blues
-90.75716400146484,140.4408721923828,-29.08454704284668,31.686691284179688,-13.976547241210938,25.753751754760742,-13.66499137878418,11.634442329406738,-11.778322219848633,9.71475601196289,-13.125313758850098,5.79124641418457,-8.901966094970703,1552.8324814348227,3042.4101154654873,0.07629120746326373,0.17547321319580078,0.272900253534317,0.1959526538848877,0.31516560912132263,0.407986044883728,0.5468202233314514,0.32169854640960693,0.3046568036079407,0.2884037494659424,0.33415207266807556,0.4018186926841736,0.384389728307724,0.5885083675384521,161.4990234375,26.345502763614213,14.1918816655083,17.701924091363754,19.419605086040423,20.342664693920085,18.31105908724081,39.02640651663989,blues
-199.57513427734375,150.0861053466797,5.6634039878845215,26.85527801513672,1.7700715065002441,14.232646942138672,-4.827845573425293,9.286852836608887,-0.7561202049255371,8.134434700012207,-3.200026035308838,6.078081130981445,-2.478445053100586,1070.1534175250665,2184.8790286035382,0.03330886262567672,0.14104026556015015,0.3413715064525604,0.4086233377456665,0.5243189930915833,0.547012984752655,0.6570751070976257,0.5115232467651367,0.35555389523506165,0.2516133487224579,0.2462705373764038,0.31511130928993225,0.31657925248146057,0.38319873809814453,172.265625,29.784038278808787,14.76604254261303,17.23854978173165,18.63406550972676,18.490612995800266,16.787122916734297,34.264915724272285,blues
-160.3541717529297,126.2094955444336,-35.58139419555664,22.13925552368164,-32.473548889160156,10.850701332092285,-23.35007095336914,0.49324896931648254,-11.796538352966309,1.2035191059112549,-13.084959030151367,-2.810499668121338,-6.9344706535339355,1835.12851277257,3579.9574708164155,0.10146053871809745,0.09150122106075287,0.1926048845052719,0.31726670265197754,0.39202219247817993,0.2558269798755646,0.19266360998153687,0.5302208662033081,0.25377947092056274,0.1391213983297348,0.2764242887496948,0.32432687282562256,0.5551238059997559,0.272930771112442,135.99917763157896,17.055249292784442,15.693600776805484,19.132496461845886,20.522276096213048,20.784787543291493,19.71064005586685,37.318275969997835,blues
-177.80174255371094,118.20316314697266,-17.570629119873047,30.760927200317383,-21.7425537109375,11.919262886047363,-20.734298706054688,3.185288190841675,-8.580818176269531,-0.9328851103782654,-11.772245407104492,-2.408763885498047,-9.348445892333984,1832.0115969728517,3481.4676306917054,0.09404153373936582,0.10345287621021271,0.23832274973392487,0.30023738741874695,0.6171864867210388,0.2357410490512848,0.12398714572191238,0.24376851320266724,0.2796512246131897,0.4112927317619324,0.2439858466386795,0.28553324937820435,0.2843368649482727,0.36621910333633423,112.34714673913044,17.470207038238584,19.56125479512844,21.289941922365124,21.344465999304166,20.78043860083157,19.40411528307254,37.94788487390753,blues
-190.0688018798828,130.27023315429688,-36.36211013793945,33.03621292114258,11.093891143798828,-0.5918819904327393,-20.89026641845703,0.2784424126148224,-6.496385097503662,-5.512735366821289,-7.8474040031433105,-3.124300718307495,-6.602821350097656,1459.4696908114731,2795.910729498985,0.07305223740815932,0.1417519599199295,0.4255130887031555,0.2232433706521988,0.1313476860523224,0.15259742736816406,0.24195794761180878,0.49116912484169006,0.24550841748714447,0.16911274194717407,0.28835591673851013,0.46184447407722473,0.3592758774757385,0.30718594789505005,123.046875,24.755079947983496,21.066654198200172,22.205534237075828,21.25944816136903,21.652819321556088,20.14428616114598,32.86422789622399,blues
-179.37229919433594,136.44833374023438,-26.662588119506836,39.965450286865234,5.31089448928833,10.919135093688965,-20.559534072875977,8.503360748291016,-11.349763870239258,-3.470555067062378,-8.415842056274414,-6.957211017608643,-3.5460426807403564,1451.859413795751,2955.3197165929523,0.061442246108855375,0.13176751136779785,0.259356826543808,0.2641215920448303,0.325358122587204,0.2177387923002243,0.21527718007564545,0.2957618832588196,0.19005173444747925,0.18074943125247955,0.2643410563468933,0.39047351479530334,0.6486377120018005,0.4365907609462738,92.28515625,20.203992591647996,20.094493223158633,20.707093884720244,19.630546752093863,20.709945310604542,19.603038090729164,36.09972121364525,blues
-121.3897933959961,122.49832916259766,-14.734728813171387,46.12213897705078,-8.179258346557617,20.172466278076172,-19.171894073486328,23.03683853149414,-11.83272933959961,21.15465545654297,-6.722797393798828,6.989505767822266,-12.730548858642578,1719.4633657271252,3782.441190998405,0.06402488761600927,0.14232727885246277,0.3196752965450287,0.3044869899749756,0.3666152060031891,0.42213305830955505,0.523810863494873,0.4511187672615051,0.4934428632259369,0.3527529835700989,0.3801381289958954,0.46170616149902344,0.36635974049568176,0.4647151529788971,83.35433467741936,29.493067993031072,15.135638488596094,17.01936189989054,17.030466570492997,19.69611163340325,17.624290925668074,40.60499045883298,blues
-213.2642364501953,115.16475677490234,-11.698169708251953,39.015357971191406,-20.348329544067383,13.082701683044434,-9.182701110839844,9.017151832580566,-14.104310035705566,4.271254062652588,-6.050780296325684,3.7858355045318604,0.22263562679290771,1817.2305900912734,3943.8319655416185,0.07917482356921887,0.08128055185079575,0.2482471615076065,0.27315470576286316,0.48851197957992554,0.26800474524497986,0.17971840500831604,0.2677254378795624,0.22258572280406952,0.41535109281539917,0.2726885676383972,0.18117539584636688,0.22990083694458008,0.24054767191410065,129.19921875,14.334424623877076,17.63670377718521,21.930637202724167,20.23588947831593,18.562802505723557,18.905217878458068,36.4906632629116,blues
-173.81045532226562,137.17355346679688,-23.72303009033203,26.979677200317383,-16.67521095275879,4.194730281829834,-12.57178783416748,5.851668834686279,-2.87695050239563,-1.1783809661865234,-1.9682403802871704,1.8011796474456787,-3.0069501399993896,1410.023423440256,2765.967419971723,0.06295882576856149,0.1427881121635437,0.4620899558067322,0.17099188268184662,0.19255664944648743,0.3783566951751709,0.3539496660232544,0.45925694704055786,0.27628472447395325,0.3239614963531494,0.18765363097190857,0.20239794254302979,0.3235996961593628,0.3165386915206909,161.4990234375,16.17231863362414,16.37877382419769,21.30386076516199,21.594250074124172,18.67648789043173,17.765835133664403,35.72235552424617,blues
-287.931884765625,124.0107650756836,5.467447757720947,33.66307067871094,1.0916539430618286,14.703699111938477,-4.881141662597656,8.668891906738281,0.7843316197395325,6.576079845428467,-4.875815391540527,-3.1767611503601074,-5.538258075714111,1352.742709723766,2880.9110920279873,0.043930584759280744,0.06570573896169662,0.24834033846855164,0.23031722009181976,0.30519604682922363,0.41412031650543213,0.6587241888046265,0.5417940616607666,0.3526598811149597,0.3485594093799591,0.34550514817237854,0.34785592555999756,0.27667346596717834,0.32090237736701965,161.4990234375,27.473330850665782,16.88245596638507,17.70137483223444,17.876979839518352,17.39856772502741,16.091328600156487,32.16006630101927,blues
-207.23829650878906,132.82740783691406,-15.454079627990723,60.98097229003906,0.7190260291099548,12.461328506469727,1.163385033607483,-1.5329197645187378,-17.895849227905273,8.360363006591797,-2.4596505165100098,-0.5846391916275024,0.3722643554210663,1360.6856016703396,2738.8302548578886,0.06909500676720805,0.11898959428071976,0.3037392497062683,0.16060717403888702,0.21950672566890717,0.20335964858531952,0.19669218361377716,0.26667124032974243,0.30215826630592346,0.15772297978401184,0.18236224353313446,0.2133907973766327,0.37535881996154785,0.6504870057106018,92.28515625,16.891745863969614,18.89233691441681,21.021541674873056,20.096252460339123,21.639422560360064,22.806531214096154,33.53688929320493,blues
-209.80392456054688,124.46475982666016,10.309393882751465,47.016357421875,6.478227138519287,15.415120124816895,-2.015941619873047,6.7262187004089355,-21.543222427368164,10.72083568572998,-5.532846450805664,-2.195727586746216,-3.0491855144500732,1324.527825294569,2711.4849187935033,0.0514017032820959,0.11312991380691528,0.12769457697868347,0.14224937558174133,0.17113925516605377,0.14699570834636688,0.18999658524990082,0.23210012912750244,0.1563587188720703,0.2167513519525528,0.3452761173248291,0.3849099278450012,0.691769540309906,0.37368300557136536,107.666015625,17.05654375039744,18.544415623637075,21.598669951170574,18.855842218597246,19.588296985931414,19.25489480117739,34.97303827149957,blues
-305.66436767578125,113.0710220336914,12.10733413696289,45.05219650268555,17.734384536743164,14.590070724487305,4.147995948791504,0.2263115644454956,-7.021586894989014,13.646476745605469,8.914210319519043,1.303798794746399,5.9549784660339355,1171.967431930455,2344.9874700913574,0.045036675850734724,0.06699823588132858,0.295979768037796,0.31584668159484863,0.29459625482559204,0.2398647964000702,0.294563353061676,0.31403106451034546,0.23693253099918365,0.2351801097393036,0.28398776054382324,0.3779186010360718,0.6206917762756348,0.43712398409843445,151.99908088235293,17.679678160015623,19.682804943313524,23.63086398098306,19.51601065377723,20.491167529556282,19.446793881410674,30.891390483189152,blues
-238.51962280273438,120.10218811035156,-4.221948146820068,42.29458999633789,5.923821926116943,13.911397933959961,5.350523948669434,1.8952672481536865,-16.92808723449707,12.343145370483398,3.938899517059326,-1.396682858467102,0.013027772307395935,1420.438571434397,2930.239280470563,0.06370125495456304,0.08060579746961594,0.270038902759552,0.1651015728712082,0.24188968539237976,0.24282658100128174,0.2829267382621765,0.2934614419937134,0.262432336807251,0.17003141343593597,0.19486075639724731,0.24148696660995483,0.3523685038089752,0.519353449344635,99.38401442307692,16.8547661227614,18.555580648738022,20.9636583595755,19.73258462790029,20.2910708291332,20.022597213674636,33.094510857584524,blues
-233.77281188964844,120.66433715820312,-3.1640923023223877,39.514827728271484,3.83152437210083,18.828155517578125,-3.6787381172180176,4.425468444824219,-14.96492862701416,17.57147789001465,1.8461248874664307,2.55008864402771,-1.2302391529083252,1455.0726339660955,3010.010388721723,0.06134406117072699,0.08142257481813431,0.23239263892173767,0.16875649988651276,0.14952142536640167,0.2785472273826599,0.40721017122268677,0.2495265007019043,0.2720712125301361,0.3548412621021271,0.5287469625473022,0.5378583073616028,0.2649032771587372,0.25382745265960693,103.359375,16.85070652317994,17.971228657029435,21.036506642583973,18.756802876808646,20.260904624405878,18.605217928650003,33.90790713420784,blues
-245.6872100830078,140.4812469482422,-2.7912187576293945,60.40451431274414,18.903512954711914,9.828393936157227,3.563823938369751,0.5228626728057861,-16.378488540649414,6.6293535232543945,7.258424282073975,-4.021234512329102,1.6011250019073486,1089.0053435041514,2135.41761075261,0.048326248912412995,0.09327623248100281,0.30274367332458496,0.207266703248024,0.1575661450624466,0.15969352424144745,0.30663740634918213,0.2563744783401489,0.2543010413646698,0.31278470158576965,0.4252115786075592,0.5784972310066223,0.35299786925315857,0.3126504123210907,161.4990234375,15.957412746097543,18.98860000072543,22.634809353106537,19.932510666037594,21.300872660004853,21.695854067757423,31.49684493301689,blues
-252.48178100585938,104.94515991210938,15.2964448928833,42.68783950805664,6.77045202255249,21.611764907836914,-1.3111783266067505,5.6817450523376465,-16.636873245239258,12.169349670410156,-1.9619532823562622,1.9602652788162231,-0.8982276320457458,1537.4913865266892,3495.331815998405,0.056141769987432324,0.07967066019773483,0.21087254583835602,0.1609884351491928,0.1892978847026825,0.20331990718841553,0.2173755019903183,0.280020147562027,0.32929402589797974,0.25057709217071533,0.3302189111709595,0.37681806087493896,0.2984076142311096,0.39363691210746765,83.35433467741936,18.179413740894983,18.670310531688646,23.509211266226693,18.935473843861725,19.752488417598524,18.244366642928565,34.693799940717874,blues
-236.67947387695312,138.4055938720703,-4.930479526519775,47.65449905395508,5.15785026550293,8.887805938720703,0.4874056577682495,-3.788341999053955,-14.98486614227295,10.428945541381836,-0.34138432145118713,0.7833588719367981,1.780983805656433,1195.4981309471507,2235.6144526718385,0.05888603900812065,0.09761591255664825,0.19479884207248688,0.19424152374267578,0.15759365260601044,0.2542765140533447,0.34069913625717163,0.146967813372612,0.13919761776924133,0.24395091831684113,0.4377344250679016,0.5545780658721924,0.2522876262664795,0.17302025854587555,123.046875,16.514078329475538,18.341678551700845,22.74198133329287,19.2571865640276,20.71006749033866,20.673343119529278,32.13162145688698,blues
-230.36378479003906,127.07772827148438,7.114696025848389,39.76705551147461,1.9217216968536377,17.410606384277344,-5.626917839050293,8.2406644821167,-18.116039276123047,13.844724655151367,-3.757110834121704,2.5798490047454834,-4.316714286804199,1390.3828142454288,3006.1467358794953,0.05258634232405259,0.07542555034160614,0.24969862401485443,0.172549307346344,0.21799390017986298,0.29246851801872253,0.4961915612220764,0.24927708506584167,0.22601483762264252,0.3427833616733551,0.38807401061058044,0.29929012060165405,0.28331294655799866,0.41454416513442993,135.99917763157896,16.313567698097117,15.951271935066995,20.526270139114605,17.660601140712814,18.52977133775778,17.2324922148112,34.27820286558109,blues
-264.6712646484375,138.85433959960938,11.167329788208008,48.52392578125,14.904313087463379,20.586437225341797,3.206176280975342,1.2635793685913086,-15.839372634887695,15.975111961364746,3.35821795463562,-1.506640911102295,1.896921157836914,1046.775126610449,1831.2215641313805,0.047907452387857694,0.10108429938554764,0.23314039409160614,0.16188839077949524,0.1800544112920761,0.21771018207073212,0.3867713212966919,0.5578677654266357,0.45691484212875366,0.4429668188095093,0.40354594588279724,0.29668956995010376,0.2841384708881378,0.2340337634086609,99.38401442307692,19.322358005677096,18.657456770732185,22.57909481651798,20.371385163234155,21.41897879375225,20.521571835170224,32.14082354565125,blues
-233.96311950683594,136.14453125,3.306636095046997,48.930625915527344,8.705183982849121,13.989510536193848,5.362715721130371,0.41018909215927124,-13.483556747436523,16.860368728637695,5.134751796722412,-2.230727434158325,3.9538214206695557,1155.869256708858,2169.63258818518,0.05856995903422274,0.11337931454181671,0.38983404636383057,0.2330634742975235,0.21168066561222076,0.2565474808216095,0.32922986149787903,0.49539053440093994,0.3558148145675659,0.3201647102832794,0.2815283536911011,0.3177157938480377,0.2505590319633484,0.23779843747615814,99.38401442307692,18.64693501673907,17.909849830576533,22.696182284091694,20.280218302868697,21.422666660398022,21.982648496803126,33.045777834653244,blues
-227.25579833984375,137.7651824951172,-14.502317428588867,63.57535934448242,5.601748466491699,11.988768577575684,1.8891490697860718,-1.8709355592727661,-7.618034839630127,-2.4516425132751465,-2.898021697998047,-9.43382453918457,-10.939208030700684,1210.1413910383078,2521.9827390878772,0.052467009860788866,0.10193510353565216,0.20817874372005463,0.2739205062389374,0.18811945617198944,0.2079268991947174,0.4832458794116974,0.2290305346250534,0.1246895119547844,0.1648741364479065,0.2821386456489563,0.6510635614395142,0.3653882145881653,0.1911078542470932,95.703125,16.078430126264973,19.50074359160606,24.15746402203703,21.213913106124988,20.585728582883952,20.626921854613617,30.660784729922064,blues
-274.3768310546875,130.40737915039062,-6.357468605041504,70.38822174072266,13.269662857055664,9.472180366516113,7.733089447021484,-1.2365492582321167,-0.5709878206253052,-2.2971627712249756,3.7794153690338135,0.0854821652173996,-0.9368571639060974,1120.1665687071636,2324.212009226363,0.04727604770881671,0.08692266792058945,0.30598631501197815,0.23333077132701874,0.2313605397939682,0.17506884038448334,0.20530390739440918,0.23783105611801147,0.1178155392408371,0.08231531828641891,0.12756331264972687,0.29739895462989807,0.6092572808265686,0.5336042046546936,103.359375,16.01476338288691,21.704744410477684,23.978363650116822,20.157896616329765,20.047590995938116,21.2692196413072,28.824411273467128,blues
-249.31532287597656,131.00030517578125,0.6778696775436401,66.70416259765625,17.911272048950195,4.623277187347412,6.603808879852295,1.2421156167984009,1.4099406003952026,-1.5849273204803467,-0.9725387096405029,-3.572615385055542,-2.9297993183135986,1109.3207630441668,2243.3167778422276,0.051697390999613305,0.08916590362787247,0.24255427718162537,0.209579199552536,0.2664751410484314,0.18082720041275024,0.2367551624774933,0.30517634749412537,0.13574521243572235,0.11208099871873856,0.1763918697834015,0.43706873059272766,0.7760871052742004,0.41263797879219055,92.28515625,14.451171499090927,18.318366806964843,22.940932473606765,20.230247570419674,20.238832957228574,20.78675865138467,30.204763162687954,blues
-284.64056396484375,108.80130767822266,9.085318565368652,51.198062896728516,18.071889877319336,7.602154731750488,8.755716323852539,2.354090690612793,0.003367176977917552,2.248495578765869,4.199125289916992,-3.2830638885498047,1.6176828145980835,1198.8570176825062,2478.8330644576567,0.05197268646075019,0.07705383002758026,0.37540915608406067,0.24692568182945251,0.21814566850662231,0.1488172858953476,0.20565739274024963,0.36973118782043457,0.20062118768692017,0.15378378331661224,0.19790977239608765,0.24965275824069977,0.4666782021522522,0.5095568895339966,83.35433467741936,17.452951288876264,19.930426470690218,23.14162330552601,21.202918830079415,21.686411688890626,20.32289861036271,29.925811236388242,blues
-228.2098388671875,130.3231658935547,-23.311424255371094,70.2009506225586,1.1310546398162842,7.5844268798828125,0.9005107283592224,1.9828155040740967,-6.16441535949707,-9.382747650146484,-2.5637800693511963,-4.525752544403076,-0.2604644000530243,1392.0263572927067,2811.740048578886,0.07241441294470224,0.09575478732585907,0.39006534218788147,0.23868659138679504,0.2806508541107178,0.2453484833240509,0.41357553005218506,0.2971040904521942,0.2020799219608307,0.1252821385860443,0.16353553533554077,0.2144532948732376,0.33187898993492126,0.5615290403366089,95.703125,18.53773291364323,19.93397201587129,24.465560146178316,22.178371231411607,22.386502540989593,22.86035008649645,30.795587440907376,blues
-248.9888153076172,139.0577392578125,-16.270870208740234,57.137149810791016,20.188508987426758,10.186957359313965,4.542910575866699,0.3310719430446625,-7.874578475952148,-3.4545717239379883,-2.6574361324310303,-2.8329575061798096,-0.9046585559844971,1115.5894796268244,2290.6881593496228,0.04801998743232792,0.09954791516065598,0.2911837100982666,0.2208682745695114,0.2587514817714691,0.17773187160491943,0.21091914176940918,0.3096267580986023,0.16718782484531403,0.10157466679811478,0.16208432614803314,0.3374146521091461,0.5993866920471191,0.47659966349601746,103.359375,15.103052586930234,20.19685256716612,22.84958230361597,20.08113015224593,20.186038214993026,21.053214062775798,30.324195059677304,blues
-233.72897338867188,101.19027709960938,17.647951126098633,23.734174728393555,2.0825440883636475,25.936399459838867,-16.956388473510742,15.084955215454102,-22.273956298828125,4.381612300872803,-23.201658248901367,-6.050580024719238,-5.067928314208984,1648.8848322083286,3760.300128697796,0.05289486961040216,0.1246841549873352,0.26921844482421875,0.3569551110267639,0.47367963194847107,0.4312090277671814,0.28164535760879517,0.2259441763162613,0.20370931923389435,0.22682103514671326,0.24057123064994812,0.31929266452789307,0.17705655097961426,0.16014045476913452,129.19921875,35.205824831520836,21.48600830544392,25.39036841937677,21.785650896333777,21.447614184109284,19.73666703906191,40.09604316519427,blues
-206.9323272705078,117.80413818359375,23.241363525390625,28.308992385864258,-1.126013159751892,18.867393493652344,-21.9730224609375,17.844066619873047,-25.595348358154297,2.1395232677459717,-17.7824764251709,-8.011028289794922,-17.610441207885742,1379.0236797531356,3015.6143507105567,0.039366118039443156,0.1700020432472229,0.24562273919582367,0.1638699322938919,0.19971714913845062,0.27159383893013,0.29270845651626587,0.46752873063087463,0.3755134344100952,0.3863247334957123,0.2224520444869995,0.16297578811645508,0.20574137568473816,0.16624271869659424,143.5546875,36.750027457337715,21.67925759858483,24.460080469539044,22.644963327287115,21.57147212650166,20.52371646039521,40.26876790416229,blues
-221.87301635742188,110.85540008544922,18.63608169555664,30.922962188720703,3.296435832977295,22.585636138916016,-20.403690338134766,12.121832847595215,-26.3325138092041,-4.367300987243652,-26.395551681518555,-13.047178268432617,-12.667627334594727,1330.6062681557469,2898.630603338892,0.04294722484048724,0.1514756679534912,0.13404491543769836,0.28729888796806335,0.44929617643356323,0.3312367796897888,0.1556701362133026,0.10285582393407822,0.19868531823158264,0.28701695799827576,0.24915197491645813,0.41897180676460266,0.24752318859100342,0.18285931646823883,151.99908088235293,36.23635438237149,22.601657733822606,27.629182851138093,23.70754247361265,23.311230477201455,21.72395267462617,40.27817604055394,blues
-288.7326965332031,105.90115356445312,18.776206970214844,23.682645797729492,5.682041168212891,25.548940658569336,-13.463247299194336,12.437668800354004,-11.963669776916504,1.5746146440505981,-15.640524864196777,-6.632071018218994,-11.693038940429688,1309.7746510229813,2765.2346582257833,0.03938839846771075,0.10122466087341309,0.35346487164497375,0.2188635915517807,0.1967010349035263,0.18280252814292908,0.2235596925020218,0.29604747891426086,0.3115639090538025,0.43498292565345764,0.2772199213504791,0.24801255762577057,0.29694506525993347,0.2740657925605774,123.046875,36.958439822418214,24.479932967697955,23.828491617804918,22.565115588775697,23.408334147708032,20.730888908593357,36.89661964258129,blues
-238.96987915039062,108.68232727050781,34.158817291259766,30.20716094970703,-0.49822142720222473,27.279754638671875,-21.3779296875,14.166391372680664,-24.50922393798828,-1.8904002904891968,-28.051816940307617,-11.257109642028809,-16.457557678222656,1430.6028402421157,3246.1678418648494,0.04197368341550657,0.13316597044467926,0.31225836277008057,0.21676723659038544,0.17699015140533447,0.15533997118473053,0.24401144683361053,0.4567616283893585,0.31697580218315125,0.2353542000055313,0.21037855744361877,0.26926448941230774,0.28182485699653625,0.25340771675109863,151.99908088235293,37.024048946040665,21.679132379137833,25.75726879169786,23.243619530397762,21.384351813003985,21.0455685596009,39.96958797784499,blues
-217.1836395263672,105.78521728515625,15.602849006652832,25.24884033203125,-1.4500505924224854,30.193269729614258,-17.716623306274414,17.319042205810547,-27.21360206604004,4.338281631469727,-20.057300567626953,-10.700284957885742,-14.228784561157227,1537.0761619483683,3602.40662612384,0.04570244525812065,0.13590334355831146,0.23813936114311218,0.326014906167984,0.4690561592578888,0.38127318024635315,0.24755769968032837,0.2387213557958603,0.19899211823940277,0.21244041621685028,0.23597267270088196,0.3141157031059265,0.15829181671142578,0.12548230588436127,129.19921875,35.42910584802809,21.971689764493977,25.415761448241938,22.482012959140757,21.492555843271983,20.89002273549704,40.468846564705366,blues
-171.79478454589844,120.28173065185547,15.331751823425293,21.094314575195312,-5.395445823669434,24.185546875,-24.13084602355957,18.545135498046875,-22.342926025390625,1.3107404708862305,-20.765268325805664,-4.991690635681152,-17.10812759399414,1507.1579850499309,3405.5518484447507,0.04541997474381284,0.17326459288597107,0.19496990740299225,0.17143933475017548,0.25228920578956604,0.296024888753891,0.33841803669929504,0.3786536455154419,0.2936968505382538,0.29377949237823486,0.2850363850593567,0.35732534527778625,0.398264080286026,0.19942857325077057,129.19921875,34.94382761974462,21.532891672298533,24.482615346667885,24.142648902390164,22.36195540370055,19.768251776221017,40.890078265926185,blues
-200.1853790283203,116.34859466552734,17.990737915039062,25.287696838378906,0.28717073798179626,24.19377326965332,-22.253931045532227,11.182933807373047,-26.854318618774414,-7.637254238128662,-24.876745223999023,-12.010828971862793,-17.02494239807129,1247.5800479447862,2621.496780289298,0.03690734060808198,0.19766893982887268,0.26551851630210876,0.13945214450359344,0.13098150491714478,0.14862848818302155,0.2569226622581482,0.5004205107688904,0.27031171321868896,0.12934012711048126,0.17691464722156525,0.24980735778808594,0.3171377182006836,0.21448473632335663,151.99908088235293,36.18919899802275,21.653738313934344,26.536942054056347,23.154345231954693,22.67244770574803,21.191425169743475,40.09977674977688,blues
-328.5601806640625,102.7098159790039,19.872596740722656,26.714405059814453,7.152065753936768,22.70838737487793,-6.957088470458984,12.78970718383789,-10.72928237915039,-0.44259920716285706,-12.386710166931152,-8.909131050109863,-9.215009689331055,1188.4732078138645,2339.8331573557134,0.048163866130123745,0.06915838271379471,0.32079756259918213,0.12669597566127777,0.08789839595556259,0.19910600781440735,0.3408595025539398,0.6230329275131226,0.35185369849205017,0.19937574863433838,0.2056269645690918,0.17801453173160553,0.16849692165851593,0.18225127458572388,123.046875,32.749557518431104,21.179038753568264,24.464702972890116,24.944003474681736,24.941260462325776,22.832690405835915,35.12495218927354,blues
-192.69032287597656,111.15748596191406,21.351842880249023,26.396648406982422,-0.6495013236999512,23.48704719543457,-25.476696014404297,16.921979904174805,-16.97193145751953,5.785404205322266,-25.736196517944336,-5.053073883056641,-17.632251739501953,1514.1569585845884,3451.7991068191704,0.044373172249613305,0.1680171936750412,0.12085098028182983,0.10098543018102646,0.1766868233680725,0.3555172383785248,0.26488590240478516,0.24457882344722748,0.291239857673645,0.3112275004386902,0.3462352454662323,0.31755831837654114,0.4433916509151459,0.21700122952461243,129.19921875,34.81426126106293,23.602114040612033,24.303370319031384,22.982579526672975,22.932255349732287,20.718507815727783,40.97559673945938,blues
-301.7080383300781,111.53327941894531,21.896053314208984,16.150569915771484,8.198789596557617,22.08191680908203,-8.601798057556152,1.4827529191970825,-17.0777587890625,-8.343711853027344,-17.010778427124023,-10.576026916503906,-15.687028884887695,1151.310495788512,2312.1797282845127,0.03532089858855375,0.08582264184951782,0.3303682506084442,0.2263725996017456,0.18004202842712402,0.16491582989692688,0.2833836078643799,0.4825182259082794,0.24697601795196533,0.14491209387779236,0.1779167652130127,0.2869643568992615,0.2842269837856293,0.25558626651763916,117.45383522727273,36.65735989659038,22.49837035576547,25.463459987716636,22.375901147058535,22.286322342680233,20.014452039323803,35.206368183045406,blues
-110.2850341796875,90.71587371826172,-2.5352985858917236,74.06490325927734,-11.763081550598145,39.21094512939453,-13.171310424804688,20.5441951751709,-17.162982940673828,12.813969612121582,-21.43714714050293,5.957196235656738,-8.02690601348877,2272.4696393575086,5108.157072487674,0.09764303279679042,0.13481365144252777,0.3762999176979065,0.4515623450279236,0.35624080896377563,0.43875375390052795,0.29064685106277466,0.28433147072792053,0.3264366686344147,0.48965853452682495,0.6703285574913025,0.45785656571388245,0.336238294839859,0.2970620393753052,117.45383522727273,18.357192909243405,14.835403099208744,20.11382006152134,18.19678670710932,18.655350119263815,17.27299739382323,41.63756288609503,blues
-107.20325469970703,88.4928970336914,-4.171899795532227,55.477848052978516,-8.017714500427246,38.413597106933594,-6.413660526275635,28.57575035095215,-19.8199405670166,13.244699478149414,-19.248565673828125,12.076122283935547,-4.582266807556152,2390.421813618198,5403.593285509716,0.10226074596384377,0.12910546362400055,0.32435503602027893,0.3589438498020172,0.41985636949539185,0.5677462220191956,0.303768128156662,0.2516188323497772,0.3246229290962219,0.39394134283065796,0.4535377621650696,0.4270082712173462,0.4911220371723175,0.32718488574028015,129.19921875,19.724977948154997,14.572250613918644,20.110925410880164,19.0878357557199,18.699991263253867,17.855051847146616,42.46115800646096,blues
-159.5803985595703,69.80601501464844,-4.402106761932373,76.8451156616211,3.914897918701172,45.17588806152344,-4.860273838043213,32.20158004760742,-9.805073738098145,7.8093581199646,-21.826738357543945,9.69575023651123,-2.5847606658935547,2301.5769168965485,5187.511838837732,0.09782391966357308,0.11094040423631668,0.4521309733390808,0.4842475354671478,0.3459945619106293,0.24868522584438324,0.3124336302280426,0.3651798963546753,0.426039457321167,0.36129751801490784,0.3295366168022156,0.3444245457649231,0.39552634954452515,0.4668595492839813,89.10290948275862,22.57746807126643,17.485054112988657,20.108599239043638,20.579563663560798,22.505198300631992,19.216002072262224,41.44107281703621,blues
-109.14068603515625,100.61965942382812,-8.666454315185547,47.35472869873047,-6.568465232849121,39.61775588989258,-8.521924018859863,29.572608947753906,-16.594837188720703,13.170881271362305,-24.213415145874023,6.583019256591797,-8.652446746826172,2155.845202161907,5011.532444079901,0.08717463022041763,0.12730543315410614,0.4476816952228546,0.3152099847793579,0.3225276470184326,0.36751508712768555,0.4088803231716156,0.3672954738140106,0.46388402581214905,0.3801330327987671,0.41949355602264404,0.3852854371070862,0.39022108912467957,0.5190848112106323,129.19921875,19.27542473271087,14.134068190360031,18.05047171934295,17.746985026482317,17.800938874602682,16.59331371029615,41.943778126153475,blues
-109.53125,86.92879486083984,-8.606024742126465,64.48048400878906,-6.302874565124512,43.64593505859375,-8.295384407043457,28.543197631835938,-14.081490516662598,8.13796615600586,-21.48411750793457,11.087111473083496,-5.095303058624268,2279.0311186490417,5198.686455463312,0.09252533171403712,0.1362091600894928,0.31810447573661804,0.4362199008464813,0.43415260314941406,0.4649161100387573,0.3147597312927246,0.26117202639579773,0.3277513384819031,0.3501995801925659,0.48048871755599976,0.4684210419654846,0.4979001581668854,0.32732418179512024,135.99917763157896,19.85716395718085,14.497945021127647,19.577633006150208,18.914727213741255,19.526529331348545,17.153460582533967,42.57884552612407,blues
-163.24342346191406,89.7838363647461,12.974767684936523,80.69834899902344,3.663784980773926,39.734092712402344,-5.409265995025635,26.490928649902344,-13.169032096862793,2.7055442333221436,-20.547697067260742,6.011404991149902,-2.9064910411834717,1739.1187830723618,4551.058301460992,0.048048310010634185,0.14828185737133026,0.4138147234916687,0.3768790662288666,0.32688087224960327,0.3764837384223938,0.3155851364135742,0.28809085488319397,0.3601861596107483,0.4306950867176056,0.5446734428405762,0.5705837607383728,0.6343094110488892,0.5180447697639465,129.19921875,24.193580660338814,15.856104238958583,19.497139148902576,17.594862685255677,19.720247941413334,17.328536701911695,39.33725171527512,blues
-182.6048126220703,90.67420959472656,14.124648094177246,67.55298614501953,2.6751463413238525,38.43041229248047,-8.41917610168457,24.12371253967285,-13.794528007507324,4.840575695037842,-16.679119110107422,5.827117443084717,-5.14639139175415,1913.013075046242,4777.714832420968,0.05845780162412993,0.1025458574295044,0.29647740721702576,0.41974323987960815,0.42353346943855286,0.48035678267478943,0.3637610077857971,0.2650901973247528,0.3494659662246704,0.4017271101474762,0.5101563930511475,0.45476996898651123,0.3903985023498535,0.3008004128932953,123.046875,21.022441395768524,16.569483756112785,19.795945768075722,17.488353887778874,18.629566037705093,17.089817761209552,39.32806951717611,blues
-149.96421813964844,93.66389465332031,6.347332954406738,71.49793243408203,-8.129108428955078,36.19367980957031,-9.783754348754883,17.647096633911133,-21.112295150756836,-0.130592480301857,-22.204635620117188,5.426575183868408,-7.46439790725708,2013.0124617688691,4848.792721777118,0.07532370818832174,0.11219958961009979,0.31126707792282104,0.4600308835506439,0.27093490958213806,0.3213554322719574,0.5382283329963684,0.3084808588027954,0.33225131034851074,0.3115898072719574,0.43027207255363464,0.2554287314414978,0.21250420808792114,0.2847267687320709,151.99908088235293,23.659685031159015,15.896915943176355,20.915503902131995,18.09648132545697,18.73935706233464,18.371490553084296,41.056167605749465,blues
-106.3966293334961,102.669189453125,-20.16087532043457,59.36691665649414,-9.960423469543457,33.702369689941406,-14.1870698928833,23.524564743041992,-13.328021049499512,16.005510330200195,-18.926494598388672,7.824948310852051,-7.797835826873779,2148.129104035021,4672.105545787413,0.09876687270398299,0.12389669567346573,0.32967373728752136,0.39710792899131775,0.4182035028934479,0.46897780895233154,0.2986712157726288,0.2749343514442444,0.3268033266067505,0.3841665983200073,0.4596168100833893,0.400613933801651,0.47278130054473877,0.3225553631782532,123.046875,20.566776213208072,14.942359054817194,18.77762363203189,18.583373614899198,18.814906224197575,18.031013007465603,41.52354547763416,blues
-255.96311950683594,110.83973693847656,21.4660701751709,67.55891418457031,4.295572757720947,43.09500503540039,-4.502763748168945,10.435256958007812,-8.718684196472168,1.6503064632415771,-20.581207275390625,-2.4358413219451904,-7.1460280418396,1318.6118508553814,3046.5652076384863,0.039961269818252126,0.08853808790445328,0.2747996151447296,0.36551302671432495,0.3468473255634308,0.328998327255249,0.21967780590057373,0.23847559094429016,0.1878243386745453,0.17453855276107788,0.21840068697929382,0.25680091977119446,0.4224075675010681,0.29683348536491394,123.046875,25.49948780762328,19.087106875937767,20.61833835672401,17.980878220001397,19.85412265292952,18.932913953770658,35.81511106518343,blues
-83.02947998046875,107.10442352294922,-25.338031768798828,57.1057014465332,0.07983577996492386,34.69768142700195,-11.06030559539795,20.54429054260254,-11.203025817871094,14.82552719116211,-10.235623359680176,12.54819107055664,-9.764641761779785,1945.2525228542231,4174.460398238109,0.08579060022718484,0.1822851598262787,0.4240018427371979,0.31038323044776917,0.38508814573287964,0.42760616540908813,0.45190703868865967,0.364714652299881,0.4060389995574951,0.30228546261787415,0.327260822057724,0.3941403329372406,0.44227272272109985,0.5764098167419434,135.99917763157896,19.97645038650213,15.886521349765397,17.24197426151808,17.971298127435013,18.395124260511007,17.102383350962548,41.33362966329183,blues
-55.631004333496094,114.95140075683594,-37.04922103881836,64.90031433105469,-7.169982433319092,15.256333351135254,-16.24761962890625,18.64631462097168,-9.762151718139648,21.460813522338867,-5.66246223449707,12.791810035705566,-16.540878295898438,1977.0957174136204,3943.357335774362,0.10660165313225058,0.19659239053726196,0.27404549717903137,0.2979404628276825,0.36342352628707886,0.4812735915184021,0.5492936372756958,0.4152977466583252,0.35454708337783813,0.39159584045410156,0.44056403636932373,0.38723433017730713,0.3817421495914459,0.38746803998947144,99.38401442307692,22.301455959695705,14.470150753226541,17.724374385280104,18.03681755532141,17.76522039696438,19.24811784854392,41.311447699971175,blues
-225.26271057128906,117.62647247314453,-14.538811683654785,64.79437255859375,12.911808967590332,19.03666877746582,10.670199394226074,9.886923789978027,-2.393740177154541,11.683764457702637,1.5412837266921997,3.0635995864868164,-7.625614643096924,1443.75011263222,3070.6131158461426,0.0671879531612529,0.09884554147720337,0.4040432870388031,0.29733917117118835,0.24487248063087463,0.190555140376091,0.2687171697616577,0.33117106556892395,0.42022836208343506,0.6233358979225159,0.42822596430778503,0.29901301860809326,0.2724880874156952,0.28810447454452515,151.99908088235293,24.48316967732272,18.761204503741844,20.148270408061794,20.657235369670484,20.51769640131856,20.848189190425654,33.221774251521325,blues
-76.74658203125,105.75111389160156,-43.19778060913086,60.95989227294922,-8.785326957702637,21.246374130249023,-12.868537902832031,18.610828399658203,-11.40945053100586,14.548587799072266,-6.056464672088623,12.733198165893555,-9.375088691711426,2171.395742272047,4237.303044790458,0.1328151434406419,0.1682385951280594,0.4237270951271057,0.4638914167881012,0.43562111258506775,0.44243553280830383,0.3033592700958252,0.39098894596099854,0.5002803206443787,0.39927345514297485,0.4170759320259094,0.3634237051010132,0.40568214654922485,0.40354999899864197,103.359375,20.44461176701037,14.926194261535333,18.475299786456343,18.42112088645446,18.928495303136522,19.783387565416227,40.60955603363404,blues
-57.941680908203125,109.00659942626953,-36.21866989135742,64.04491424560547,1.4201570749282837,26.31841468811035,-17.484891891479492,20.425649642944336,-9.550731658935547,18.168363571166992,-6.06498384475708,13.874469757080078,-11.295740127563477,2030.617038436817,4063.222169101653,0.10339893597737819,0.2008397877216339,0.36975568532943726,0.47393736243247986,0.54708331823349,0.4798683226108551,0.5048332214355469,0.3861165940761566,0.40727537870407104,0.42249271273612976,0.49911510944366455,0.5493522882461548,0.42881035804748535,0.3659152388572693,92.28515625,21.76431487486392,13.680111427363329,17.36737155087853,16.587502192621496,17.562087236301757,17.61745127730537,41.55057513408732,blues
-98.77110290527344,104.79962158203125,-35.09716796875,60.69519805908203,-2.8405916690826416,22.229469299316406,-7.831078052520752,19.03541374206543,-11.572286605834961,17.01787567138672,-5.378026962280273,12.197646141052246,-9.955081939697266,2031.9933849222396,4023.536459088602,0.11311924485208817,0.157663032412529,0.4245080053806305,0.375672847032547,0.3972523510456085,0.31798866391181946,0.4717937409877777,0.479388952255249,0.5311403870582581,0.5682767629623413,0.4023188650608063,0.40514156222343445,0.41315287351608276,0.4099167287349701,135.99917763157896,19.687673431860798,14.497122656552614,18.048602482404984,18.249999806902487,18.701079685511115,19.44020242694952,39.970755949187485,blues
-145.29241943359375,102.85078430175781,-12.567544937133789,56.99361801147461,2.2211055755615234,26.61408233642578,-4.2984299659729,17.34142303466797,-8.016129493713379,15.23747444152832,-6.9487624168396,7.47066068649292,-10.477944374084473,1811.5485980815154,3927.985992785673,0.07550308451759474,0.13775411248207092,0.29452550411224365,0.27192196249961853,0.4010947346687317,0.40661677718162537,0.518402099609375,0.4150226414203644,0.4375933110713959,0.41844698786735535,0.3771558701992035,0.3906988501548767,0.34149616956710815,0.4190223515033722,161.4990234375,24.96232569670197,19.14603893156536,20.47305106108359,19.11942322841877,20.5118010595897,19.6999974705703,39.61275509929708,blues
-92.7332763671875,115.32343292236328,-35.0682258605957,57.875343322753906,1.8522306680679321,26.613142013549805,-14.536866188049316,22.12833023071289,-8.207464218139648,11.016057968139648,-5.649425506591797,7.278642177581787,-10.2041654586792,1886.9577813534856,3828.2471269576567,0.08993966913186388,0.1759180724620819,0.41203659772872925,0.3602508306503296,0.40030452609062195,0.42995476722717285,0.4868333041667938,0.46076610684394836,0.5122360587120056,0.38315799832344055,0.3502970337867737,0.3750908672809601,0.4079218804836273,0.5142140984535217,92.28515625,22.983004645170617,15.3305147174805,17.449730735502406,17.373061787843483,18.322666405342776,17.229377216625224,40.05806573023908,blues
-95.44058990478516,105.23432922363281,-26.953481674194336,60.81648635864258,-4.854668140411377,21.543472290039062,-13.520524024963379,12.135529518127441,-20.2319278717041,12.156193733215332,-5.226213455200195,10.26781940460205,-9.459799766540527,2068.3321715131897,4231.815658533933,0.10435170751160093,0.16190661489963531,0.3492790758609772,0.463458776473999,0.4121699929237366,0.48248767852783203,0.30605244636535645,0.28159844875335693,0.37192651629447937,0.30505648255348206,0.33820369839668274,0.2933861315250397,0.28728270530700684,0.3909023702144623,107.666015625,20.821786251632446,16.54747265132967,20.114741986443086,18.826859114317898,18.716855327916207,19.916011065688853,40.52840318385996,blues
-86.26868438720703,91.95877838134766,-23.415851593017578,68.26197052001953,-3.8848531246185303,22.7470645904541,-9.89794635772705,16.88896942138672,-11.390698432922363,18.42913246154785,-7.0125508308410645,10.75953197479248,-11.94384479522705,2235.5723889220876,4389.459355967228,0.1422416527697216,0.1699170023202896,0.4520763158798218,0.40451544523239136,0.4144081771373749,0.2743662893772125,0.3709237277507782,0.44354918599128723,0.43165016174316406,0.526506245136261,0.36678361892700195,0.3939460217952728,0.408627450466156,0.38429445028305054,107.666015625,20.564623950343524,15.107701980044874,18.106628822771583,18.256247886085745,19.600714339133955,20.141057392280455,41.58498937456569,blues
-67.76102447509766,111.7113037109375,-34.64625549316406,61.31954574584961,0.0442020557820797,30.561481475830078,-12.693843841552734,21.164926528930664,-13.122509002685547,16.284252166748047,-6.337016582489014,12.300311088562012,-12.475308418273926,1946.448570450021,3955.7143633990718,0.09742287195475638,0.19617338478565216,0.31149426102638245,0.36671459674835205,0.4452613890171051,0.43729814887046814,0.5653125047683716,0.41445982456207275,0.424208402633667,0.3865548372268677,0.46534866094589233,0.5949354767799377,0.42152833938598633,0.33706995844841003,151.99908088235293,20.743924275207625,14.323908445538965,16.793103443356706,17.505281396405863,18.432222771417898,17.52625386959595,41.428774488804386,blues
-82.52998352050781,94.16450500488281,-27.11260223388672,75.65927124023438,-27.521812438964844,35.577274322509766,-20.303491592407227,25.11202621459961,-15.370208740234375,11.353972434997559,-13.391486167907715,8.147319793701172,-8.5005464553833,2503.9377448690093,5077.364425482164,0.16753371519721577,0.14166255295276642,0.36954930424690247,0.3148382604122162,0.5480679273605347,0.3569073975086212,0.5213218331336975,0.45568761229515076,0.44219663739204407,0.48673370480537415,0.367360919713974,0.55985426902771,0.4925592839717865,0.5083784461021423,129.19921875,19.151600435390996,14.982212682946123,17.637420332773562,18.945557920505788,20.59978698747324,20.745769598418903,43.838300161317015,blues
-144.9233856201172,95.73299407958984,-21.61644172668457,49.62627029418945,-29.88751983642578,29.351144790649414,-18.850818634033203,17.902307510375977,-9.67082405090332,5.516722202301025,-9.557408332824707,6.359986782073975,-21.08871841430664,2280.154186884487,4732.98305856656,0.11714180624033256,0.10622777044773102,0.4404512941837311,0.2963408827781677,0.2961476743221283,0.2782242000102997,0.2616112530231476,0.4405735731124878,0.2779731750488281,0.34949347376823425,0.35201624035835266,0.24906322360038757,0.2452843338251114,0.2556351125240326,112.34714673913044,24.72972786433026,15.963467199385509,19.904545857934323,21.559868341619723,21.973146896204497,21.234124265342718,39.86762189332678,blues
-129.15756225585938,72.09806060791016,-7.771088600158691,49.25128173828125,-32.723228454589844,21.60696029663086,-27.371620178222656,15.00165843963623,-10.260744094848633,12.431696891784668,-17.031103134155273,7.120548248291016,-18.018095016479492,2839.8868647026125,5711.47812137471,0.15441054294760248,0.09622780233621597,0.47272345423698425,0.3147352635860443,0.3384650647640228,0.3451087474822998,0.28410184383392334,0.41333290934562683,0.2926171123981476,0.2940979599952698,0.3047359883785248,0.3246288597583771,0.28584206104278564,0.29428786039352417,92.28515625,22.950329338033598,16.31263812856826,20.449966145287515,20.170768362921574,19.725106605259025,19.600740094906065,42.51538902975222,blues
-85.13845825195312,88.80752563476562,-16.32556915283203,59.22816467285156,-35.98337936401367,14.397045135498047,-22.296472549438477,9.660772323608398,-14.823983192443848,11.181689262390137,-14.806865692138672,8.475102424621582,-19.58751106262207,2553.3610730069104,5148.284104915893,0.14683293153035576,0.11737103015184402,0.5866532325744629,0.3066353499889374,0.37013277411460876,0.26235464215278625,0.3097262978553772,0.6080474853515625,0.24216404557228088,0.25575584173202515,0.2365635335445404,0.3244045078754425,0.19718220829963684,0.2922990024089813,151.99908088235293,22.0169124009761,14.887839028071223,19.253795910303737,18.246811361417443,18.736780484196526,20.25772198143036,41.518388802535135,blues
-118.35662078857422,74.87531280517578,-19.8660888671875,46.94456100463867,-32.55982971191406,23.820112228393555,-26.35521125793457,17.678152084350586,-13.82485294342041,11.931674003601074,-17.888668060302734,7.539273738861084,-22.895130157470703,2816.3627737389425,5613.737696671984,0.14628196297370458,0.10029806196689606,0.5689042806625366,0.26256442070007324,0.21282967925071716,0.2443273663520813,0.2737176716327667,0.24874602258205414,0.24983438849449158,0.424112468957901,0.21913528442382812,0.2278306931257248,0.27057504653930664,0.3106688857078552,107.666015625,20.24682110498396,16.407884116967594,20.796057117390532,20.5334062867873,20.032842918685898,19.507968698280227,41.87932101699574,blues
-116.60201263427734,97.43106842041016,-13.891730308532715,48.9676399230957,-22.596460342407227,27.759014129638672,-20.245162963867188,18.63886260986328,-14.639585494995117,8.482747077941895,-16.644681930541992,11.017630577087402,-13.866873741149902,2340.7341614757443,4972.721052059164,0.12179161832946636,0.11043558269739151,0.3457154929637909,0.33229121565818787,0.4354149401187897,0.30326351523399353,0.38836991786956787,0.35463058948516846,0.31103846430778503,0.3521655797958374,0.30141592025756836,0.4372473657131195,0.46874165534973145,0.46638166904449463,161.4990234375,23.680361461760715,14.233353148315853,19.162914611360275,19.3430570044891,20.287609605174676,19.548255678002896,41.372880389748026,blues
-95.46356964111328,101.38745880126953,-20.677705764770508,48.668914794921875,-30.248262405395508,20.807701110839844,-18.291418075561523,14.138235092163086,-12.799490928649902,13.443615913391113,-14.068502426147461,7.7323503494262695,-19.215456008911133,2258.115149720309,4754.616183747825,0.1127057352088167,0.12903983891010284,0.2847328186035156,0.23300158977508545,0.3383571207523346,0.2749953269958496,0.4193899631500244,0.33403193950653076,0.3131571114063263,0.6011887192726135,0.38230782747268677,0.3137499690055847,0.2792820632457733,0.28088825941085815,161.4990234375,22.076648523828126,15.303156356300393,19.92811472601379,19.872276790675773,19.473923502516033,19.678034657866352,40.91877267805842,blues
-113.20137023925781,88.7260971069336,-8.926565170288086,49.47417449951172,-34.57909393310547,15.856428146362305,-17.740219116210938,14.707290649414062,-11.190546989440918,15.3687162399292,-15.068397521972656,8.749079704284668,-18.62926483154297,2513.3453575324424,5246.740637688515,0.13510738411156226,0.10304820537567139,0.3727051317691803,0.20984148979187012,0.2227511703968048,0.182472363114357,0.26463189721107483,0.5768778920173645,0.24421823024749756,0.25411513447761536,0.27483218908309937,0.39508873224258423,0.26470425724983215,0.21095335483551025,161.4990234375,21.853292584094934,14.174559756781964,19.447265688808308,20.153568951795595,19.315116716079878,20.366715259131652,40.9728239307033,blues
-121.47392272949219,96.0971908569336,-19.590856552124023,48.0384521484375,-38.784629821777344,24.768978118896484,-32.941410064697266,8.10254192352295,-17.81892204284668,6.117860317230225,-19.995437622070312,6.800339221954346,-19.333209991455078,2371.309053062196,5005.187393507105,0.12512877332269914,0.11649022251367569,0.2924332320690155,0.19063019752502441,0.34226393699645996,0.24152638018131256,0.36500003933906555,0.3985465466976166,0.2834252119064331,0.4356427490711212,0.2279987633228302,0.21458223462104797,0.25203362107276917,0.26055464148521423,123.046875,20.691166618192202,16.512684045645837,20.33187482138486,20.906680515592576,20.98955749076816,21.171613053861964,42.44029975160236,blues
-133.04896545410156,105.7388916015625,-22.158222198486328,41.830692291259766,-26.992502212524414,19.11857032775879,-26.566028594970703,19.23598289489746,-15.342011451721191,6.9899139404296875,-10.814380645751953,6.798669338226318,-11.726956367492676,2159.398277499849,4684.512534440255,0.09834769854505027,0.10609345138072968,0.4045827090740204,0.28494757413864136,0.2389233410358429,0.2734425663948059,0.34013208746910095,0.4559098780155182,0.3001370429992676,0.26514700055122375,0.25067710876464844,0.321499764919281,0.415414959192276,0.3226989507675171,143.5546875,22.271683972036872,16.511052110661193,20.327164992902937,20.204748010535933,19.748554556848102,19.126943854357833,40.210109686952286,blues
-89.39791107177734,93.79924011230469,-14.558412551879883,54.389488220214844,-33.50722885131836,19.428232192993164,-19.761512756347656,13.029955863952637,-13.864509582519531,14.617379188537598,-14.972617149353027,10.59898567199707,-18.020244598388672,2429.0040940870153,5065.090666237674,0.13464138328982986,0.12049756199121475,0.4831484854221344,0.24252651631832123,0.2509007155895233,0.23518051207065582,0.31502485275268555,0.6135305166244507,0.256430983543396,0.2629292607307434,0.2423315942287445,0.34609201550483704,0.19130060076713562,0.2225901186466217,143.5546875,23.103606813852245,14.387647403817622,19.961479287637587,18.767117040151806,19.420011844828238,20.833587581817188,41.5356605815058,blues
-118.7043228149414,87.64562225341797,6.5529913902282715,45.10232162475586,-38.91159439086914,20.823198318481445,-26.864547729492188,13.807368278503418,-17.236186981201172,5.111260890960693,-15.712020874023438,3.9887707233428955,-27.536579132080078,2594.7546880445243,5659.768457257831,0.1291906086861949,0.1038626953959465,0.2267010509967804,0.23781710863113403,0.48763346672058105,0.2589104473590851,0.37998950481414795,0.22034819424152374,0.28985482454299927,0.5230879187583923,0.24698519706726074,0.22683005034923553,0.22568999230861664,0.3611259162425995,103.359375,22.95426649070572,17.370664459650673,20.28996853527917,20.343095588642683,19.347613971734024,21.146576203574064,42.79684838191481,blues
-30.126768112182617,103.73807525634766,-19.742794036865234,56.410430908203125,-12.707871437072754,20.187707901000977,-17.33887481689453,16.30097198486328,-18.43800163269043,8.925146102905273,-11.655669212341309,11.209242820739746,-8.847433090209961,2094.7777929276835,4482.603366081787,0.10054024374033256,0.25964370369911194,0.34972116351127625,0.3308138847351074,0.2912279963493347,0.4759903848171234,0.30747950077056885,0.3006536662578583,0.3209156394004822,0.33768197894096375,0.3218311071395874,0.2820412814617157,0.4999506175518036,0.2861948609352112,99.38401442307692,19.137779740489563,16.511472672485027,20.29438132319074,19.841407507303604,19.270286349340218,18.92282014691455,42.87318512305518,blues
-56.00529861450195,87.85132598876953,-1.6130452156066895,41.19935607910156,-5.618329048156738,27.792627334594727,-23.990840911865234,21.776113510131836,-18.419469833374023,12.326554298400879,-13.71204948425293,11.851394653320312,-3.9741170406341553,2515.4635686314255,5770.831822795823,0.12089020507057231,0.19693075120449066,0.32474154233932495,0.36812150478363037,0.35000136494636536,0.4972905218601227,0.31921881437301636,0.30860573053359985,0.28401249647140503,0.3489060401916504,0.3693159520626068,0.32762032747268677,0.5798122882843018,0.3282252550125122,112.34714673913044,16.91436054790381,14.904288018779926,19.89004868832329,20.561606577839907,20.798953001025183,18.074710943633836,44.29903221969097,blues
-86.49180603027344,92.7261734008789,-15.342206001281738,54.053279876708984,0.8746948838233948,31.574251174926758,-14.615236282348633,23.32894515991211,-14.971668243408203,15.337373733520508,-7.053953170776367,12.179844856262207,-6.099600315093994,2224.014584740542,4700.258585139936,0.10850946200696056,0.19198641180992126,0.5763275027275085,0.46016258001327515,0.4218309223651886,0.39430859684944153,0.5309701561927795,0.4715542197227478,0.4038192629814148,0.520159900188446,0.43311765789985657,0.491782009601593,0.45462486147880554,0.4379214346408844,117.45383522727273,14.324264556266627,16.31610423504568,18.634678872974845,18.958310782278726,19.287010148624933,17.86833741885031,42.12658495593292,blues
-52.707645416259766,74.4546127319336,-18.709468841552734,56.29268264770508,-3.956631660461426,31.99110221862793,-16.46079444885254,22.406429290771484,-12.258079528808594,27.22262954711914,-9.239789009094238,7.799892902374268,-10.568794250488281,2645.7246950388817,5612.422056264501,0.13647177711716937,0.21887719631195068,0.3257865905761719,0.2637314796447754,0.3800869286060333,0.30828386545181274,0.3169635832309723,0.5363514423370361,0.3259638547897339,0.39812609553337097,0.277789443731308,0.42794886231422424,0.4769580662250519,0.3490239083766937,117.45383522727273,19.150223443195923,16.765859827580982,21.164242737368518,21.773908924467932,21.57410610840931,19.241107734146887,44.45804193786327,blues
-28.989248275756836,104.531005859375,-30.983427047729492,38.162052154541016,-8.009195327758789,30.894712448120117,-20.60816192626953,25.823612213134766,-12.97468376159668,16.943222045898438,-12.272943496704102,10.787742614746094,-10.566559791564941,2207.1391896914824,4658.224706804669,0.11153393573569219,0.24307845532894135,0.5560136437416077,0.34056174755096436,0.3536939024925232,0.34392791986465454,0.3972528576850891,0.44606879353523254,0.37061402201652527,0.4640233516693115,0.3448363244533539,0.443627268075943,0.40389809012413025,0.44338732957839966,99.38401442307692,20.12994979007379,14.572173008592346,17.510198545627706,18.078626435224837,19.536165722250544,16.80012870582585,43.162668917756946,blues
-2.543013334274292,101.2654800415039,-33.93092727661133,41.52804946899414,-13.817937850952148,31.92383575439453,-21.876541137695312,24.470266342163086,-15.87441349029541,15.808345794677734,-14.370208740234375,12.514341354370117,-13.378111839294434,2333.5524820822284,4942.777742531903,0.12381951493619489,0.25799304246902466,0.34436795115470886,0.5280259251594543,0.474031925201416,0.539105236530304,0.32997873425483704,0.3290344476699829,0.30918389558792114,0.4254430830478668,0.404758483171463,0.3573541045188904,0.5587283372879028,0.3707154393196106,123.046875,19.713765063462215,13.557413205475966,17.437732072448515,17.3101366011947,17.789989505959852,16.278829374865126,44.66547561614545,blues
-3.5798957347869873,92.92963409423828,-25.082927703857422,45.17950439453125,-10.856172561645508,31.86339569091797,-18.044387817382812,28.626354217529297,-10.227715492248535,14.668068885803223,-14.90522575378418,14.741957664489746,-15.603513717651367,2442.941257538624,5267.915786778567,0.12468240948859242,0.2707836627960205,0.3762992322444916,0.37782755494117737,0.3908120095729828,0.6007797122001648,0.4035457968711853,0.348779559135437,0.4353580176830292,0.42379602789878845,0.3339039981365204,0.3407735228538513,0.6227660775184631,0.4038828909397125,161.4990234375,21.480229719293234,14.412669429025836,17.116091600727383,18.022161962599824,19.31073045872239,17.208136851557605,44.9005769637453,blues
-54.70625305175781,119.4830093383789,-34.874080657958984,37.54063415527344,-15.880536079406738,22.08129119873047,-14.661808967590332,18.532047271728516,-9.647197723388672,11.25658130645752,-11.729358673095703,11.54074478149414,-6.43185567855835,1827.2572927983213,3743.613145301624,0.09403926793310131,0.24235758185386658,0.4363376498222351,0.3439425826072693,0.4587754011154175,0.35898613929748535,0.4379538297653198,0.2582000195980072,0.2917546033859253,0.46035632491111755,0.30369484424591064,0.3635353446006775,0.29906466603279114,0.40729060769081116,117.45383522727273,21.493410206771443,16.268454501527746,19.176619596166855,19.820221672090106,20.603264441229904,19.3857887020508,41.63435223867763,blues
-27.024072647094727,107.31878662109375,-46.8392448425293,40.927616119384766,-21.476634979248047,24.832185745239258,-18.939483642578125,15.274642944335938,-15.052191734313965,12.273417472839355,-15.240180015563965,14.332183837890625,-13.839795112609863,2116.8973667172613,4195.785430412558,0.127271093145785,0.2481144517660141,0.4115729331970215,0.3721487522125244,0.6418920755386353,0.28412437438964844,0.36933577060699463,0.3655775785446167,0.36888986825942993,0.45030704140663147,0.23246058821678162,0.27656248211860657,0.33486366271972656,0.4542860984802246,103.359375,20.595110833865203,15.167336878912128,18.285874604589893,20.220673861709987,20.618894165034973,20.254999755389562,43.47411140073575,blues
-29.367115020751953,108.6669921875,-25.57035255432129,38.460899353027344,-18.340787887573242,21.792146682739258,-25.148395538330078,22.395370483398438,-17.5889835357666,14.681224822998047,-12.0858154296875,5.481150150299072,-7.693526268005371,2141.540773760361,4628.506221904002,0.10512510271655066,0.25124043226242065,0.30472493171691895,0.3815608620643616,0.36259108781814575,0.3052922487258911,0.4786045551300049,0.2725621461868286,0.29799774289131165,0.30151596665382385,0.27365759015083313,0.4887178838253021,0.28948724269866943,0.31202080845832825,123.046875,20.84916630140231,15.441639768904153,19.480420654260506,20.10595531365916,20.52950906087938,18.322212232686603,43.07740336894734,blues
-19.882247924804688,98.8873291015625,-24.475313186645508,49.5799446105957,-16.19849395751953,30.193225860595703,-18.027517318725586,27.552814483642578,-11.407698631286621,14.870684623718262,-8.914958000183105,11.668754577636719,-10.893209457397461,2315.021164983005,5036.6212070403135,0.11795032144238206,0.2511383295059204,0.546037495136261,0.3115728795528412,0.38588467240333557,0.3130694329738617,0.40969231724739075,0.6684679388999939,0.36638787388801575,0.34432244300842285,0.3854084014892578,0.47892090678215027,0.5268352031707764,0.3910582363605499,135.99917763157896,22.010935389022816,12.205908709457718,16.14886120175149,18.201580618945265,19.215753802693236,16.61600829571722,43.86745812586898,blues
-39.00761413574219,112.05693054199219,-31.819194793701172,38.2356071472168,-6.320211887359619,23.320457458496094,-18.772533416748047,23.931018829345703,-10.932699203491211,13.236961364746094,-14.371817588806152,13.327064514160156,-10.916337013244629,2060.8418796735327,4220.299641549449,0.11336735063805105,0.23508118093013763,0.5683705806732178,0.3088935315608978,0.302453875541687,0.4407968819141388,0.2967699468135834,0.3015534281730652,0.31850025057792664,0.572053849697113,0.3369443118572235,0.33669036626815796,0.5815698504447937,0.3895752429962158,112.34714673913044,18.954957359013573,13.809660686310945,18.64879720242791,19.80635399533593,20.38006075542217,18.128652199504643,42.7690911113205,blues
-180.2089080810547,131.43243408203125,0.600786566734314,43.15309524536133,14.135329246520996,25.614765167236328,-5.311872959136963,12.027975082397461,-13.53555679321289,-1.105728030204773,-7.616474628448486,2.7149739265441895,0.7783583998680115,1311.9502871452885,2636.376839834687,0.05939169143948182,0.15012377500534058,0.36586612462997437,0.33140426874160767,0.47136279940605164,0.2749074399471283,0.21532560884952545,0.19466763734817505,0.22197192907333374,0.38631564378738403,0.312438428401947,0.343058705329895,0.3166899085044861,0.3496764600276947,143.5546875,21.702725832749884,18.009192697092345,23.457897560249624,22.72220425298967,22.92428971101459,21.99949299380537,37.427119525335705,blues
-212.79180908203125,139.06324768066406,9.446759223937988,35.45379638671875,12.697430610656738,20.420673370361328,-5.582624912261963,10.889944076538086,-8.733309745788574,8.059618949890137,0.16372376680374146,2.6487746238708496,-1.029648780822754,1245.6864186148603,2518.152393597738,0.04881868414056458,0.12488463521003723,0.2894456386566162,0.2663173973560333,0.3731231689453125,0.32159674167633057,0.3345799148082733,0.41016560792922974,0.4245801866054535,0.452389657497406,0.37835851311683655,0.36753836274147034,0.4065391719341278,0.3665119409561157,123.046875,20.759032272620015,17.27323108059096,19.52342551940171,18.50712279401455,19.575306907842737,18.063539823730725,34.447875786995716,blues
-155.57640075683594,125.66272735595703,1.5785858631134033,45.839691162109375,0.927783727645874,25.383113861083984,-10.812051773071289,15.55901050567627,-11.919286727905273,1.2735360860824585,-6.672881126403809,-0.7844191789627075,-7.743818759918213,1441.6808065190858,3082.603762597883,0.05086923880993813,0.1579405963420868,0.3050870895385742,0.41187095642089844,0.3027825355529785,0.32475507259368896,0.3131049573421478,0.3625628650188446,0.3465834856033325,0.28641945123672485,0.39827588200569153,0.3943226635456085,0.3374282717704773,0.25962555408477783,172.265625,23.416628490867716,17.37044339197803,21.022767831611887,19.91520598317391,19.67937328794153,18.85793263863122,38.37948681564193,blues
-194.2843017578125,151.84703063964844,-1.1988219022750854,39.1881103515625,16.589046478271484,18.24779510498047,-1.3970140218734741,14.869029998779297,-11.620166778564453,2.4414865970611572,-5.081939220428467,3.937605619430542,-0.8988038301467896,1006.8718290855192,2075.0064009026974,0.032053605955143075,0.14199714362621307,0.3870374858379364,0.4129491448402405,0.5119536519050598,0.3375684916973114,0.24108918011188507,0.26830270886421204,0.3325376510620117,0.39574792981147766,0.3918890357017517,0.4032413065433502,0.44438228011131287,0.40754324197769165,172.265625,22.327697643481066,16.04936914046134,17.443490035861995,17.616677484680515,18.310816748416457,17.922979514247697,34.39455272421033,blues
-346.8563537597656,139.25108337402344,24.05263328552246,22.281024932861328,18.663772583007812,11.662002563476562,9.016558647155762,6.9709930419921875,-2.033026695251465,5.412792682647705,1.6503889560699463,-2.357781410217285,3.200082302093506,798.6570144423738,1456.1058380764212,0.025648171645398298,0.05275917053222656,0.3904334604740143,0.28173601627349854,0.221165731549263,0.22261759638786316,0.2487219274044037,0.2539384067058563,0.2705116271972656,0.3900945484638214,0.449165403842926,0.5355783700942993,0.4682188034057617,0.4513980746269226,107.666015625,24.605519087020316,18.995331737910465,20.28156427431614,18.677558084164133,18.501345796253183,18.116275892152075,27.146653556500937,blues
-177.5675811767578,115.36900329589844,9.970584869384766,54.04387664794922,7.624311923980713,28.312318801879883,-9.05492877960205,20.049509048461914,-15.044512748718262,6.209573745727539,-5.692566871643066,1.3833520412445068,-5.828814506530762,1612.645636885739,3468.7358953560033,0.05819685626933488,0.1318451315164566,0.3437565267086029,0.3149925768375397,0.3164297044277191,0.33806174993515015,0.43911486864089966,0.42199090123176575,0.41990232467651367,0.3883439004421234,0.3610156178474426,0.38359081745147705,0.38401171565055847,0.4229762852191925,143.5546875,21.61303239275473,17.032219517410674,21.2556316335908,19.703434341141335,20.0230268429628,19.226265453260076,39.02784158063932,blues
-236.30538940429688,161.68063354492188,-1.1661630868911743,27.278690338134766,9.586511611938477,20.620241165161133,0.22744031250476837,13.79859733581543,-0.5090394616127014,10.175200462341309,-4.457556247711182,5.508707523345947,-3.72658371925354,991.4865889707818,1943.7254726471867,0.03605237637761021,0.09936381876468658,0.5381101369857788,0.4447382092475891,0.47166532278060913,0.4257374107837677,0.4298538565635681,0.3213053047657013,0.2933568060398102,0.3042692542076111,0.3735923767089844,0.36937636137008667,0.47455334663391113,0.6205438375473022,123.046875,24.743535830044497,15.067418585811732,17.766536668124434,18.193549974167283,20.010634337484895,18.193071887417805,32.61874956733582,blues
-332.224609375,128.0892791748047,28.80514907836914,41.83019256591797,31.2144718170166,23.334787368774414,5.784112930297852,9.001364707946777,-3.8817169666290283,3.731323003768921,-0.8742288947105408,-0.43918997049331665,1.4851278066635132,918.6809999781151,1602.5332846940255,0.03231153023491879,0.06303955614566803,0.35860681533813477,0.3067319095134735,0.26552364230155945,0.29491716623306274,0.3993675112724304,0.44843336939811707,0.5511096119880676,0.45808881521224976,0.3951415419578552,0.3941578269004822,0.39733508229255676,0.4222131669521332,83.35433467741936,20.883594923236977,18.56317001612869,21.60285584802339,19.083219536880428,18.902615863650375,18.06544829833578,29.483512214140195,blues
-350.3526306152344,169.53173828125,31.771352767944336,16.71843910217285,28.6589412689209,19.24618148803711,7.845076084136963,10.037884712219238,4.740645408630371,2.9217066764831543,3.900228977203369,1.812954306602478,-5.969144821166992,570.3499042411772,929.3001037739269,0.02169698315448569,0.06586000323295593,0.415284663438797,0.18875139951705933,0.23855866491794586,0.3346843123435974,0.37628301978111267,0.38567981123924255,0.5219943523406982,0.29904234409332275,0.3344593346118927,0.39798131585121155,0.44052356481552124,0.5990954041481018,143.5546875,24.254701338582482,18.73859062722992,22.10252953301977,21.461753374646456,20.904475862368823,16.344421833551117,26.015943281703976,blues
-206.24908447265625,126.61618041992188,10.596902847290039,43.21016311645508,12.496740341186523,19.425369262695312,0.3583888113498688,12.73520278930664,-4.579189777374268,4.061159610748291,-4.404284954071045,3.669121742248535,-1.455245018005371,1239.6334480091225,2519.268189892691,0.05087905730375097,0.14094436168670654,0.3522096574306488,0.40070226788520813,0.3376999795436859,0.29016563296318054,0.3751685917377472,0.3402841091156006,0.3602708578109741,0.39002054929733276,0.4366843104362488,0.4920524060726166,0.37700551748275757,0.36792439222335815,103.359375,24.26709553096926,16.82247152770059,20.765397551428055,20.84377078172959,21.11713482106512,20.643593262069412,35.73272072374684,blues
-130.57875061035156,139.96141052246094,-1.28227698802948,39.30622863769531,-6.344083786010742,19.76828956604004,-11.212559700012207,27.24030303955078,-16.548757553100586,7.028903961181641,-1.196459412574768,1.6060346364974976,-6.638546466827393,1388.6328938873341,2754.9426864305397,0.05714703270011601,0.18699833750724792,0.35982492566108704,0.4109346568584442,0.33638960123062134,0.3028460741043091,0.3121410012245178,0.31414303183555603,0.4281025230884552,0.3367117643356323,0.34427475929260254,0.3693249225616455,0.4853258728981018,0.4395414888858795,135.99917763157896,23.529215654418962,16.19947367489613,20.60626435531389,21.566614962500804,19.735504821255734,18.65160689676909,39.726320467209916,blues
-314.578369140625,139.91119384765625,11.9039306640625,30.14179039001465,-7.542426586151123,14.9170503616333,-2.701582908630371,6.727816104888916,-6.3662190437316895,2.807929277420044,-11.728742599487305,2.077972173690796,-11.439269065856934,1132.1718112407832,2065.0724831424013,0.04829301708720031,0.05136320739984512,0.18419553339481354,0.21300922334194183,0.1702650785446167,0.3552049398422241,0.5361843109130859,0.30067455768585205,0.26557016372680664,0.20977064967155457,0.3074295222759247,0.14081476628780365,0.16538749635219574,0.27872446179389954,123.046875,23.0586254642569,20.22875297829675,24.046763819533457,23.977273509771813,21.587512801666943,20.25341185847956,32.24935531680396,blues
-148.64698791503906,145.77012634277344,-9.366608619689941,48.437965393066406,10.546018600463867,18.008686065673828,-2.6387381553649902,16.953346252441406,-11.50073528289795,8.725778579711914,-8.186318397521973,3.2097280025482178,-0.6816339492797852,1236.310511771213,2603.544117513776,0.04461485825116009,0.19822707772254944,0.4807922840118408,0.44942164421081543,0.4211229979991913,0.30837926268577576,0.29962995648384094,0.2837109863758087,0.3518763482570648,0.3955204486846924,0.3664882183074951,0.3606971204280853,0.3501948416233063,0.4342627227306366,117.45383522727273,23.56375748513659,16.042658052628898,18.888215915552944,18.626383842723154,19.571685538944195,20.49923310220603,36.57199490227458,blues
-90.67999267578125,100.109619140625,-23.938425064086914,52.60254669189453,-20.937440872192383,31.501323699951172,-11.228660583496094,20.089374542236328,-10.902469635009766,17.561744689941406,-14.09604263305664,12.994767189025879,-11.434560775756836,2310.352908011415,4829.0914230169665,0.12843231885634185,0.1253553330898285,0.46992558240890503,0.34217554330825806,0.36583784222602844,0.38547033071517944,0.44604387879371643,0.4429789185523987,0.44605711102485657,0.6512311100959778,0.46251600980758667,0.4610247313976288,0.4476523697376251,0.39737775921821594,123.046875,19.387830505489745,14.23787773662508,16.225490506475087,17.50445949735575,18.28006003842431,18.683417670011803,41.27035019214534,blues
-177.25547790527344,136.2346954345703,-26.89328956604004,36.36896896362305,-18.75297737121582,20.897600173950195,-1.7674739360809326,3.0104691982269287,-5.596907138824463,5.641345500946045,-8.101526260375977,5.6564812660217285,-10.77881908416748,1538.5123663814206,3174.357190762761,0.07476858565351895,0.10498540103435516,0.37288403511047363,0.2551504969596863,0.31601783633232117,0.4246223270893097,0.42012351751327515,0.4387154281139374,0.34108108282089233,0.4382498264312744,0.31610941886901855,0.3315168619155884,0.4439520835876465,0.344340980052948,92.28515625,19.960520923583868,14.831741775175207,17.65398724395977,18.519293160422823,18.540944018292222,19.060047744110534,34.20676012242316,blues
-268.21856689453125,135.68165588378906,-34.05637741088867,25.616008758544922,-12.971722602844238,17.903263092041016,-9.990859985351562,5.634087562561035,-14.143672943115234,7.493184566497803,-3.9764394760131836,8.258308410644531,-1.3336009979248047,1505.3574604811245,2717.238763866734,0.0982227015661253,0.03623300790786743,0.12448593229055405,0.2979745864868164,0.41114217042922974,0.20596332848072052,0.3399754762649536,0.15979330241680145,0.33692723512649536,0.19643399119377136,0.17463091015815735,0.3213180601596832,0.1465153694152832,0.31316664814949036,95.703125,17.086880725023594,16.73747110646952,21.99574104715581,25.301207732170077,24.98453645796773,23.747411903074983,33.756813843393566,classical
-324.09124755859375,133.5626678466797,-25.0301570892334,24.55360984802246,-11.939921379089355,17.65850257873535,-5.518673419952393,1.7168900966644287,-10.575925827026367,-0.8605743646621704,-7.805220603942871,3.5297629833221436,5.054664611816406,1361.0064862214672,2389.011462713892,0.08776562802107502,0.030609844252467155,0.16392995417118073,0.2408730685710907,0.3883846700191498,0.15326976776123047,0.14749504625797272,0.11807119846343994,0.2547346353530884,0.16138994693756104,0.09070389717817307,0.17595630884170532,0.21687382459640503,0.4680458605289459,117.45383522727273,17.335268419706146,20.480052387180532,25.254957608428228,28.543247578774647,26.73152454266377,25.40376176435177,32.55925211654495,classical
-235.3026580810547,141.11952209472656,-34.681888580322266,30.979190826416016,-16.40201187133789,23.118080139160156,-11.041571617126465,7.654360294342041,-19.016834259033203,4.226782321929932,-11.835752487182617,8.917745590209961,-1.4451483488082886,1490.2748102133896,2785.4189135912125,0.09004578439191802,0.043827712535858154,0.19733908772468567,0.42375093698501587,0.361883282661438,0.23207862675189972,0.3931761384010315,0.14610637724399567,0.232587993144989,0.14149218797683716,0.2814124822616577,0.2868537902832031,0.17807433009147644,0.4599669873714447,99.38401442307692,18.274850425173778,16.761218165337763,20.971905101084435,23.478283477417826,23.171550013483113,22.6315876420848,34.97081174073735,classical
-326.8974304199219,127.40060424804688,-30.596176147460938,37.471397399902344,-5.296175479888916,20.81356430053711,-1.7786853313446045,-4.615456581115723,-4.04019832611084,5.242275238037109,-0.642448902130127,2.794567346572876,7.229206562042236,1526.6289318249846,2916.150270537268,0.10894638498163187,0.029426444321870804,0.3340000808238983,0.13985666632652283,0.34869304299354553,0.2535521388053894,0.260084331035614,0.26660770177841187,0.20028214156627655,0.3221641480922699,0.11452200263738632,0.20057931542396545,0.16780021786689758,0.20250611007213593,135.99917763157896,19.732363558277484,19.44147099395139,25.281020111571628,28.503157549419143,28.18285800533093,27.955665931797483,30.54828211172554,classical
-259.95257568359375,118.9271469116211,-35.60833740234375,31.969566345214844,-16.524866104125977,10.618956565856934,-15.653264999389648,7.425692081451416,-5.824160575866699,8.266380310058594,-17.99113655090332,-1.1879281997680664,-6.356529235839844,1705.7912691531117,3175.8060605785963,0.11285716659416087,0.04229772463440895,0.3266606032848358,0.1400846242904663,0.2489767074584961,0.1259717047214508,0.34184592962265015,0.24160394072532654,0.122894287109375,0.12996172904968262,0.18329831957817078,0.31013792753219604,0.18272459506988525,0.30405759811401367,107.666015625,16.286963904637688,18.912060028873068,23.206541419369657,27.986091150663587,27.290495255626695,26.11550081862918,35.366382663578214,classical
-264.3355712890625,138.17970275878906,-30.096487045288086,37.83662033081055,-7.173124313354492,6.774080276489258,-11.809728622436523,4.705630302429199,-9.825992584228516,5.859127044677734,-9.563162803649902,2.6768574714660645,-4.788712024688721,1431.0801468671511,2836.06274244127,0.07521004024071926,0.04323916509747505,0.3151884078979492,0.15671294927597046,0.2554921805858612,0.3887135982513428,0.18431319296360016,0.2761913239955902,0.16458238661289215,0.3620685040950775,0.42971837520599365,0.25386273860931396,0.2583712637424469,0.17686177790164948,143.5546875,17.724336153472482,17.6759859053725,22.446137466112194,22.20831321933045,21.881674914766702,21.865210220244414,32.3443735341796,classical
-295.8205871582031,134.5377960205078,-22.43492889404297,40.75836944580078,-5.8729753494262695,9.266152381896973,-11.87393569946289,6.287885665893555,-8.864130973815918,4.402293682098389,-9.37451171875,4.060037136077881,1.6421570777893066,1372.6940993686435,2737.930956351508,0.07290118365719257,0.03320465236902237,0.586981475353241,0.22406014800071716,0.19525448977947235,0.23415696620941162,0.17372918128967285,0.27642354369163513,0.19078145921230316,0.29723086953163147,0.3157635033130646,0.15647238492965698,0.18855395913124084,0.2977333068847656,103.359375,18.6700576737178,19.8929184380678,25.513148111704187,24.913767136019633,24.71550608863253,24.129194448520735,32.90245942054991,classical
-286.7648010253906,135.923583984375,-24.43564224243164,36.65812301635742,-6.240166187286377,6.963425159454346,-8.172438621520996,3.836329221725464,-4.407772064208984,6.431759834289551,-4.132486343383789,1.5559707880020142,-4.34604549407959,1358.9954445281357,2668.2852831351506,0.07312700901488786,0.040877241641283035,0.18918530642986298,0.14121240377426147,0.34225374460220337,0.395330548286438,0.2049141675233841,0.39033645391464233,0.17472423613071442,0.2759341299533844,0.3063706159591675,0.25835251808166504,0.46855485439300537,0.1720149666070938,107.666015625,18.62756885443767,18.726212915776745,22.35167592407923,23.39017307249308,22.314834063035747,22.9687723732964,31.686931808114178,classical
-292.0929870605469,127.7622299194336,-29.910953521728516,37.43417739868164,-9.56994915008545,5.109292030334473,-13.82546329498291,7.040885925292969,-7.033254623413086,6.498644828796387,-9.904662132263184,4.7110419273376465,0.3650692403316498,1516.848913603582,2974.3215609592517,0.07877792983855375,0.034033119678497314,0.47982317209243774,0.20529711246490479,0.22564037144184113,0.16869542002677917,0.17334239184856415,0.3257083594799042,0.17470210790634155,0.24690523743629456,0.19397446513175964,0.31353339552879333,0.3427774906158447,0.2064620405435562,135.99917763157896,18.803462290714617,19.475111583588827,24.500817322694413,24.24817933845037,23.50814545329814,22.855572584212126,32.60348436961347,classical
-356.10693359375,139.7978515625,-6.2831244468688965,43.187591552734375,-8.87148666381836,11.056035995483398,-8.395702362060547,4.420256614685059,-8.280070304870605,8.684677124023438,-8.132966995239258,3.4333064556121826,-1.4450533390045166,1216.3713864035042,2560.7691505945477,0.056246752344354216,0.023791903629899025,0.3300555944442749,0.22444356977939606,0.4263249933719635,0.41636937856674194,0.1813819259405136,0.17938241362571716,0.2325970083475113,0.3218756318092346,0.2131320685148239,0.2545988857746124,0.28167402744293213,0.1848609447479248,129.19921875,20.664721702465325,20.576892112323165,24.401669789525236,24.45136102339703,23.822483506965664,24.25507639405591,30.32252294867783,classical
-315.0152587890625,128.7116241455078,-28.933940887451172,30.832693099975586,-8.987340927124023,7.994575023651123,-9.845813751220703,1.428715467453003,-8.98079776763916,6.059361457824707,-3.3081119060516357,7.618945598602295,3.8063483238220215,1497.5036380467259,2868.703947487674,0.08621732707366589,0.02949928678572178,0.28609544038772583,0.14705665409564972,0.3283079266548157,0.3176003098487854,0.21724098920822144,0.4146161675453186,0.149210587143898,0.1786421686410904,0.1086205542087555,0.24732705950737,0.38103610277175903,0.16356715559959412,103.359375,16.71220538765416,17.13520947265885,23.657944268050933,23.925394175169334,23.36879655327667,23.297620128213303,31.12624176548515,classical
-385.353271484375,177.20355224609375,-9.3368501663208,24.379119873046875,5.799283981323242,-4.5660624504089355,-6.359218120574951,-6.949473857879639,-4.122529029846191,3.873692512512207,-0.33930978178977966,-0.9373089075088501,-3.6557695865631104,950.1801498031009,1697.3176818989268,0.06075721734822119,0.021483667194843292,0.5392606854438782,0.2525770366191864,0.30717337131500244,0.17062321305274963,0.12692612409591675,0.274554967880249,0.16169756650924683,0.3009323179721832,0.2427174150943756,0.14864712953567505,0.1459445208311081,0.2682044208049774,151.99908088235293,19.757704097037493,19.728798170809505,26.168477966576496,25.946819353011307,24.46331881692364,22.06704231129305,24.648601425413823,classical
-362.7318115234375,143.90760803222656,-19.005598068237305,30.65104103088379,1.0206413269042969,0.27225106954574585,-7.9919610023498535,-3.847158432006836,-8.93413257598877,3.2763350009918213,-4.429235935211182,3.6627490520477295,4.9254326820373535,1180.5324896152028,2154.8524506960557,0.06596252960653519,0.031390510499477386,0.5427433848381042,0.18962393701076508,0.19260957837104797,0.10465749353170395,0.25109198689460754,0.39665892720222473,0.13838572800159454,0.20750612020492554,0.1219266951084137,0.2589015066623688,0.19369986653327942,0.2298559844493866,117.45383522727273,19.519922138434374,20.644789506337894,27.359949675660285,26.15689213547377,24.480291080861296,23.221233819603178,27.725680004948757,classical
-343.1435241699219,140.1046600341797,-20.919519424438477,32.316123962402344,-3.683278799057007,2.940859079360962,-10.663065910339355,0.3106306791305542,-5.795960903167725,7.683307647705078,-3.6783318519592285,2.547743320465088,-3.4992897510528564,1388.1392656380106,2598.6645904328598,0.08087606643948182,0.03170561045408249,0.3120013475418091,0.2017824351787567,0.40739667415618896,0.14307306706905365,0.1952040195465088,0.18145409226417542,0.1862569898366928,0.4323345720767975,0.17801347374916077,0.2274375706911087,0.11537374556064606,0.20496834814548492,129.19921875,18.976775501441963,18.403392914853807,23.955048472192747,25.377169500049053,25.198611315165564,23.523245524073804,29.38536713316138,classical
-324.6393127441406,147.81375122070312,-31.92625617980957,27.405019760131836,-4.502310276031494,-4.168800354003906,-12.597458839416504,-5.130688667297363,-7.74476432800293,0.8444133400917053,-8.192252159118652,-0.8276446461677551,0.9923772811889648,1279.5154519537928,2389.161345798289,0.06845076251933488,0.031600046902894974,0.37491464614868164,0.2515835165977478,0.44959557056427,0.15482784807682037,0.13281235098838806,0.06838031113147736,0.17338649928569794,0.28823167085647583,0.14776505529880524,0.25554877519607544,0.13152627646923065,0.38000914454460144,143.5546875,18.216234459310684,19.904455114643437,24.621019648481447,23.379095371347614,22.889250329877708,22.47534943417821,28.74075452100398,classical
-449.5024108886719,124.97928619384766,-19.903535842895508,27.455209732055664,-5.769779682159424,2.2189130783081055,-6.560758113861084,10.581615447998047,3.342010498046875,14.380342483520508,1.9796470403671265,5.249032974243164,4.427051067352295,1371.4447396060214,2619.5566270301624,0.07571871374709976,0.011428219266235828,0.20793978869915009,0.11142618954181671,0.15264368057250977,0.1779627799987793,0.3892844319343567,0.13990366458892822,0.2870091199874878,0.23639239370822906,0.15832111239433289,0.2495459020137787,0.15751264989376068,0.3316754698753357,123.046875,21.74741937848225,18.654965913591298,25.537908016900214,27.573461744531638,25.023513729139506,23.3824111278011,27.22022416818046,classical
-482.5753479003906,154.85044860839844,-5.033046245574951,29.729904174804688,-1.8655613660812378,8.216540336608887,-4.778443813323975,9.632518768310547,-3.3466732501983643,4.530602931976318,-10.102243423461914,-0.67018061876297,-2.448970079421997,1054.7328868522359,1947.5391644612819,0.04765745843000773,0.00801180675625801,0.21899297833442688,0.23903004825115204,0.650080680847168,0.26214826107025146,0.08808238059282303,0.050616513937711716,0.1422567516565323,0.2714565098285675,0.13936342298984528,0.256862074136734,0.12608465552330017,0.18687894940376282,99.38401442307692,18.284100875486956,22.986033585497232,23.600789384188335,23.86027667387494,21.542222470376192,19.92429250797199,23.836918638567987,classical
-311.5614013671875,148.6846466064453,-33.492855072021484,10.352457046508789,-12.897485733032227,1.2300145626068115,-12.900196075439453,0.806920051574707,-9.733505249023438,2.05820369720459,-5.113306999206543,6.7274017333984375,4.611797332763672,1358.6023759424481,2417.539209777407,0.08107885610015468,0.0373547188937664,0.25543853640556335,0.29506203532218933,0.2635165750980377,0.21951155364513397,0.5001591444015503,0.21874435245990753,0.1686568409204483,0.15742801129817963,0.17598573863506317,0.3985191285610199,0.17192189395427704,0.2516768276691437,117.45383522727273,18.823637602116545,17.57457592434837,21.862532199184592,24.025579436317614,23.00534910851177,21.26399571619316,30.047411495874023,classical
-405.63311767578125,145.7255401611328,-0.8494923114776611,23.064943313598633,9.217205047607422,-2.6364684104919434,-5.742799282073975,-2.0792980194091797,-0.638366162776947,6.7459940910339355,2.7888033390045166,2.444667339324951,5.083242893218994,1157.86554064085,2181.9063474296695,0.0706663434116396,0.018675077706575394,0.2733297348022461,0.22677834331989288,0.14774686098098755,0.11288127303123474,0.2814651429653168,0.36761048436164856,0.15730823576450348,0.26747119426727295,0.30035343766212463,0.16189242899417877,0.32965728640556335,0.2418404072523117,129.19921875,18.798760054371147,19.18819394248504,25.933350176842644,26.618407260049885,25.595573219366937,22.73188690737669,26.03570223912319,classical
-475.8085021972656,141.5044708251953,-8.465949058532715,34.00371551513672,0.5104436874389648,6.037261962890625,0.0038523427210748196,9.544265747070312,2.164994478225708,7.1024370193481445,-8.052560806274414,-0.11562465876340866,0.7636799812316895,1185.144479134992,2290.6215446454466,0.057628894165699926,0.007990316487848759,0.34962204098701477,0.2340092658996582,0.2838585376739502,0.4592387080192566,0.18978390097618103,0.1858125478029251,0.16357022523880005,0.3559521734714508,0.37243667244911194,0.22250163555145264,0.3856504559516907,0.20580077171325684,123.046875,19.09393555020189,18.559368226379192,23.041349246325055,24.886060673266947,22.362341264022223,21.596677803565736,24.487117122019722,classical
-300.907470703125,161.12791442871094,-24.24585723876953,27.95691680908203,-2.863051176071167,2.389012575149536,-11.26832389831543,0.2230978012084961,-6.838934421539307,6.093652248382568,-8.139802932739258,-1.8150442838668823,-4.120981216430664,1218.1514494719816,2294.676714762181,0.0697996725154679,0.038423504680395126,0.21471762657165527,0.1244489997625351,0.35887157917022705,0.34733816981315613,0.1614479422569275,0.3332138955593109,0.1537846028804779,0.26446789503097534,0.28617262840270996,0.28250160813331604,0.5175045132637024,0.18309268355369568,143.5546875,18.913956653810256,17.511347426763535,22.761338965309154,24.29996832900112,24.369948010364244,23.03504283153126,29.993184708980035,classical
-278.1651306152344,147.88018798828125,-31.550195693969727,20.35175132751465,-9.574066162109375,-6.230633735656738,-13.595257759094238,-0.6612343788146973,-7.273571968078613,1.0149178504943848,-11.761826515197754,-0.9655797481536865,-2.2157323360443115,1371.3948853640538,2570.2867264537413,0.07953924074342614,0.04545145854353905,0.30239394307136536,0.2519040107727051,0.23004579544067383,0.19932566583156586,0.21009080111980438,0.3980906307697296,0.26288941502571106,0.18401415646076202,0.17211611568927765,0.29130712151527405,0.4094216525554657,0.2905953526496887,135.99917763157896,18.31466120736746,18.16062449726924,20.648484808310744,22.395992426658296,21.986251782844914,21.760947524975577,30.919830948731597,classical
-278.80755615234375,160.0006103515625,-28.392513275146484,23.027172088623047,-2.709249258041382,3.0009243488311768,-11.297819137573242,-0.5161017775535583,-11.366227149963379,3.174696207046509,-5.085272789001465,4.348031044006348,-4.07133150100708,1211.4313268289068,2237.3880691705335,0.06844094402552205,0.04787006229162216,0.3429192900657654,0.22821393609046936,0.2676224410533905,0.2933235168457031,0.34070998430252075,0.5198721885681152,0.21405147016048431,0.2644152045249939,0.13232506811618805,0.23009824752807617,0.30098381638526917,0.18007390201091766,107.666015625,21.135889901073128,17.580329718601558,21.570759577988458,22.240865951740265,22.083932280489933,21.980321717971865,30.12779913081663,classical
-406.8466796875,163.0813446044922,-2.372812271118164,32.4166259765625,7.946260929107666,9.632712364196777,-5.456719398498535,9.490358352661133,-3.0608041286468506,10.18720531463623,-10.352410316467285,-5.4048333168029785,-8.054705619812012,983.9717194937225,1853.1294749673723,0.04421683161736272,0.017138013616204262,0.12948153913021088,0.09422566741704941,0.3032095432281494,0.6254709959030151,0.27897849678993225,0.24165789783000946,0.15735450387001038,0.21552512049674988,0.30695614218711853,0.2561953365802765,0.398029088973999,0.20050667226314545,117.45383522727273,20.021781792071657,22.18063171791171,23.500861819903985,23.568184658924654,23.95751015869266,22.693431122796824,26.87129607829812,classical
-223.1873321533203,163.25396728515625,-34.41288375854492,24.186994552612305,-10.303666114807129,3.222132444381714,-12.889323234558105,0.8037041425704956,-14.281189918518066,1.6788578033447266,-10.140898704528809,0.23151692748069763,-4.558465957641602,1253.0323992049643,2292.7698688551336,0.07162893343967518,0.0666644275188446,0.23638997972011566,0.2521618902683258,0.45212626457214355,0.26879438757896423,0.13558094203472137,0.15832637250423431,0.1870347410440445,0.309273898601532,0.2062166929244995,0.3103782534599304,0.3439229130744934,0.17914725840091705,151.99908088235293,21.479591838930766,18.05520920527889,21.471736139370467,23.249892433598408,22.69712721267726,23.450025613004247,33.048344677383795,classical
-221.30133056640625,173.31781005859375,-37.445777893066406,24.355968475341797,-8.682666778564453,3.384624481201172,-12.8447904586792,1.0788687467575073,-15.323445320129395,0.42382577061653137,-9.623013496398926,2.288309097290039,-4.490511894226074,1184.2726167313851,2139.4394735172564,0.0682921560808198,0.06408752501010895,0.34117770195007324,0.19690440595149994,0.39393797516822815,0.2761904001235962,0.19358862936496735,0.30105751752853394,0.2601172626018524,0.4182458519935608,0.2296503186225891,0.3844299912452698,0.3435113728046417,0.2298588752746582,129.19921875,21.62159053671572,16.102597773122337,19.588860937501785,20.889202581532025,20.39211008921567,21.483061734614648,32.15508925991128,classical
-319.23529052734375,143.68849182128906,-31.174318313598633,10.929482460021973,-5.559395790100098,-4.257987022399902,-8.956228256225586,-5.580583572387695,-8.022720336914062,2.342867851257324,-4.480284690856934,-0.32078662514686584,0.9629119634628296,1278.5184062359635,2233.232976997535,0.08173216357308585,0.03888613358139992,0.3126508295536041,0.17159560322761536,0.38512083888053894,0.14286379516124725,0.2086106389760971,0.1924358606338501,0.1802845001220703,0.4918081760406494,0.20510073006153107,0.22384169697761536,0.16179706156253815,0.2721235156059265,151.99908088235293,20.09324145751372,19.914216267270596,23.466175966952935,25.94334756814556,24.533395775246596,22.347161308563503,28.56911205482286,classical
-366.2604064941406,181.6003875732422,-5.514210224151611,26.999446868896484,-4.828246593475342,4.60167932510376,-10.550474166870117,0.15556985139846802,-11.136405944824219,3.5766069889068604,-10.338356971740723,-1.0807839632034302,-4.597425937652588,901.7378802312896,1456.4555652733468,0.053432620963843776,0.028405772522091866,0.41800010204315186,0.22000209987163544,0.167073592543602,0.07941672950983047,0.14565780758857727,0.3346213400363922,0.1413421332836151,0.2781159281730652,0.1789647936820984,0.44027939438819885,0.3200831413269043,0.164732426404953,129.19921875,20.26717689127462,20.98008593270454,25.20150767254174,25.723022262169245,23.539330522784773,21.394262792089243,26.920104407517485,classical
-228.95596313476562,153.91903686523438,-30.704666137695312,20.802928924560547,-6.099662780761719,1.1756067276000977,-10.78927993774414,-3.8661341667175293,-11.594045639038086,0.8672082424163818,-8.299901008605957,-0.7155664563179016,-3.0778160095214844,1314.399292126819,2398.803824227813,0.08109509437838361,0.06257814913988113,0.33190497756004333,0.23051175475120544,0.4274420738220215,0.1657235324382782,0.1921311467885971,0.17088176310062408,0.29492199420928955,0.449319064617157,0.199302539229393,0.2820322811603546,0.14900393784046173,0.26153048872947693,151.99908088235293,20.18278881691105,17.036482126492917,21.13007944551554,24.04268260505459,23.394806216736647,23.239056043000403,32.77458732373227,classical
-297.1280212402344,130.24131774902344,-30.590057373046875,27.47357177734375,-7.0638957023620605,1.9754050970077515,-11.13668441772461,4.74458122253418,-8.76969051361084,5.404951095581055,-5.387939453125,4.4562883377075195,1.7435377836227417,1559.3040287466677,2923.1947755039155,0.09219376873066512,0.041609987616539,0.3602214455604553,0.22209584712982178,0.4775317311286926,0.17481891810894012,0.24905548989772797,0.21824675798416138,0.17283155024051666,0.2704797685146332,0.14493508636951447,0.2824651896953583,0.12309540063142776,0.26696470379829407,135.99917763157896,19.746821665411584,16.805621363520096,22.181021457063117,24.06063233759601,23.495565527701505,23.17440799383637,32.08156701795426,classical
-315.7878112792969,149.66810607910156,-30.5499324798584,23.21352195739746,-8.686288833618164,-10.101966857910156,-15.724106788635254,-4.040028095245361,-7.639376640319824,0.046327996999025345,-11.144776344299316,-7.673778057098389,-5.867612838745117,1243.6691621009502,2352.889639374275,0.06370465366395979,0.02971045859158039,0.25737816095352173,0.19094178080558777,0.3932623863220215,0.3089241683483124,0.17858831584453583,0.2807726263999939,0.22993789613246918,0.36812931299209595,0.33378052711486816,0.296090692281723,0.3152305483818054,0.187417671084404,117.45383522727273,15.501034819755754,20.061170751637242,20.908149707610203,22.774821145461903,22.838174456839294,22.936076137443784,29.155792611298907,classical
-374.00146484375,172.43167114257812,6.401390552520752,20.147357940673828,5.86323881149292,1.5984083414077759,-6.712085723876953,-1.190726637840271,-0.2892058193683624,0.33138126134872437,-6.556705474853516,-7.302767753601074,-7.334053039550781,822.6139611536199,1434.531000761311,0.03944315545243619,0.026786793023347855,0.29820919036865234,0.21783018112182617,0.3413792550563812,0.19949692487716675,0.25879961252212524,0.35843393206596375,0.3740525245666504,0.4546855390071869,0.42465391755104065,0.23493070900440216,0.1822727620601654,0.29427197575569153,112.34714673913044,15.748836564999058,16.17351300573087,17.92106159617039,20.020007829024113,20.91420057166361,19.601625077963337,25.245364437993583,classical
-498.6033020019531,177.51414489746094,11.212316513061523,27.63261604309082,-2.836329698562622,5.089841365814209,-6.600160121917725,-1.0522395372390747,-4.139636993408203,-3.0476694107055664,-9.911627769470215,-8.576437950134277,-9.193570137023926,792.9088884169765,1207.4498010622099,0.036572756549690645,0.00804220326244831,0.2883642613887787,0.700213611125946,0.32404980063438416,0.21515151858329773,0.24517247080802917,0.3638657331466675,0.3499244749546051,0.15748637914657593,0.2729644477367401,0.18719705939292908,0.15835511684417725,0.1361706554889679,123.046875,23.348727848655614,19.710455384047744,22.428786620082782,23.345679185852834,21.78116615633932,18.212905426400017,20.988357166488086,classical
-429.07135009765625,120.76842498779297,-1.700568437576294,17.94279670715332,7.7381415367126465,-2.054262638092041,-3.9395751953125,-2.5293145179748535,-0.5850700736045837,-0.80839604139328,-9.059510231018066,-3.6882565021514893,-0.9795188307762146,1128.3811387274027,2165.7939158570184,0.054395966260634185,0.012353785336017609,0.41295576095581055,0.28477364778518677,0.19142131507396698,0.26509857177734375,0.34100642800331116,0.38669949769973755,0.19566592574119568,0.3051152527332306,0.4560806453227997,0.2662351131439209,0.21291351318359375,0.3310949504375458,123.046875,17.21642537637591,19.571142229740587,23.04985650950994,23.965401052168005,22.90706091628422,22.399548971760954,23.593930698188373,classical
-309.2633361816406,138.65692138671875,-29.715620040893555,33.61728286743164,-0.3696598708629608,5.228342056274414,-6.328532695770264,3.2850165367126465,-6.703106880187988,-0.6884885430335999,-13.246870040893555,-8.538453102111816,-9.667200088500977,1369.5923998136097,2655.1038985462587,0.07354051865815932,0.03889976814389229,0.3747839033603668,0.18028555810451508,0.19268880784511566,0.13394643366336823,0.2043655812740326,0.45927372574806213,0.24085110425949097,0.2510569393634796,0.2598348557949066,0.3583820164203644,0.3735026717185974,0.25933390855789185,123.046875,18.46255490789344,21.159209779368023,25.014142789673325,25.149447531282497,25.770595701209817,25.976215152972397,31.764148713159653,classical
-319.7222595214844,166.00253295898438,-11.938699722290039,27.277769088745117,7.831271648406982,1.7412490844726562,-7.853774070739746,-2.401125431060791,-2.904869794845581,-2.520754337310791,-11.374577522277832,-4.616379261016846,-4.492807865142822,1016.2036312413076,1823.9772150522042,0.06112352269431554,0.04063602536916733,0.33522817492485046,0.38954049348831177,0.2550959885120392,0.24257197976112366,0.3337390422821045,0.2653025984764099,0.27454718947410583,0.2845521569252014,0.46863076090812683,0.38509586453437805,0.2585362195968628,0.33710208535194397,151.99908088235293,17.31757503444525,15.62810093797249,19.434171614468333,20.914769481680345,22.641098005554195,22.000008793343856,27.032945201058464,classical
-419.3325500488281,127.41255950927734,-3.7806549072265625,23.201251983642578,-4.3132853507995605,4.038642406463623,-8.20468807220459,-7.614800930023193,-7.066254615783691,-2.9135451316833496,-7.399464130401611,-5.427491188049316,-9.091689109802246,1282.3275301478,2441.9035378299013,0.059409440255220415,0.015997374430298805,0.15398737788200378,0.30034327507019043,0.2999826669692993,0.40568235516548157,0.2820887267589569,0.11984530091285706,0.15469758212566376,0.2646731734275818,0.20738886296749115,0.2929093539714813,0.2092200666666031,0.18053919076919556,123.046875,16.18011311687662,20.926335153419103,24.046660345957587,23.246690966901053,23.75346036513387,20.913284633915836,26.3482480872976,classical
-275.443603515625,125.33515930175781,-41.0332145690918,24.59947967529297,-4.762903690338135,-4.257404327392578,-15.002059936523438,-5.042078495025635,-4.998161792755127,2.4723503589630127,-10.893561363220215,-8.01608943939209,-5.168351650238037,1533.6492784629645,2837.7197832076567,0.09391540385730858,0.04148009419441223,0.22662442922592163,0.24946852028369904,0.23456235229969025,0.21464964747428894,0.3832593858242035,0.20867423713207245,0.1858168989419937,0.29450368881225586,0.3395187556743622,0.5397997498512268,0.3000357151031494,0.23324747383594513,151.99908088235293,16.25989517388061,19.36160040754929,22.202389894479005,22.953799201750737,24.249601639373868,24.58859969808611,31.805116392771865,classical
-275.9678039550781,146.3253631591797,-36.60139465332031,24.209836959838867,-2.5517094135284424,-2.1551759243011475,-13.308850288391113,-6.500922203063965,-9.406593322753906,-3.121519088745117,-11.546324729919434,-4.189929485321045,-1.6999396085739136,1279.4808753417974,2378.020036524797,0.07583880147911833,0.04432253912091255,0.243539497256279,0.31892701983451843,0.4682122468948364,0.26855698227882385,0.3154989778995514,0.16610968112945557,0.22196191549301147,0.31601661443710327,0.2638930678367615,0.3872736692428589,0.278516948223114,0.28682294487953186,112.34714673913044,15.398299923928779,19.743001094299146,22.337779486078354,23.137385744567982,24.393844113209,23.74605712246957,30.463707009756348,classical
-409.5085144042969,116.79857635498047,-16.184534072875977,11.701641082763672,0.6897329688072205,6.012307643890381,-4.265307903289795,0.4997360408306122,0.43108057975769043,12.58663272857666,-1.1213994026184082,-1.1413047313690186,4.948069095611572,1633.5822989966382,3161.83362637761,0.10895658110982212,0.012809237465262413,0.2958917021751404,0.1962658166885376,0.23543381690979004,0.32668331265449524,0.278398334980011,0.2159615010023117,0.21335247159004211,0.15625156462192535,0.2801271378993988,0.3139411509037018,0.37388041615486145,0.364176481962204,129.19921875,15.812516311832765,15.908989553073331,20.65268602569763,21.69979833740698,26.37385713602824,24.956952281810985,30.18331060496926,classical
-358.75811767578125,129.07833862304688,-30.378684997558594,19.878694534301758,-10.36597728729248,-0.649600625038147,-10.599926948547363,1.5427625179290771,-3.9666149616241455,1.871791958808899,-8.833107948303223,-7.169190883636475,-8.212051391601562,1396.7128037657276,2652.764057062065,0.07262022368039443,0.019727544859051704,0.17269077897071838,0.1635114848613739,0.20113986730575562,0.17613676190376282,0.20020751655101776,0.294599324464798,0.5213290452957153,0.3206808865070343,0.36890190839767456,0.24677257239818573,0.18999117612838745,0.15063519775867462,112.34714673913044,15.989636531060906,21.94812015122241,24.761620908231304,24.77455448507792,24.905000671730964,23.08166419563493,29.104598515142545,classical
-368.5205383300781,124.25440216064453,-31.574649810791016,17.583703994750977,2.32499098777771,-5.945176124572754,-11.797774314880371,-5.52202844619751,-5.396872520446777,-1.3089094161987305,-8.424348831176758,-3.616905450820923,2.2096312046051025,1329.4563630678226,2462.2959641458815,0.07881720381380511,0.021284298971295357,0.33523809909820557,0.24741041660308838,0.361392617225647,0.2701858878135681,0.4646323323249817,0.31778380274772644,0.20734496414661407,0.23473066091537476,0.15832921862602234,0.2158757746219635,0.2141922414302826,0.19153860211372375,123.046875,16.97309271746895,22.16326989281085,24.429481901047957,25.26915558331485,24.915527019420228,23.72250857169304,27.680659066042363,classical
-160.66152954101562,164.2650909423828,-48.74266815185547,1.6567883491516113,-7.611865520477295,-2.663522720336914,-11.042241096496582,-7.000247955322266,-8.097651481628418,1.2511177062988281,-5.369691848754883,-4.139390468597412,-5.426858901977539,1326.2905913173308,2171.396349985665,0.09386497754204894,0.1341332495212555,0.2811131775379181,0.15588143467903137,0.19329068064689636,0.17210297286510468,0.5790696740150452,0.2150968462228775,0.15761834383010864,0.2977765202522278,0.24062223732471466,0.43210935592651367,0.13525263965129852,0.2819564938545227,99.38401442307692,16.51608340888883,19.283109158593664,21.81424501177656,23.267559811363963,26.54969697164096,23.493513496723942,17.664351553416132,classical
-249.65216064453125,161.55921936035156,10.154520034790039,-3.057677984237671,-0.5735793113708496,-2.0703811645507812,-12.197370529174805,-8.612417221069336,-14.639437675476074,-12.048640251159668,-12.293452262878418,-7.161873817443848,-7.880727291107178,1063.396723083687,1610.985025286398,0.05100896352958237,0.11531046777963638,0.10373806208372116,0.058648236095905304,0.21183721721172333,0.36536240577697754,0.13899947702884674,0.17456607520580292,0.10676633566617966,0.24970048666000366,0.13247956335544586,0.14538846909999847,0.46673116087913513,0.13770821690559387,123.046875,17.43563586494445,19.367833018136146,26.029009158734084,25.66738491050769,24.22189056718047,17.30641067406327,14.91024818471998,classical
-402.208251953125,153.97674560546875,-15.228629112243652,15.294281005859375,-3.0716235637664795,-3.183727502822876,-9.759970664978027,-17.30577278137207,-12.305010795593262,-7.918074607849121,-7.099394798278809,-0.2957208454608917,1.5226656198501587,1181.884073002171,2033.66365012326,0.0717101248308198,0.01792115345597267,0.3531106114387512,0.20859606564044952,0.18069131672382355,0.37589189410209656,0.22120462357997894,0.2741411030292511,0.20318841934204102,0.26612308621406555,0.21158908307552338,0.1568298637866974,0.393407940864563,0.1822928786277771,129.19921875,17.769753719478473,21.50668739696446,26.36118453093425,27.06660950187778,28.19803003322001,25.808404251540217,19.491208386364395,classical
-171.08477783203125,156.8987579345703,-21.833309173583984,5.326319694519043,-4.069915294647217,-3.7315673828125,-8.900291442871094,-4.936922550201416,-7.900486946105957,-5.393338680267334,-9.340079307556152,-6.605034351348877,-7.787569999694824,1176.9449938974453,1903.8084622896636,0.06226149338942308,0.13830631971359253,0.23919546604156494,0.13167862594127655,0.20788422226905823,0.204811230301857,0.3335101902484894,0.29090365767478943,0.24223773181438446,0.25495585799217224,0.17451170086860657,0.2856720983982086,0.19294200837612152,0.2756733000278473,184.5703125,17.483907169140373,18.758775189956165,23.00965371723472,24.076169086582794,25.0465944021268,21.523007456461706,16.26296481777685,classical
-85.30834197998047,118.44306182861328,-31.47715187072754,20.28232765197754,-4.417633533477783,6.912192344665527,-10.952411651611328,-1.6223387718200684,-7.3614726066589355,-3.0186843872070312,-4.444011211395264,-1.4172890186309814,-4.253397464752197,1878.4940039517187,3633.3658098897913,0.11157585315158546,0.1150687113404274,0.18718811869621277,0.3900059163570404,0.5800111889839172,0.3247033953666687,0.3347548842430115,0.275796115398407,0.2590218186378479,0.3475300669670105,0.421593576669693,0.4297221899032593,0.3605436086654663,0.25121477246284485,129.19921875,17.17842447420976,14.227127820210741,18.463324214165702,19.850168924091765,20.714607933310106,20.557243272984973,21.250464183121835,classical
-436.85821533203125,154.08042907714844,-19.861963272094727,20.182659149169922,3.1738946437835693,0.4509458541870117,-6.527718544006348,-4.608915328979492,-10.058647155761719,-6.156630992889404,-4.533360004425049,-2.7670464515686035,-5.211670875549316,1174.3248424595008,2083.7912150159514,0.06634016398395205,0.009491225704550743,0.2586928606033325,0.24986140429973602,0.23660865426063538,0.19758692383766174,0.47278058528900146,0.23247356712818146,0.37133124470710754,0.19657056033611298,0.1257842481136322,0.19598141312599182,0.13447755575180054,0.4287457764148712,123.046875,19.732631529452377,20.660649303751956,24.891294601712318,25.228980754401885,24.04609531756536,20.66175501395601,15.88336090991676,classical
-124.04525756835938,148.5956573486328,-21.581466674804688,17.421335220336914,-1.4155147075653076,4.123948097229004,-7.020776271820068,-5.14472770690918,-5.845648288726807,5.024510383605957,-6.226354122161865,-1.9116531610488892,-0.900143563747406,1514.0972710756876,2767.1079847547744,0.08720002350983797,0.16080020368099213,0.22266510128974915,0.2644590437412262,0.31562700867652893,0.4324735403060913,0.3264709711074829,0.2234375774860382,0.30418872833251953,0.19914603233337402,0.30354729294776917,0.2920907139778137,0.3291712701320648,0.3433103859424591,143.5546875,18.09064221299929,16.96053939221032,20.780943060030538,21.898810919405538,24.387024629239665,21.912741809110198,18.488842016726355,classical
-98.35357666015625,98.35549926757812,-20.490530014038086,18.82003402709961,-2.095781087875366,2.665037155151367,-7.311517238616943,-3.590113639831543,-7.989524841308594,-1.9183743000030518,-4.731997013092041,0.6237759590148926,-2.5930848121643066,2224.8938399288413,4467.456319236165,0.10944642813951239,0.12373418360948563,0.5672500729560852,0.22129195928573608,0.27872908115386963,0.20264939963817596,0.3409084975719452,0.31959813833236694,0.26979807019233704,0.5040021538734436,0.23177850246429443,0.24236777424812317,0.19719649851322174,0.3638123571872711,143.5546875,17.61610652905403,14.318739338603297,18.580806869159282,20.06895169529106,19.323272513120994,18.124760654866094,16.0741903814105,classical
-449.5513000488281,151.49676513671875,-12.753422737121582,44.25980758666992,6.250194549560547,4.054498672485352,-1.4762170314788818,-1.6236225366592407,-2.486520290374756,-4.285675525665283,-9.663298606872559,-1.35318124294281,0.1356770396232605,1170.256219376788,2360.475388812355,0.04948709698859242,0.00796934962272644,0.5364035964012146,0.6131533980369568,0.22302742302417755,0.15458233654499054,0.1213168352842331,0.22327424585819244,0.25293785333633423,0.25962987542152405,0.2832822799682617,0.19475381076335907,0.3753903806209564,0.19437605142593384,123.046875,16.167728174522527,17.30902944088103,23.36036160287203,21.855693139898015,20.720962640683087,20.62672470857894,16.095310792228595,classical
-230.27236938476562,119.15338134765625,-1.0512242317199707,28.38448715209961,10.008779525756836,16.125822067260742,4.793945789337158,6.192378520965576,0.9515955448150635,5.915186882019043,-1.1755236387252808,3.5739166736602783,-2.09965443611145,1527.645526264714,3220.8305240784634,0.06010507872968266,0.08052823692560196,0.3750728964805603,0.3982393145561218,0.49174514412879944,0.4107602834701538,0.4523342251777649,0.3230752944946289,0.40875887870788574,0.40376153588294983,0.2865438461303711,0.339620441198349,0.3126252591609955,0.3749490976333618,135.99917763157896,17.510949802768184,16.421265723226014,17.349715821554568,16.584793244082725,17.040906527772304,16.553706790012782,16.57041621032695,classical
-186.65797424316406,86.64906311035156,-15.726743698120117,14.733743667602539,-2.2077510356903076,6.2551727294921875,-0.8924627304077148,0.6554030776023865,-6.094046592712402,-5.222849369049072,-7.879544258117676,-1.7255487442016602,-4.700312614440918,2411.5244663469507,4993.363283515806,0.12693159984048724,0.05543959513306618,0.44506746530532837,0.34220802783966064,0.3832675814628601,0.3518494963645935,0.3969426453113556,0.3933643698692322,0.33778607845306396,0.3311169147491455,0.3096737265586853,0.4606698155403137,0.5096737742424011,0.3932878375053406,161.4990234375,18.9275828364432,13.767831976651095,17.48351163837491,18.893539907861776,20.208692421733573,19.024170668628273,18.993032601253915,classical
-121.8335189819336,149.6673583984375,-42.83201599121094,24.485321044921875,-5.406042575836182,10.664612770080566,-2.8184380531311035,0.78352290391922,-6.398064613342285,4.474059104919434,-1.2259256839752197,1.2524996995925903,-1.198870301246643,1462.3835644748758,2740.2111359458554,0.08767017105137509,0.1382857710123062,0.1796247363090515,0.24987326562404633,0.6558297872543335,0.23977649211883545,0.22517167031764984,0.2788577079772949,0.316528856754303,0.5429540276527405,0.22178198397159576,0.3216714560985565,0.22339995205402374,0.19524049758911133,107.666015625,18.156363873730076,16.625324444840743,20.35185978880498,21.56130845279906,23.611415690035816,22.42252276763853,20.274099391394365,classical
-108.06733703613281,127.2767333984375,-44.95274353027344,31.253358840942383,4.346364498138428,-4.941817283630371,-15.889656066894531,14.636188507080078,-7.799101829528809,-1.2097643613815308,2.8209619522094727,17.278034210205078,-4.097750663757324,1702.24789858299,2820.988903306935,0.11507495897545662,0.17407946288585663,0.5018395781517029,0.503989040851593,0.4906271696090698,0.3764035403728485,0.28572341799736023,0.27733269333839417,0.2093345671892166,0.25144341588020325,0.21093475818634033,0.2110053151845932,0.2434867024421692,0.2723916471004486,129.19921875,17.89125737599584,15.705738219608731,21.03737595677151,21.36713449181416,21.899668251984913,19.210742483151996,34.61062309820021,classical
-483.9678649902344,144.1649932861328,1.3792461156845093,8.070789337158203,4.933557987213135,-2.3163371086120605,-2.7404160499572754,-6.843647480010986,-10.154459953308105,-8.07066822052002,-7.157021999359131,-10.555949211120605,-7.773562908172607,1079.788869352158,1764.6318404691126,0.05933844499226605,0.013054551556706429,0.09579190611839294,0.24041594564914703,0.11912485957145691,0.2918625771999359,0.27483201026916504,0.10071182996034622,0.17050139605998993,0.09195263683795929,0.25918152928352356,0.2915893495082855,0.12482064962387085,0.17691843211650848,123.046875,17.10803206506466,21.302750295196276,27.242699923781327,28.065825904427783,25.01616637827682,20.987760647135374,15.947963975921024,classical
-81.11544799804688,129.04563903808594,-42.444210052490234,33.13706970214844,5.685447692871094,-6.5037617683410645,-2.2667922973632812,7.4018778800964355,-18.706079483032227,2.4765915870666504,3.7434184551239014,1.8843731880187988,-10.075477600097656,1681.2723869009876,3078.3259073893228,0.09672226140528549,0.18971039354801178,0.16577640175819397,0.20631444454193115,0.6905314326286316,0.30281350016593933,0.2774476408958435,0.18392574787139893,0.3262265622615814,0.6212356686592102,0.27904853224754333,0.2835172414779663,0.15266942977905273,0.2671244442462921,112.34714673913044,19.983091951185106,19.25183148352691,22.69678920802878,22.085188396887077,20.67222673320453,22.672407329308893,20.177616895265427,classical
-367.07080078125,112.81916046142578,-18.745601654052734,10.175581932067871,-1.6043580770492554,3.799531936645508,0.9256811738014221,5.063905239105225,-5.370904445648193,-9.51462459564209,-8.494093894958496,-1.7862536907196045,1.287040114402771,1751.5809593775805,3236.583651301479,0.09522957149071926,0.016776716336607933,0.3946048319339752,0.21213394403457642,0.36819881200790405,0.20349739491939545,0.21090398728847504,0.23706942796707153,0.14349141716957092,0.30546411871910095,0.2085469365119934,0.24783095717430115,0.3078763484954834,0.2069156914949417,107.666015625,16.326127168765478,17.279761363808046,22.299575181235227,24.91471902942401,23.994578374424435,20.67416629775799,18.152971664505383,classical
-349.9482727050781,161.85740661621094,-3.369462013244629,14.163236618041992,5.731613636016846,3.5070769786834717,2.97391939163208,-7.0916595458984375,-7.915771007537842,-0.36118283867836,2.8649024963378906,-2.4754703044891357,-6.782114028930664,1137.8827996451196,1821.3126268851508,0.08184394334880124,0.02999146468937397,0.2587205767631531,0.15503045916557312,0.4030318856239319,0.14624668657779694,0.36034151911735535,0.4155054986476898,0.21998649835586548,0.3773576319217682,0.17043109238147736,0.3739582598209381,0.11160647869110107,0.1950657218694687,129.19921875,29.21748246243637,18.487819644338547,24.991036512791307,27.99175276192615,28.116408466643435,23.609984981443077,15.268142991677417,classical
-197.22750854492188,137.38995361328125,-34.159217834472656,25.363323211669922,-5.264414310455322,-2.776881217956543,-9.508549690246582,-7.613304138183594,-7.6476240158081055,-5.667731761932373,-4.384303569793701,-5.424352645874023,-3.528219223022461,1551.3608602773115,2841.008884226363,0.093266250362529,0.06912916898727417,0.3330006003379822,0.19723980128765106,0.30957508087158203,0.18915662169456482,0.3073437213897705,0.3359535038471222,0.24885539710521698,0.3261830806732178,0.24583308398723602,0.37574729323387146,0.21800483763217926,0.30403566360473633,117.45383522727273,31.093310702828262,15.579308165482523,19.81461280863511,21.83902881432318,22.875511925671535,22.71618515484718,18.747579647704477,classical
-166.42173767089844,122.12507629394531,-32.1141242980957,16.680294036865234,-5.400134086608887,-2.4928677082061768,-9.827045440673828,-4.898499488830566,-6.967042922973633,-4.57145357131958,-6.654088497161865,-5.4923553466796875,-5.371945858001709,1803.800200335076,3366.6405343677493,0.1040197668938515,0.06871982663869858,0.4097011089324951,0.2299090474843979,0.28209617733955383,0.21545730531215668,0.31906765699386597,0.34033653140068054,0.26599615812301636,0.3825741708278656,0.24953432381153107,0.3410259783267975,0.23356086015701294,0.39519840478897095,123.046875,30.779516988532823,15.239469351279295,19.092198150952598,20.450829070488922,21.470224545530662,21.377140900104568,18.535082093038568,classical
-274.3258972167969,148.35321044921875,-20.328933715820312,21.799068450927734,7.928088665008545,3.776704788208008,-2.228849411010742,-6.087869644165039,-5.623010635375977,-6.690318584442139,-5.903531551361084,-4.592247486114502,-1.5412744283676147,1322.7344268727697,2474.902796911253,0.0761046560808198,0.0481804683804512,0.4708939790725708,0.2192290723323822,0.31134697794914246,0.19055069983005524,0.31662866473197937,0.20587223768234253,0.20148921012878418,0.3940136134624481,0.23716698586940765,0.3773106038570404,0.1727534979581833,0.28456854820251465,151.99908088235293,32.78663891978793,16.23941253361857,22.73149722130829,24.396301417493888,24.342603561256887,21.689214494762176,16.78237369111885,classical
-305.44927978515625,135.9326934814453,-11.758563041687012,18.213851928710938,10.375581741333008,3.0047128200531006,-5.593382358551025,0.141344353556633,-1.3541280031204224,-1.8684579133987427,-3.2081377506256104,-6.750213623046875,-2.6937735080718994,1474.7414794976396,2809.8082221577724,0.07402917754253674,0.03890639543533325,0.4338347613811493,0.26041072607040405,0.33321332931518555,0.21783532202243805,0.2429390400648117,0.4536549150943756,0.3321230709552765,0.30259770154953003,0.21622149646282196,0.3674911856651306,0.384440541267395,0.2983192205429077,92.28515625,29.376838039765993,16.081006325450748,20.085117548373876,22.056128999497705,21.801817880752104,19.7446144796472,15.708797510888125,classical
-465.89727783203125,180.1809844970703,56.64645004272461,11.035487174987793,5.847320079803467,0.7351599931716919,-3.9715194702148438,-5.886589050292969,-8.459514617919922,-9.785686492919922,-7.691812515258789,-3.2519478797912598,-1.8584505319595337,690.5300405312647,749.7401686666183,0.03604482369006187,0.020141035318374634,0.25645723938941956,0.17785879969596863,0.2501850426197052,0.1607411652803421,0.1769125908613205,0.4597574472427368,0.19218166172504425,0.13132314383983612,0.12051568925380707,0.18360885977745056,0.3773368299007416,0.23534896969795227,99.38401442307692,16.750763256620527,19.08755430361513,25.994097173031268,25.08719687598984,22.382063642024953,15.700707065938523,13.504588818228502,classical
-498.6472473144531,145.6685791015625,46.47014617919922,15.258627891540527,3.06862211227417,-0.8322840929031372,-5.222707748413086,-6.2106781005859375,-3.811383008956909,0.08911605179309845,2.71768856048584,2.2169222831726074,0.2405623495578766,1118.450246121639,1875.6785523310614,0.0422878752175174,0.012558122165501118,0.13230401277542114,0.2135850042104721,0.11777026951313019,0.31532225012779236,0.19747544825077057,0.05681473761796951,0.10487568378448486,0.1941017210483551,0.6013957858085632,0.2661767601966858,0.07038857787847519,0.11833222955465317,117.45383522727273,16.098660420767004,19.910046465213544,25.270057185337787,26.038860883918677,21.06916348210759,15.748338729297862,13.797070155591221,classical
-421.5946960449219,172.7894287109375,28.069190979003906,-2.5672545433044434,-3.5711488723754883,-4.8697967529296875,-8.896140098571777,-10.69369125366211,-7.677652835845947,-7.952369213104248,-7.321745872497559,-2.702962636947632,-0.9108148217201233,829.0091477951953,1014.0839685143561,0.04750791521655066,0.029224371537566185,0.16385744512081146,0.35678499937057495,0.4898033142089844,0.283047080039978,0.13822634518146515,0.17687350511550903,0.187486469745636,0.11605830490589142,0.09084531664848328,0.15316614508628845,0.18003636598587036,0.15022990107536316,123.046875,15.666607157467737,19.47907856610553,22.821061074203428,25.07537605303274,23.6643396595555,17.71253982496356,14.09068387199377,classical
-429.1393127441406,175.10499572753906,31.898456573486328,4.28832483291626,1.0443159341812134,-5.778218746185303,-9.484333992004395,-11.283600807189941,-10.57868766784668,-8.663466453552246,-6.329344272613525,-1.677781581878662,0.822805643081665,795.5192461669669,1008.455026011456,0.04502194811001547,0.03176387771964073,0.2720430791378021,0.16127926111221313,0.206446573138237,0.18336434662342072,0.07015781104564667,0.10001764446496964,0.10604854673147202,0.2830630838871002,0.18782320618629456,0.12427794933319092,0.3207903504371643,0.2302621603012085,135.99917763157896,16.49507334723839,18.569322715730284,26.638500166804445,25.911899313734896,24.960912056557305,18.611004617644436,14.016118189430475,classical
-413.4533996582031,143.482421875,31.30588150024414,14.029361724853516,1.5161094665527344,-2.2952940464019775,-6.471192359924316,-8.10999584197998,-5.934281826019287,-4.475447654724121,-2.8047549724578857,-0.822604238986969,-1.2224383354187012,1117.67544135447,1992.7705485970127,0.04635726326856149,0.03170538693666458,0.42225849628448486,0.2319614738225937,0.29694774746894836,0.211761474609375,0.384281724691391,0.3156639039516449,0.17649030685424805,0.3242245018482208,0.16334661841392517,0.12496907263994217,0.1699364334344864,0.3879932165145874,143.5546875,15.48845268251146,18.49402745703921,23.3727773173311,23.80844570181714,21.75455130080783,18.06939378240573,14.745382151199077,classical
-234.44064331054688,130.26002502441406,-39.531036376953125,19.348918914794922,-6.795136451721191,-5.134987831115723,-3.709815263748169,-4.031952381134033,-5.071554660797119,-1.3709052801132202,-7.7486467361450195,-4.380751609802246,0.47027847170829773,1559.9200748058706,2813.4220698593385,0.09517254869972931,0.05735519155859947,0.41657787561416626,0.12562033534049988,0.15839974582195282,0.08214137703180313,0.29492703080177307,0.5272511839866638,0.15220192074775696,0.28848984837532043,0.14486795663833618,0.3988434970378876,0.33052077889442444,0.1673196256160736,161.4990234375,17.820079784376166,19.98239388160139,24.372508384994955,26.505915569216608,24.0482937568869,23.552995550475412,18.886834654380667,classical
-321.24755859375,136.29432678222656,-28.282760620117188,31.008644104003906,0.5742582082748413,0.23691247403621674,0.6586136221885681,-1.3397088050842285,-0.05861179530620575,-0.4239126145839691,-6.176196575164795,-0.14452067017555237,-0.4549770951271057,1349.5622465655813,2443.7437690327724,0.07925337151972157,0.029132109135389328,0.39404451847076416,0.12450964003801346,0.17884215712547302,0.07495175302028656,0.2367875874042511,0.4317413568496704,0.15193934738636017,0.2922138273715973,0.1196397989988327,0.3462190330028534,0.3284713327884674,0.16063129901885986,117.45383522727273,16.67258845191261,20.09774986143403,26.8098382582036,28.037312577953884,25.029038652345154,23.833653331164278,18.74063747909269,classical
-321.1391906738281,134.57176208496094,-18.240039825439453,22.185544967651367,0.42837247252464294,-3.8020198345184326,0.4877544939517975,-1.1469615697860718,-1.902494192123413,-0.10495498031377792,-2.7560534477233887,0.5838326811790466,2.4930169582366943,1355.7633127675824,2522.165929524362,0.07083778941898686,0.03192427381873131,0.24000614881515503,0.18260128796100616,0.2523994743824005,0.16895581781864166,0.2124105989933014,0.2714996337890625,0.1414911448955536,0.2172933667898178,0.22599369287490845,0.5398876070976257,0.314498633146286,0.16337962448596954,151.99908088235293,17.101293650751522,19.217126668801995,23.291889718441546,24.182762819768417,23.78451343461959,23.163329679432582,18.280220279790267,classical
-269.7107849121094,136.43421936035156,-25.016578674316406,26.403865814208984,0.6810674071311951,-5.372084140777588,-1.109292984008789,-1.4986670017242432,-0.17736835777759552,-3.805755138397217,-9.29666805267334,-3.1443982124328613,1.6502773761749268,1397.3892884939066,2616.092662412993,0.075862970079273,0.0516710989177227,0.46571657061576843,0.19246841967105865,0.17297852039337158,0.10416464507579803,0.18449006974697113,0.29391151666641235,0.12549827992916107,0.19324223697185516,0.09467214345932007,0.20315657556056976,0.2287418097257614,0.23851345479488373,143.5546875,16.11212997983464,18.10782791140844,24.142491543132024,24.023637734065357,22.957076490719107,23.521442210626134,18.68682749646849,classical
-360.83868408203125,138.97085571289062,-12.927216529846191,33.77861404418945,7.596158504486084,-1.7088121175765991,1.0270187854766846,4.0721282958984375,3.9389960765838623,0.9415783286094666,0.5166481137275696,4.686480522155762,3.3365964889526367,1285.3702594238277,2477.151043177204,0.06374241710170148,0.020713143050670624,0.31438887119293213,0.19955961406230927,0.32007238268852234,0.2659987807273865,0.24988293647766113,0.4726283848285675,0.21977253258228302,0.17568834125995636,0.1554306298494339,0.33545300364494324,0.4040881395339966,0.23959378898143768,117.45383522727273,18.31531066546373,18.450262746895095,23.251157134470688,23.105325939282647,23.770628208616863,22.622118289307494,17.440846249859597,classical
-306.8560485839844,152.84921264648438,-27.58661460876465,16.32755470275879,-3.1488068103790283,-8.940590858459473,-5.4374775886535645,-9.772418022155762,-7.104296684265137,0.2983124256134033,0.8934093117713928,5.4443206787109375,8.212005615234375,1211.8707246042645,2105.465974387326,0.0709397507008894,0.04378846660256386,0.4292947053909302,0.15254716575145721,0.2866969406604767,0.15262293815612793,0.1938360184431076,0.46074140071868896,0.1412973701953888,0.1185077354311943,0.061411138623952866,0.189822256565094,0.24266503751277924,0.1662435084581375,129.19921875,17.174132452423507,19.180481650977807,24.37089806340503,24.599520959492235,24.232084552989967,23.55710589032558,17.473757621000537,classical
-289.74127197265625,143.90283203125,-27.002756118774414,24.065563201904297,-1.1469279527664185,-6.300431728363037,-2.7458789348602295,-3.5241739749908447,-3.016345500946045,-3.146998643875122,-7.264606952667236,-1.6910165548324585,3.0758981704711914,1360.1636476762342,2568.9211250181265,0.0721379845804331,0.03728163614869118,0.2773733139038086,0.13728244602680206,0.3025117516517639,0.1472727358341217,0.2124795913696289,0.44970688223838806,0.14754922688007355,0.13920792937278748,0.10035687685012817,0.31572723388671875,0.43988537788391113,0.17940305173397064,161.4990234375,17.94342388104987,18.582694889156777,22.08825626001387,22.210204121300354,21.483471413565574,22.562093578084095,18.213051539629294,classical
-413.00115966796875,138.53170776367188,-19.246776580810547,34.156402587890625,8.985243797302246,-4.293563365936279,4.150046348571777,0.8692793250083923,3.0812439918518066,0.12008622288703918,-4.059800624847412,3.7838356494903564,5.919068336486816,1171.477078803794,2235.3896280452436,0.06086408787703016,0.016472352668642998,0.5362533926963806,0.2611306309700012,0.0687217116355896,0.09132120013237,0.1702592670917511,0.2631106972694397,0.12940119206905365,0.2431347519159317,0.22020728886127472,0.11379782855510712,0.23360911011695862,0.27739813923835754,117.45383522727273,19.028340548651048,21.030532608314555,28.344419589103875,26.2052930017943,24.449359047298664,23.33323429796321,16.42266708923337,classical
-238.74171447753906,149.72976684570312,-28.855422973632812,28.25653076171875,-0.8001092672348022,-3.9364912509918213,-2.136371374130249,-4.325533866882324,-4.183619976043701,-3.438124895095825,-5.753284454345703,-0.0901024267077446,2.5456483364105225,1340.8675515904304,2523.0652280307427,0.07174562246229699,0.05880605801939964,0.30503109097480774,0.22986538708209991,0.20068123936653137,0.4154829680919647,0.16574105620384216,0.18371857702732086,0.11599599570035934,0.3423256278038025,0.3925647735595703,0.2093469500541687,0.36686620116233826,0.1967688649892807,117.45383522727273,17.10997484947058,18.146408558760896,22.5285151360234,22.299049079885766,22.13795683855542,22.53336181901569,18.00836859161172,classical
-477.9434814453125,155.32089233398438,12.760221481323242,5.531442642211914,2.384131669998169,-10.652273178100586,-16.651351928710938,-12.546622276306152,-11.187111854553223,-9.374713897705078,-3.2156121730804443,-2.7692902088165283,-6.477841854095459,812.1207958821843,1236.4605047310035,0.048334934503093584,0.016747131943702698,0.17462138831615448,0.09397804737091064,0.2828889787197113,0.4023955464363098,0.19133815169334412,0.3296639621257782,0.19870734214782715,0.19234995543956757,0.2753005027770996,0.16432103514671326,0.15872010588645935,0.1637982577085495,161.4990234375,15.35299773492125,19.83389412383606,24.881791787398186,24.70041512848769,23.598797161193946,20.4597105241814,16.687167706399475,classical
-552.1586303710938,173.3163604736328,26.347732543945312,14.124619483947754,7.260140419006348,-7.080264091491699,-5.854333400726318,-10.337285041809082,-11.018614768981934,-9.199594497680664,-8.825931549072266,-4.930786609649658,-3.6539578437805176,715.8536806386724,1038.6731211934455,0.041281857236078884,0.006627278868108988,0.2574406862258911,0.2331656664609909,0.18210747838020325,0.4019883871078491,0.15885359048843384,0.1375802904367447,0.10117749869823456,0.29512929916381836,0.40296855568885803,0.19793374836444855,0.21297131478786469,0.11982906609773636,135.99917763157896,16.530560705656065,18.983736630118944,26.061043155180133,23.547201527549646,20.95844800128404,17.916575984495775,14.757775401083926,classical
-437.6044006347656,170.93153381347656,7.419581413269043,-3.083472967147827,0.78938227891922,-11.128748893737793,-12.522780418395996,-6.907835960388184,-5.858702182769775,-8.461236953735352,-8.481487274169922,-8.339387893676758,-7.378574848175049,790.5070052979679,1159.412272513051,0.05208824258023975,0.018832877278327942,0.12168769538402557,0.10355794429779053,0.3032595217227936,0.3554382026195526,0.12761090695858002,0.19596555829048157,0.14067363739013672,0.18200553953647614,0.28720390796661377,0.22796864807605743,0.40883010625839233,0.15912972390651703,107.666015625,14.75606253173177,17.16370892840314,22.318450386878165,24.297560571791035,24.11957996897153,21.63952166175409,17.475062047527583,classical
-549.5697021484375,156.96531677246094,6.631246089935303,34.40244674682617,13.249272346496582,5.748277187347412,5.040781497955322,-3.007295846939087,2.0624191761016846,3.073666572570801,2.017580270767212,3.243807554244995,5.667016983032227,973.5355866616919,1910.8094819460557,0.03153360341744006,0.005269843619316816,0.3672295808792114,0.3343810737133026,0.39532366394996643,0.48145490884780884,0.4931381940841675,0.38542094826698303,0.5560373663902283,0.5250971913337708,0.29247722029685974,0.2733587622642517,0.5734977722167969,0.5794692039489746,123.046875,15.99821882618036,16.599278242668124,21.064907101929723,16.908624764990186,16.67054392755805,17.055350105543813,14.021218985097086,classical
-374.6519775390625,153.8229217529297,-21.559772491455078,20.833045959472656,7.00267219543457,-3.9453752040863037,-2.516514778137207,-2.805234909057617,-4.292778491973877,-4.506134510040283,-5.757115364074707,-4.259789943695068,-3.8456010818481445,1214.3502552431812,2164.7530611042635,0.06057444230955143,0.01652822643518448,0.16062088310718536,0.35950514674186707,0.4196627736091614,0.22227810323238373,0.3441299796104431,0.21864289045333862,0.361992210149765,0.22190532088279724,0.2078794687986374,0.24843564629554749,0.15740527212619781,0.2787960469722748,143.5546875,19.444809153383623,19.326705303721628,22.537770738942122,23.76197317857995,22.744739969472892,21.28956884712953,15.974540805045452,classical
-263.9959411621094,142.1168975830078,-51.37895584106445,5.016685485839844,-20.275646209716797,-17.129779815673828,-16.075098037719727,-20.311262130737305,-15.041228294372559,-9.737652778625488,-8.408833503723145,-11.790933609008789,-6.885929584503174,1415.4129895873043,2490.0326615973026,0.08737817514984532,0.04297929257154465,0.22384345531463623,0.16997931897640228,0.2706893980503082,0.22445255517959595,0.2897179126739502,0.3166516125202179,0.33039531111717224,0.3871951997280121,0.28869250416755676,0.3238754868507385,0.31568294763565063,0.2504744827747345,112.34714673913044,19.717385008916512,21.503600123401593,22.24631431323225,23.547676234504944,25.56990422512322,25.99620745718121,19.777405269492156,classical
-338.8304443359375,190.14244079589844,-16.293914794921875,3.7036423683166504,-0.4407285749912262,-8.890434265136719,-10.388581275939941,-16.36096954345703,-13.28485107421875,-10.79232406616211,-8.643243789672852,-8.279584884643555,-4.624200820922852,853.0763810402855,1401.3818585955626,0.050776340753093584,0.04185687378048897,0.5079936981201172,0.17903336882591248,0.19536012411117554,0.08823491632938385,0.22357909381389618,0.4100324809551239,0.14121153950691223,0.21639445424079895,0.15872830152511597,0.4760897159576416,0.20284214615821838,0.1381089687347412,123.046875,19.910588696088904,20.075045632097737,25.71786303193138,25.34115018820598,26.340624474236684,22.08306234825022,16.309950642205564,classical
-368.9961242675781,171.87368774414062,-27.293062210083008,6.004986763000488,-0.16409572958946228,-10.674201011657715,-11.92482852935791,-10.194441795349121,-11.368568420410156,-10.507291793823242,-8.375311851501465,-9.78917121887207,-5.058682441711426,1002.6849591662105,1734.1472864704176,0.057944596505220415,0.021991489455103874,0.23106859624385834,0.14389930665493011,0.2090139538049698,0.15660135447978973,0.11475827544927597,0.2116192728281021,0.19248022139072418,0.5910271406173706,0.28724387288093567,0.19233272969722748,0.43334320187568665,0.18544386327266693,112.34714673913044,19.869545027358598,18.81068806413196,24.00409599949956,22.89210821608099,23.683535549259208,22.321920919856954,17.124007069553418,classical
-246.1586456298828,149.4286651611328,-41.98886489868164,11.606256484985352,-10.289647102355957,-4.019357681274414,-7.136855602264404,-10.1355619430542,-9.42032241821289,-7.1718430519104,-3.158367872238159,-5.6406569480896,-2.5862960815429688,1525.7917091607942,2733.1846586789443,0.09158955372679814,0.03888529911637306,0.33758020401000977,0.22729043662548065,0.4992595911026001,0.29681381583213806,0.3628968894481659,0.34906092286109924,0.20823752880096436,0.3922730088233948,0.21896716952323914,0.3210602402687073,0.29744014143943787,0.20600710809230804,107.666015625,17.927492352142526,14.882813158957992,19.21579607678222,20.529570990380083,21.981498265979194,21.666279924263325,17.207331630925893,classical
-283.513427734375,159.5615997314453,-29.515243530273438,18.52740478515625,-9.859646797180176,-3.425657272338867,-10.98901081085205,-9.791543960571289,-8.299519538879395,-4.2436933517456055,-2.871725082397461,-5.970812797546387,-4.024108409881592,1356.2906973182814,2496.3027706279004,0.07683462333236658,0.03149893134832382,0.19149187207221985,0.16623517870903015,0.34795528650283813,0.4619331359863281,0.23386505246162415,0.40100306272506714,0.2046070694923401,0.4280821681022644,0.45508813858032227,0.26131823658943176,0.4228484034538269,0.16985063254833221,99.38401442307692,19.878409936630668,14.843878951370655,19.437355872109645,20.313945540071582,21.715393935953543,21.371227371629125,18.944053058911653,classical
-392.92498779296875,190.73504638671875,-13.309889793395996,8.256797790527344,1.5560119152069092,-11.073182106018066,-11.240290641784668,-13.99495792388916,-10.621298789978027,-9.390466690063477,-4.621174335479736,-10.071728706359863,-4.821782112121582,877.3225402716945,1457.7129178146752,0.05104483879543697,0.021454155445098877,0.2288203239440918,0.2147051841020584,0.4021890163421631,0.16060201823711395,0.21918974816799164,0.12491964548826218,0.2908170223236084,0.4515516757965088,0.23989638686180115,0.4328089654445648,0.1850585639476776,0.3418543338775635,123.046875,18.76881614780684,18.89679099281511,23.95839577019105,23.70328295490338,24.663584383838476,21.587480511056427,16.42720925382054,classical
-299.6230773925781,157.25868225097656,-37.3299674987793,15.766090393066406,-5.750917434692383,-4.452047824859619,-6.812516689300537,-10.72881031036377,-9.877372741699219,-8.156402587890625,-5.426560878753662,-7.83736515045166,-2.730994462966919,1304.1427959179266,2350.2750122353536,0.07056627030162413,0.028257280588150024,0.3412777781486511,0.25350362062454224,0.2119687795639038,0.31102386116981506,0.14900945127010345,0.2192476987838745,0.14133861660957336,0.39712050557136536,0.5555672645568848,0.27469030022621155,0.4616420567035675,0.21662120521068573,107.666015625,18.265081713687003,15.635022986645055,20.766022749454148,20.52728191809851,21.663596533700947,22.144239642295517,17.222759677324373,classical
-301.9320983886719,57.55167770385742,-59.13855743408203,33.53784942626953,-20.92420196533203,17.73392677307129,-0.6399964094161987,49.01870346069336,19.130725860595703,27.11223030090332,-17.640003204345703,-0.2826140224933624,-3.750938892364502,2423.3323353649416,4296.615112021462,0.16665269419470224,0.03511142358183861,0.18509702384471893,0.09335571527481079,0.0611930675804615,0.18315757811069489,0.2748655676841736,0.08935506641864777,0.12421147525310516,0.07525400817394257,0.3685663938522339,0.3402615189552307,0.15639527142047882,0.6556844711303711,99.38401442307692,18.206821091408496,12.99968041068484,17.50952963672837,29.194142685202035,28.806667727394395,25.985438662110482,38.04730639528744,classical
-326.3802795410156,85.90885162353516,-42.97014236450195,31.839683532714844,-19.570825576782227,9.997395515441895,-16.449766159057617,9.995577812194824,-8.59866714477539,25.513877868652344,6.546204090118408,16.40181541442871,3.484389305114746,2172.3382154638084,4066.8943046693735,0.15196460508507348,0.02384028024971485,0.16763655841350555,0.2868599593639374,0.13004183769226074,0.26356104016304016,0.15772603452205658,0.07338348776102066,0.17544405162334442,0.22751282155513763,0.48699355125427246,0.273792028427124,0.24209991097450256,0.14779719710350037,117.45383522727273,19.698349093871272,18.72150096278949,25.370212901787244,27.16609841828645,28.181049266015865,26.927671611028202,35.77893298582119,classical
-251.2393341064453,88.76644897460938,-41.775455474853516,37.9148063659668,-12.039210319519043,21.623262405395508,-5.86722469329834,25.713729858398438,-5.204474925994873,14.297369003295898,-7.549230098724365,10.47476577758789,-4.924638748168945,2192.5069045226314,4065.970025648927,0.15240530440351896,0.04473284259438515,0.14325447380542755,0.29333263635635376,0.13150554895401,0.24401402473449707,0.4218655228614807,0.17637787759304047,0.2066459208726883,0.1415127068758011,0.3386560082435608,0.23963545262813568,0.09838361293077469,0.2759020924568176,143.5546875,17.280264696688036,22.03713544436555,22.567715756248617,26.57125390816692,27.362560624543086,26.191891629808335,38.37330327893718,classical
-299.6929016113281,103.63917541503906,-27.674165725708008,51.01561737060547,12.29365062713623,16.49836540222168,-10.951070785522461,-0.8876350522041321,3.855537176132202,12.946043968200684,-12.410850524902344,2.478123664855957,5.183284759521484,1807.9280823768647,3073.2943576892403,0.13096813370069604,0.08412107825279236,0.29026445746421814,0.09248529374599457,0.04280282184481621,0.12809772789478302,0.2810478210449219,0.12570610642433167,0.1263674646615982,0.06835062056779861,0.1019602045416832,0.3999481201171875,0.1794174611568451,0.3368837535381317,129.19921875,15.84136903270745,20.428034350237244,24.500365116253043,22.685046810751857,31.926449814323608,27.818631589882745,34.06687235235782,classical
-207.4252166748047,117.61351776123047,-41.4209098815918,13.249366760253906,-1.670911431312561,15.538311958312988,-10.338401794433594,-1.8724031448364258,-12.771743774414062,6.999659538269043,-0.7737137675285339,2.0700433254241943,-8.253665924072266,1623.7580253062436,2732.0272281938805,0.10824964955529776,0.08244843035936356,0.2567904591560364,0.10057640075683594,0.21913307905197144,0.16466425359249115,0.42653095722198486,0.4317949712276459,0.2551146447658539,0.414543092250824,0.11722242832183838,0.11127462983131409,0.06121617183089256,0.1644585132598877,135.99917763157896,18.109498361497504,17.237211278624997,21.23801157752694,24.941302288682152,25.80107841789467,23.42159060862235,35.81614163095422,classical
-385.8715515136719,128.65533447265625,-26.710420608520508,39.469886779785156,-2.161214828491211,16.75307273864746,-5.728032112121582,14.715787887573242,-3.0880722999572754,12.300447463989258,-5.886197566986084,2.797902822494507,3.6902453899383545,1423.5649269846945,2926.2090908678942,0.07011877356438515,0.013985889963805676,0.42660486698150635,0.3350510895252228,0.5312087535858154,0.3250082731246948,0.2011212706565857,0.21847254037857056,0.35218238830566406,0.446626752614975,0.29512059688568115,0.4844523072242737,0.548620343208313,0.261276513338089,123.046875,17.61686243389883,18.149692922854047,22.223374887451456,21.922875331163745,21.796094366123853,21.162229873084975,28.719212955007308,classical
-422.544677734375,89.8630142211914,-18.732948303222656,37.771907806396484,6.006347179412842,4.157854080200195,-1.9991796016693115,12.114277839660645,4.1649370193481445,13.789985656738281,2.8316237926483154,5.892904758453369,6.113411903381348,1800.8758120131474,3426.8602269431553,0.12435424521461717,0.013560658320784569,0.29378727078437805,0.158475860953331,0.356783926486969,0.16902576386928558,0.12500418722629547,0.33625510334968567,0.1325589120388031,0.22168736159801483,0.1783367097377777,0.22476114332675934,0.3807064890861511,0.1548808217048645,117.45383522727273,17.965258753725436,17.939238287376515,25.419526294889106,25.78809033249848,26.128087661548317,25.31245618189659,30.107727538136388,classical
-203.65866088867188,111.14665222167969,-51.548519134521484,39.46770095825195,-10.575404167175293,11.908858299255371,-13.166576385498047,15.140764236450195,-7.281221389770508,13.37624740600586,-7.30366849899292,3.8474369049072266,-3.781568765640259,1933.7503480662401,3574.5866602921983,0.11757193179621037,0.056960031390190125,0.21394947171211243,0.36713936924934387,0.599452018737793,0.25113144516944885,0.2210962176322937,0.17671972513198853,0.2197638601064682,0.29514360427856445,0.21176399290561676,0.46880149841308594,0.2908661663532257,0.19952040910720825,135.99917763157896,17.586383824452156,17.476313375943736,20.78984067268171,21.009567687865356,21.460906082073862,21.657116732623667,36.44108761701628,classical
-280.705810546875,122.70870971679688,-14.398484230041504,26.85529327392578,1.3424961566925049,5.9945969581604,-13.109009742736816,3.3745083808898926,-11.562682151794434,5.179688453674316,-1.0512304306030273,2.7557730674743652,0.0577944852411747,1494.4657470360255,2782.1048320584396,0.08590993269044857,0.03669516742229462,0.3503470718860626,0.23687843978405,0.2438380867242813,0.11157786101102829,0.3790675401687622,0.19709226489067078,0.08264024555683136,0.17907877266407013,0.170256108045578,0.33207643032073975,0.13538303971290588,0.24919289350509644,103.359375,13.499979851527069,18.208182679444043,24.178789745551786,24.709173816965045,24.598081886238685,22.963552049635584,35.013794577543294,classical
-287.60369873046875,101.75817108154297,-35.34540557861328,41.28015899658203,-12.727130889892578,17.276147842407227,-13.967988967895508,16.304946899414062,-5.592962265014648,13.654108047485352,-8.788415908813477,-0.05309520289301872,-13.757535934448242,1952.6079332127845,3779.909832239704,0.12342262120552977,0.029083412140607834,0.3978670835494995,0.1438601016998291,0.1123339980840683,0.1026996597647667,0.38786667585372925,0.5836416482925415,0.2786881625652313,0.28326427936553955,0.19271406531333923,0.5177865028381348,0.31017717719078064,0.16863612830638885,95.703125,15.679685056568916,18.681855999598262,21.48355528204767,23.96396082170758,24.473955971403903,23.647332034453264,34.825406279325755,classical
-378.6961975097656,126.49835968017578,-18.83013916015625,42.889591217041016,-14.32557487487793,25.359525680541992,-14.636545181274414,18.717952728271484,-10.1842041015625,21.1190128326416,4.4280829429626465,18.228246688842773,-10.292282104492188,1525.0760420116658,3325.672491299304,0.08068536107888631,0.010499871335923672,0.30572301149368286,0.35224053263664246,0.3314848840236664,0.35217517614364624,0.3939369320869446,0.22778725624084473,0.42461585998535156,0.36581188440322876,0.2528862953186035,0.3207506537437439,0.29910969734191895,0.3802762031555176,117.45383522727273,16.995481767960335,18.41694078902017,22.534928167577277,23.558967564115196,23.44327116455249,23.751256527539503,31.683750769990304,classical
-23.10495376586914,70.2558822631836,3.8055307865142822,28.323957443237305,13.75428581237793,5.728135585784912,3.9737789630889893,7.472808361053467,2.6279067993164062,8.490234375,-2.3202080726623535,2.0890800952911377,-3.3720123767852783,2798.0656266251635,6221.38434516059,0.1072048611111111,0.2482956349849701,0.28090786933898926,0.4264259934425354,0.33555856347084045,0.3660879135131836,0.36974525451660156,0.39160531759262085,0.5897400379180908,0.39428892731666565,0.4635734558105469,0.32929930090904236,0.3145764470100403,0.34534764289855957,161.4990234375,23.76564463148301,17.34000860036559,20.867623428404684,20.055148828773174,20.093644568125388,18.863696577597832,17.678507344662503,country
-7.972789287567139,62.72463607788086,-1.4591701030731201,28.1099853515625,9.967061042785645,9.363964080810547,5.4159040451049805,9.825429916381836,3.02754545211792,8.42094898223877,0.31071293354034424,6.540353775024414,0.7373716235160828,2938.1313051156862,6279.551664914443,0.12698824499709976,0.23040176928043365,0.31558167934417725,0.415137380361557,0.3190987706184387,0.44664743542671204,0.41662493348121643,0.45482268929481506,0.6393340826034546,0.4212628901004791,0.38003987073898315,0.2614920735359192,0.38873153924942017,0.5098791122436523,129.19921875,22.52371100300181,14.466340217921454,18.70224200266841,19.20902511824626,19.30556031737004,18.25837179697115,16.728414488788967,country
-120.3051986694336,79.22588348388672,5.229386329650879,34.5482177734375,16.506736755371094,13.129608154296875,6.345089435577393,9.962078094482422,-2.00150728225708,6.810067653656006,-6.352068901062012,0.22815081477165222,-6.812808513641357,2308.811438098025,5190.094610091744,0.07416238114009939,0.14652664959430695,0.2632969319820404,0.3307700753211975,0.2521613538265228,0.25248008966445923,0.36021241545677185,0.2617184817790985,0.22777993977069855,0.2216861993074417,0.3736513555049896,0.4660134017467499,0.29311901330947876,0.26204749941825867,161.4990234375,18.779290885229884,19.67894049619019,20.153043347543637,18.63118315792976,18.968375660388066,18.404451797440657,17.443319893137623,country
-57.759788513183594,95.7664794921875,-10.109318733215332,40.979637145996094,13.979035377502441,-0.9898583292961121,-0.1884714663028717,7.425078392028809,-3.6333374977111816,9.54513931274414,-2.9410641193389893,2.436251163482666,1.994780421257019,2174.1604935047117,4348.07370779315,0.1025643835864938,0.20427070558071136,0.30632686614990234,0.3565916419029236,0.6214753985404968,0.34400612115859985,0.33014702796936035,0.23276834189891815,0.3699313998222351,0.5071029663085938,0.37883707880973816,0.4702664315700531,0.2734430730342865,0.3329557180404663,161.4990234375,22.196615286529035,18.11204313102397,21.76578323802778,20.790941348957166,20.46390901799432,22.13486944012374,18.774480276252536,country
-20.781349182128906,62.9504280090332,2.3044402599334717,30.773717880249023,6.973462104797363,6.5058112144470215,6.323636531829834,9.873085975646973,3.4352967739105225,9.372201919555664,-0.40415799617767334,7.519415378570557,-0.9842739701271057,2966.1571589936843,6349.4199392596265,0.12416100280572756,0.20939329266548157,0.31379926204681396,0.23277387022972107,0.2185053825378418,0.3611488342285156,0.5383796095848083,0.3554258644580841,0.37827831506729126,0.32234087586402893,0.4478796124458313,0.37981799244880676,0.410355806350708,0.6344665288925171,117.45383522727273,22.338170616687755,15.698051967034505,19.609473539459316,19.323552519581394,18.62033787815563,18.174621598991862,17.003658860873838,country
-24.671669006347656,62.44026565551758,-7.754088401794434,28.432592391967773,10.997146606445312,5.551389217376709,-0.08674418926239014,13.745089530944824,2.8998165130615234,9.909151077270508,0.8537736535072327,5.952077865600586,-1.2259914875030518,2926.532916728232,6177.674360999856,0.13637249376438987,0.203798308968544,0.44006648659706116,0.41111332178115845,0.49564969539642334,0.36644217371940613,0.44267502427101135,0.3516552150249481,0.4036090075969696,0.522922694683075,0.37062081694602966,0.4111710488796234,0.33256056904792786,0.4441682994365692,129.19921875,21.500016368453363,14.872802962270244,19.052750156577577,19.068913822484408,19.648138910720164,17.692584437579605,17.493496309686385,country
-23.20192527770996,71.15686798095703,1.5760129690170288,24.43892478942871,16.319950103759766,4.576767444610596,-3.885664463043213,17.993045806884766,-3.3505048751831055,2.4355409145355225,2.915714979171753,0.8152115345001221,-1.1092840433120728,2807.9125120088343,6023.044502707776,0.1283081334879495,0.21399126946926117,0.38722196221351624,0.3239738345146179,0.4794762134552002,0.41007283329963684,0.4554080367088318,0.6417346000671387,0.4221310019493103,0.4380606710910797,0.2958625257015228,0.3834453523159027,0.48703813552856445,0.3348093628883362,112.34714673913044,21.88032848740603,15.983110180634517,19.33584071698996,19.490222162985543,19.35809155583897,17.983644075865246,18.483782589410737,country
-20.817459106445312,64.90751647949219,6.767101287841797,26.357126235961914,11.665423393249512,13.185628890991211,-1.9791069030761719,8.582197189331055,0.472895085811615,7.44109582901001,-0.4149094223976135,6.945586204528809,3.660606622695923,2898.787368032488,6400.052966421972,0.11293582502902477,0.24406008422374725,0.4749507009983063,0.4291466772556305,0.3860818147659302,0.5202968120574951,0.3613884150981903,0.3855161964893341,0.3128999173641205,0.4275357723236084,0.5793954133987427,0.39890050888061523,0.4305238127708435,0.3507533073425293,103.359375,24.02703455395978,16.128659046621575,20.01899883670056,19.3745237326054,19.9804394559699,18.564707193130037,18.211418358028258,country
-19.763225555419922,76.64637756347656,-4.8265228271484375,32.23871994018555,7.7104949951171875,17.183757781982422,-1.4951016902923584,9.149327278137207,2.7572665214538574,9.145537376403809,-2.6543097496032715,7.519623279571533,0.38755103945732117,2505.851670781852,5480.083979104424,0.10456258734097919,0.274344801902771,0.35568422079086304,0.36208805441856384,0.26729848980903625,0.3227209746837616,0.48402634263038635,0.38064679503440857,0.38942772150039673,0.28034836053848267,0.3909517228603363,0.29855504631996155,0.26630711555480957,0.4659971594810486,129.19921875,23.684453394552918,16.32546370655034,20.941022691697984,21.092005405866182,21.40377325118089,19.40276182043417,20.085740624257657,country
12.14577579498291,58.99750518798828,0.9395952820777893,26.74325180053711,9.245794296264648,3.5632030963897705,1.5272026062011719,8.654257774353027,1.0029399394989014,11.647981643676758,-2.1983072757720947,1.1939830780029297,0.48530083894729614,3191.2596105890007,6926.771206325955,0.15687278464988427,0.23645693063735962,0.3435801565647125,0.3298249840736389,0.4920908510684967,0.2811872661113739,0.35516947507858276,0.43174508213996887,0.4809279143810272,0.7535151839256287,0.46447664499282837,0.45571860671043396,0.39459970593452454,0.3724813163280487,123.046875,20.326415302931515,14.988263477458062,18.621544781426707,19.187614985344286,18.71062236938445,17.713691940655156,17.107745596628472,country
-197.7026824951172,106.4964828491211,-4.433529376983643,37.656394958496094,-0.8653604984283447,-0.962103545665741,-3.4531171321868896,-0.04980562999844551,-9.302802085876465,-5.1777238845825195,-4.250098705291748,-3.5460407733917236,-1.3531574010849,1861.4546090166984,3769.3680553037993,0.07654006851798144,0.07467054575681686,0.3555890619754791,0.2453644871711731,0.25055763125419617,0.2349105030298233,0.36676791310310364,0.3183589279651642,0.2702936828136444,0.43762627243995667,0.27982664108276367,0.2809879779815674,0.20958296954631805,0.24764658510684967,123.046875,22.707309457930677,18.66388819503408,21.467723788042655,19.468032497144808,18.87100867569328,19.370934234234518,16.633071902266835,country
-199.05686950683594,61.14639663696289,9.977331161499023,23.480609893798828,10.260272026062012,0.0013762884773314,8.017387390136719,1.1231515407562256,-4.898378372192383,9.487703323364258,-6.3569746017456055,3.875741958618164,1.6276603937149048,2839.25842945996,6047.924011655307,0.11016274531129157,0.0784747377038002,0.24819351732730865,0.2587776482105255,0.40739089250564575,0.267475962638855,0.26845669746398926,0.24873530864715576,0.3665464222431183,0.3798198997974396,0.24934078752994537,0.3224429190158844,0.2587316632270813,0.3349471390247345,112.34714673913044,22.73731976971194,19.04255024449267,23.438336827327298,23.129110595176638,23.286867051854813,21.07387466317309,16.99932446090243,country
-141.01443481445312,123.92110443115234,-2.5103795528411865,27.954957962036133,-0.00428218487650156,1.2101255655288696,-11.015172958374023,-1.3653062582015991,-7.019753456115723,-6.12955904006958,-5.183857440948486,-2.1625635623931885,-4.59874153137207,1667.5169597765603,3439.733518525232,0.06405358782869296,0.12688757479190826,0.4290153980255127,0.27573394775390625,0.26660194993019104,0.21646179258823395,0.3606279194355011,0.3928498327732086,0.3189796805381775,0.45254045724868774,0.2541331648826599,0.17228348553180695,0.15570035576820374,0.2633766531944275,89.10290948275862,23.521720018261327,17.168088874899198,20.317514850023667,19.395353410496373,19.220853466964595,18.46959553028023,17.055759603474463,country
-126.20301818847656,77.66020202636719,3.1578352451324463,19.944595336914062,10.816771507263184,0.7296954989433289,5.228460311889648,-0.49303123354911804,-0.9959409236907959,5.395140171051025,-3.7251055240631104,-3.493330955505371,-5.336726188659668,2811.872177544087,6061.51341130728,0.1295221716695669,0.08002810925245285,0.2763579487800598,0.3696868121623993,0.28968340158462524,0.26818132400512695,0.5375932455062866,0.363955557346344,0.3489638566970825,0.30430537462234497,0.3872934877872467,0.5407391786575317,0.35416629910469055,0.37632137537002563,129.19921875,21.486474766732915,14.37233390750461,18.693661278379803,20.68652923621182,20.879584141432666,19.135012882070026,15.530794351288561,country
-124.62239837646484,72.49064636230469,16.715553283691406,18.250062942504883,12.224810600280762,8.094712257385254,7.986082077026367,-0.5102592706680298,2.3697214126586914,-0.5687946677207947,-5.568814277648926,0.5433139204978943,-5.0568647384643555,2952.9885811173413,6570.3581559962295,0.12478399313611756,0.09261820465326309,0.24992966651916504,0.43677833676338196,0.42828232049942017,0.37774205207824707,0.4762231111526489,0.32921338081359863,0.32977724075317383,0.23325535655021667,0.3551766872406006,0.5130576491355896,0.33403342962265015,0.31721916794776917,135.99917763157896,22.69284173836081,16.399348815752102,20.69032451980115,20.453710559648744,19.695285962263235,17.770906994434167,15.280115170137273,country
-116.19743347167969,111.75399017333984,-5.24535608291626,33.98963928222656,-12.460973739624023,4.241429328918457,-14.408440589904785,8.494256973266602,-8.198440551757812,-1.3370373249053955,-12.551116943359375,-5.001109600067139,-2.13934588432312,1958.9864228599774,4208.1924190654,0.09423639307811292,0.10473984479904175,0.3378777801990509,0.31778043508529663,0.3777044415473938,0.7605422735214233,0.3644408583641052,0.3031982481479645,0.32089707255363464,0.3061196804046631,0.40493375062942505,0.3272418677806854,0.4229552149772644,0.31134968996047974,151.99908088235293,25.263991017459162,13.95953373895658,16.882364979757956,18.68347842400772,18.68604886346879,17.892721230310382,19.78745833995118,country
-210.1004180908203,139.62176513671875,-17.025503158569336,57.99346160888672,-9.658052444458008,-1.9567310810089111,-17.993432998657227,-8.213173866271973,-11.76938533782959,-7.876311779022217,0.6242502927780151,-9.96292495727539,-6.469420909881592,1426.0207482117,2880.8278236477668,0.060195297394624904,0.0798066258430481,0.47893470525741577,0.23966945707798004,0.19934846460819244,0.1531144082546234,0.32265549898147583,0.6175612211227417,0.33462321758270264,0.27876999974250793,0.2233472317457199,0.36846768856048584,0.372882217168808,0.2822892963886261,107.666015625,25.18310586219368,17.814881376682045,22.01116327925659,19.572050719142826,17.15765849528268,18.506638573152586,16.92804406402907,country
-171.32308959960938,137.33297729492188,7.95475959777832,28.533639907836914,2.6904237270355225,-0.5032651424407959,-2.956709384918213,-1.1481971740722656,-6.15258264541626,-2.3970329761505127,-5.85490083694458,-2.1742196083068848,-5.340976715087891,1470.2190431491572,2967.8432809781034,0.06387005752126837,0.08867939561605453,0.24377049505710602,0.385576069355011,0.5562794804573059,0.3446776866912842,0.42201483249664307,0.2808392345905304,0.4074699878692627,0.395101398229599,0.27666789293289185,0.40430083870887756,0.2475878894329071,0.3228110671043396,89.10290948275862,22.154363954404516,14.462432003545679,19.67746863821662,19.60553413494231,20.392056257090122,19.336065962717683,15.601996535372072,country
-131.15769958496094,102.98625183105469,-11.529914855957031,17.738117218017578,16.9486026763916,4.441824436187744,1.297201156616211,3.41347599029541,-1.5013238191604614,1.6068559885025024,-7.989871025085449,-0.829896867275238,-8.880280494689941,2068.869796587892,4098.677845399507,0.09558907941802011,0.09675964713096619,0.5737066268920898,0.3621332347393036,0.3118705451488495,0.2616555094718933,0.3604269325733185,0.5146538019180298,0.3217521607875824,0.40986111760139465,0.31314852833747864,0.3941156268119812,0.2942425608634949,0.3207753002643585,86.1328125,22.251516413194818,17.73167282887166,18.965500796607163,20.239536596077798,21.632862771909853,20.44308447392835,17.49044912835728,country
-256.0997009277344,163.07937622070312,-22.860849380493164,26.92572593688965,15.294624328613281,-3.506046772003174,4.223812580108643,-0.7875759601593018,-9.461128234863281,1.7529934644699097,-4.427716255187988,-3.6453375816345215,-4.250097751617432,1138.970375102019,2118.197709723028,0.0509447656854215,0.08200867474079132,0.3791675567626953,0.2572875916957855,0.28697705268859863,0.2438179850578308,0.33184701204299927,0.2941925823688507,0.3320547640323639,0.4662165939807892,0.2868923842906952,0.28571516275405884,0.2577362060546875,0.3668057918548584,123.046875,22.94348623614745,18.846083203682294,21.764290453788885,20.64720252194212,21.491729862180087,21.71866431446465,15.23625155215371,country
-161.19606018066406,74.76473236083984,22.419219970703125,46.0118293762207,5.280712127685547,25.113439559936523,-0.5761165618896484,10.385748863220215,-6.833754062652588,5.054583549499512,-0.7702397108078003,1.4034671783447266,-6.012322425842285,2407.9531761672592,5212.450718713747,0.08680454853054911,0.10517426580190659,0.31707483530044556,0.31210842728614807,0.46917524933815,0.3918687403202057,0.3245229125022888,0.3755935728549957,0.293111115694046,0.2685427963733673,0.26861587166786194,0.4082925319671631,0.5672914981842041,0.38934892416000366,103.359375,22.308238899880752,20.556325445889303,22.55589616720399,19.78964095757309,18.777051585645847,17.210035379903815,18.715949402215756,country
-209.33364868164062,167.10169982910156,-20.841472625732422,36.80299758911133,10.272971153259277,3.995864152908325,-5.669880390167236,-4.625789165496826,-6.244420051574707,-4.174177646636963,-6.680476665496826,-3.2626216411590576,-7.968837738037109,1044.7200862613543,1947.6307596795243,0.04564919881090487,0.10979615896940231,0.35796651244163513,0.2297511249780655,0.2272970974445343,0.17803271114826202,0.28875261545181274,0.31486862897872925,0.26844799518585205,0.29880866408348083,0.2846415042877197,0.42782992124557495,0.30738136172294617,0.28709059953689575,107.666015625,26.496400839466585,17.649889831447613,21.710567953244713,19.309654006524227,20.02309778658483,20.531044711968505,16.3969129922738,country
-195.0731658935547,114.2574462890625,0.041475582867860794,38.200618743896484,11.28605842590332,-6.046064376831055,1.2285592555999756,0.014777210541069508,-15.413630485534668,-3.5779056549072266,-6.128469467163086,-4.504781723022461,-0.12425676733255386,1719.4714520311265,3449.9672024543215,0.06805726749806651,0.07508868724107742,0.2682861089706421,0.29398226737976074,0.3205896019935608,0.4404686391353607,0.3145686089992523,0.23191148042678833,0.2937893569469452,0.31822338700294495,0.39630216360092163,0.2892637252807617,0.3512023389339447,0.3419841229915619,95.703125,23.800676536423495,16.06515963112747,21.129393529972408,19.997686175385553,20.297267552593507,21.6499420959827,15.868415232711186,country
-353.0911560058594,110.67462158203125,32.74344253540039,24.18994140625,18.75409698486328,5.926588535308838,-1.7344855070114136,3.8793368339538574,-2.979118824005127,-1.9010765552520752,-2.8730127811431885,-0.9832502007484436,-6.486424922943115,1495.5580556268485,3053.293292760296,0.03546364438321732,0.0388837493956089,0.30509689450263977,0.22888198494911194,0.2519214451313019,0.24595265090465546,0.3368520736694336,0.5548098087310791,0.40187808871269226,0.2885320484638214,0.2304755300283432,0.31915247440338135,0.2826000452041626,0.21906042098999023,83.35433467741936,26.942415176696876,19.982957438604696,22.767060146258725,20.703700448969037,19.556659780809444,17.132939786897786,15.544134722899075,country
-200.0602569580078,109.14046478271484,-5.5424628257751465,48.1405143737793,1.219650387763977,4.592617511749268,-9.150065422058105,-1.4768000841140747,-11.66641616821289,-5.204704284667969,-11.54538631439209,4.980433464050293,-4.984466552734375,1738.8802794251512,3424.7701905996228,0.08241794760247487,0.09655079245567322,0.5198591947555542,0.2772071659564972,0.2014477401971817,0.2066786289215088,0.2152671068906784,0.20572638511657715,0.24924251437187195,0.41424858570098877,0.21719442307949066,0.18488271534442902,0.201712504029274,0.35213589668273926,129.19921875,22.199268256273896,18.679068951390146,23.72951330922392,22.624619906487236,22.78694389046305,20.713430081168624,19.131569042643253,country
-200.6343994140625,119.69184112548828,-3.5907492637634277,31.953746795654297,9.979257583618164,15.29326343536377,0.6465809345245361,0.23592448234558105,-4.470190525054932,-2.312380313873291,-5.261340618133545,-2.478390693664551,-6.041272163391113,1565.155663257242,3188.704332674739,0.05727693892594741,0.07988017052412033,0.372094988822937,0.32562944293022156,0.3540298342704773,0.32711875438690186,0.38083675503730774,0.24858920276165009,0.3364934027194977,0.43221110105514526,0.32965752482414246,0.32789328694343567,0.29511621594429016,0.4382811486721039,143.5546875,23.445713726983186,19.652658254726493,21.97198595723281,19.399080073197915,20.03571419086769,17.785008878497884,16.56011174416937,country
-194.235107421875,151.79347229003906,-3.045004367828369,29.494707107543945,9.111863136291504,5.9693474769592285,3.7879228591918945,3.759901523590088,-5.853435039520264,1.5923064947128296,-3.7657809257507324,0.9401923418045044,1.9712700843811035,1270.301226914328,2498.1929628589037,0.05480418902262181,0.10050228983163834,0.34045183658599854,0.2998252213001251,0.4791754484176636,0.2920849025249481,0.24041427671909332,0.19400078058242798,0.3448466956615448,0.3807982802391052,0.2623550593852997,0.4149317145347595,0.28333204984664917,0.42607107758522034,107.666015625,22.2021258209477,17.943425545309267,21.16731069604971,21.786632818150427,21.024812061483615,18.914568285965235,15.775366359386638,country
-100.76679229736328,106.98420715332031,-27.158416748046875,29.099830627441406,5.0396809577941895,-5.423926830291748,3.2426602840423584,-5.179370880126953,-5.1185832023620605,-0.8158500790596008,-3.834214687347412,-2.7052552700042725,-6.645411014556885,2011.7251476004385,3907.7517763921114,0.09735036615429234,0.1165514662861824,0.2672760784626007,0.3642912209033966,0.3319756090641022,0.40060532093048096,0.5926682949066162,0.3932311534881592,0.3299645185470581,0.28913429379463196,0.4509738087654114,0.5626846551895142,0.3610771894454956,0.35789546370506287,92.28515625,29.738578287490387,16.01189834309522,18.45628666010944,17.866379583195013,18.112114962350496,20.604122298925898,15.128859222469462,country
-169.22511291503906,132.7867889404297,-13.487546920776367,31.18621253967285,6.340468883514404,-3.755664587020874,-2.0590016841888428,-3.625316858291626,-4.561240196228027,1.280982494354248,-6.977039813995361,-7.252835273742676,-1.395025610923767,1474.2739870616333,2925.9676125652554,0.05981539721094354,0.09406918287277222,0.22448867559432983,0.34386247396469116,0.4130789637565613,0.27152228355407715,0.3400546610355377,0.3242637515068054,0.4487859010696411,0.36513349413871765,0.2731204032897949,0.3658841550350189,0.21594715118408203,0.2332495152950287,89.10290948275862,27.644738555441485,17.317897560069696,20.87708852925714,20.26444783670195,20.443712220479796,21.452797476009366,16.262128493891428,country
-171.24200439453125,160.4872589111328,-17.805805206298828,30.491003036499023,7.510969638824463,-8.24746322631836,-5.667515754699707,0.13154977560043335,-8.835052490234375,-2.65570330619812,0.7119977474212646,-3.7818262577056885,-6.502073764801025,1214.2001323890852,2274.3092689602668,0.054210547781322505,0.11706559360027313,0.2693805396556854,0.3948057293891907,0.31846076250076294,0.3748522996902466,0.3228483498096466,0.4374319911003113,0.3281422257423401,0.25167617201805115,0.3933270275592804,0.26159051060676575,0.20934590697288513,0.15782520174980164,89.10290948275862,20.970929165682755,16.938298967470143,20.84955774784577,19.76407473993717,18.729555037297292,21.142385934572232,16.942989938613675,country
-277.1075744628906,128.2529296875,42.42516326904297,37.693504333496094,12.766558647155762,9.593896865844727,-5.9880170822143555,-7.539554119110107,-8.034139633178711,-4.942542552947998,-6.532015800476074,-3.6276443004608154,-7.227562427520752,1240.7101460307977,2413.3841176044084,0.0428343121616396,0.07958205789327621,0.04743941128253937,0.13030220568180084,0.34815412759780884,0.1761942207813263,0.2296067327260971,0.1456766277551651,0.26103708148002625,0.2784550189971924,0.2221616953611374,0.5091872215270996,0.20452731847763062,0.10374400019645691,161.4990234375,25.289973245671092,19.86105839315992,26.176988140414192,24.060967373702724,22.731243289234563,19.79436174467879,16.675072590093336,country
-130.48167419433594,104.12419891357422,-19.271059036254883,34.14787673950195,5.397541046142578,-2.171722888946533,-0.7280454039573669,-2.907891273498535,-5.462085247039795,4.069365501403809,-4.469831943511963,3.525730609893799,2.1481220722198486,2053.1842219986365,4094.547733740574,0.09532511298820573,0.10079650580883026,0.5477679967880249,0.2592791020870209,0.27136531472206116,0.16810736060142517,0.26454105973243713,0.3527696132659912,0.2671806216239929,0.49042031168937683,0.2489524930715561,0.3130035102367401,0.2903795838356018,0.2876431941986084,112.34714673913044,19.48051859689167,19.124486822938,23.700010133863348,21.98943807247419,21.49262052080829,22.90749106996314,17.908701475677564,country
-237.9395294189453,97.7332992553711,6.4867448806762695,45.97126770019531,2.1488122940063477,16.21855926513672,8.811720848083496,7.763634204864502,-0.5899204015731812,4.483778953552246,0.14919905364513397,3.0199267864227295,-1.662581205368042,1823.2405420958114,4016.0006706786544,0.06758635742942769,0.060506999492645264,0.37682101130485535,0.2878803312778473,0.2132808119058609,0.29949951171875,0.49094852805137634,0.347275048494339,0.28590628504753113,0.2151477187871933,0.27332547307014465,0.3112679719924927,0.34608525037765503,0.525458037853241,99.38401442307692,28.208932160400643,21.299204970635415,24.326521536142927,23.502985059988177,23.31705927997624,22.3899168202716,20.21753510842862,country
-133.27146911621094,78.9800033569336,-5.6516804695129395,35.542171478271484,-7.547013759613037,7.928213119506836,2.7289066314697266,0.4022509455680847,-1.1442519426345825,-1.1125527620315552,-7.844962120056152,-1.171491265296936,-4.817747592926025,2456.7182165816203,4914.87450832004,0.12363183065061871,0.10459340363740921,0.2374897301197052,0.25401774048805237,0.20563088357448578,0.3649510443210602,0.35451361536979675,0.292181134223938,0.46413227915763855,0.28063058853149414,0.356643944978714,0.24372461438179016,0.2940852642059326,0.45420247316360474,92.28515625,25.52554081548484,17.25886266570208,21.901375786853656,21.40060388678283,21.781045301554574,21.06964993856887,17.95625888023012,country
-153.86862182617188,83.66914367675781,-8.426156997680664,13.954345703125,13.531211853027344,3.7665932178497314,3.0097830295562744,6.355865955352783,2.07790207862854,2.068880796432495,3.1684868335723877,-0.4843805730342865,-3.025616407394409,2614.3440997684415,5435.626631380511,0.11928223789153132,0.07823295891284943,0.2783803939819336,0.353482723236084,0.4532177150249481,0.35154756903648376,0.39548221230506897,0.3509975075721741,0.38176828622817993,0.3266203701496124,0.30367395281791687,0.4958729147911072,0.32399073243141174,0.2952089011669159,135.99917763157896,27.2533437138939,16.148594719067518,19.361491460415547,19.365091173606682,19.120604528705584,18.150096308453705,15.058459682238095,country
-120.41706848144531,95.35442352294922,-6.025269985198975,25.163818359375,20.95363426208496,-7.127004623413086,8.549671173095703,2.433668851852417,-14.656024932861328,9.286930084228516,-2.3609251976013184,-3.1556684970855713,0.6114373803138733,2321.8879492685483,4580.651883791328,0.10436530234918794,0.09992821514606476,0.4254257082939148,0.2990857660770416,0.2939600944519043,0.27789580821990967,0.46206942200660706,0.5493124127388,0.33836913108825684,0.383420467376709,0.33362993597984314,0.42962443828582764,0.39547979831695557,0.32228899002075195,99.38401442307692,23.77527067653271,17.122635751940148,20.36816587897467,19.526453024849964,18.00025358796545,22.13338885861902,16.803751935932365,country
-339.64666748046875,97.73859405517578,-9.763496398925781,50.97268295288086,7.814855098724365,11.721100807189941,0.67392498254776,2.4926815032958984,-4.774001598358154,0.20951910316944122,-5.979657173156738,-2.9014666080474854,-6.158287525177002,1827.8001725934416,3647.521434527262,0.08486652890564579,0.022760968655347824,0.3695344924926758,0.5966700315475464,0.36558663845062256,0.31230613589286804,0.2181561440229416,0.3013167679309845,0.19629575312137604,0.3141041398048401,0.6202409863471985,0.365325391292572,0.24528585374355316,0.23140934109687805,112.34714673913044,25.683354626338485,21.52821244458255,23.69937964335104,22.792637955903004,21.448170879425323,21.284907462866926,18.66241847773401,country
-173.44346618652344,105.07096099853516,1.1555923223495483,24.11549949645996,22.13428497314453,2.5480732917785645,-1.589373230934143,0.16644404828548431,-5.327747344970703,3.813227415084839,-4.526458740234375,-4.588154315948486,-1.5657426118850708,2068.662126290897,4232.98974269504,0.08496433620939675,0.072048120200634,0.33466851711273193,0.3990340530872345,0.3363299071788788,0.43355485796928406,0.353965163230896,0.3930630087852478,0.3393726050853729,0.3034006655216217,0.41531774401664734,0.3970631957054138,0.45696747303009033,0.3245795965194702,99.38401442307692,21.2212951724868,17.114242767071087,20.132905625316525,18.693883081905344,20.129460988315437,18.53525020179023,15.622818316044285,country
-118.05889892578125,74.18070983886719,8.26566219329834,15.44716739654541,6.157881736755371,8.441980361938477,4.111673831939697,5.726583957672119,-1.9592636823654175,3.163398504257202,5.048195838928223,-1.1217972040176392,2.4379732608795166,2860.0275833530027,6246.1527176080335,0.12114926225348027,0.09088993817567825,0.49622640013694763,0.37055593729019165,0.4321274757385254,0.3408617675304413,0.4203869700431824,0.32703790068626404,0.36279574036598206,0.39418038725852966,0.2461911290884018,0.28536665439605713,0.2886068820953369,0.4427199363708496,151.99908088235293,21.31640012974076,16.165171638077076,19.722346195753435,20.39307449237864,19.697473794066212,17.599794572855306,16.202218839152945,country
-89.70954895019531,36.28278350830078,11.465645790100098,37.49739456176758,9.179835319519043,3.7314453125,2.8276619911193848,6.817220211029053,1.4637537002563477,0.09840073436498642,1.0316733121871948,1.1726795434951782,-3.568035364151001,3760.408113053086,7442.153116389936,0.21236722375290024,0.09632568806409836,0.4305325448513031,0.6495246291160583,0.458976149559021,0.4507860243320465,0.6284803748130798,0.3801821768283844,0.39379850029945374,0.3462918996810913,0.3952009975910187,0.48073384165763855,0.2923448979854584,0.34590134024620056,123.046875,23.70616659189745,14.611312350566415,20.739169903231133,19.656362365128285,20.082104809169294,17.85388170213408,16.23176714242517,country
-102.86876678466797,85.3385238647461,-4.32037878036499,30.584402084350586,3.014871597290039,-1.9487437009811401,4.437098026275635,3.4139795303344727,-4.2582783699035645,-1.7707371711730957,-3.9678406715393066,-1.3573309183120728,-3.760347604751587,2449.7536777060777,5042.957930775087,0.10630558778035576,0.1090000793337822,0.3497447669506073,0.4196488559246063,0.5621703267097473,0.34449487924575806,0.33534637093544006,0.24094565212726593,0.3411983251571655,0.4285057783126831,0.3550640046596527,0.4327651262283325,0.2937084138393402,0.37786632776260376,143.5546875,26.59990617417483,15.483997690011128,18.829898398809927,18.862140851600422,17.345453746603564,18.707786866646384,15.875211803548526,country
-111.62213897705078,82.2491455078125,13.051350593566895,31.925334930419922,23.684825897216797,-0.5329458713531494,12.033108711242676,3.6621603965759277,-5.739371299743652,3.3419153690338135,1.4315192699432373,0.7713819146156311,0.5497471690177917,2634.223606489956,5808.127730296549,0.09586022090100542,0.11321748048067093,0.3631429076194763,0.34772107005119324,0.38769757747650146,0.4304453134536743,0.4897911250591278,0.30003106594085693,0.2751431465148926,0.3311968743801117,0.47208794951438904,0.617621660232544,0.40211305022239685,0.3860013484954834,129.19921875,23.315132692913167,16.45483360795448,19.5660539483426,18.021449210709804,17.73237807097493,19.30545209176622,15.403830873910598,country
-101.2879409790039,84.11575317382812,7.775730609893799,30.372737884521484,13.849443435668945,11.625495910644531,-0.11909646540880203,-4.936893463134766,-2.364722728729248,-1.9683380126953125,-8.188102722167969,2.8200759887695312,0.5401415228843689,2387.97203880899,5391.869097574681,0.08704434636020882,0.11766617745161057,0.45231038331985474,0.4319259226322174,0.4173320531845093,0.32561537623405457,0.4133822023868561,0.30981147289276123,0.24323391914367676,0.3131463825702667,0.3776715397834778,0.5494745373725891,0.4559851586818695,0.4099898934364319,103.359375,28.252071952905258,16.61121841707394,20.19910129442474,18.316380049776974,18.91180016624338,17.747639415858153,15.786261850856107,country
-101.19267272949219,85.44992065429688,-19.70174217224121,20.57063102722168,9.992323875427246,7.598466873168945,0.10015661269426346,3.403209924697876,0.056307416409254074,1.5763916969299316,-1.4527314901351929,-1.2911733388900757,2.135674476623535,2530.4998439482647,5070.286613163428,0.13428527407192575,0.09497250616550446,0.36353549361228943,0.375901460647583,0.501563310623169,0.3407060205936432,0.3890710473060608,0.29872164130210876,0.41676026582717896,0.4250814914703369,0.395539790391922,0.6596929430961609,0.31631457805633545,0.35454750061035156,135.99917763157896,19.54255897453085,15.217934175176419,19.361587079609485,19.446022533089327,20.4015953076246,18.020771902480153,16.10169589847854,country
-162.78079223632812,119.89014434814453,-2.9078404903411865,20.508928298950195,27.810161590576172,5.490170001983643,6.040868282318115,1.191266655921936,-3.6965749263763428,0.3522786796092987,4.416835308074951,-0.4102477431297302,2.4561374187469482,1729.7885870910534,3359.5210878589037,0.06650367966937355,0.11364317685365677,0.29561832547187805,0.3605746626853943,0.26924723386764526,0.44638532400131226,0.39330756664276123,0.2578883171081543,0.4102812111377716,0.34494566917419434,0.4583207368850708,0.3969220519065857,0.3328005373477936,0.35487160086631775,151.99908088235293,22.74098115221604,18.90997811796069,24.026884056075897,22.682965180079524,22.904559904612164,22.359174738060428,17.622846695766885,country
-61.22266387939453,71.25141906738281,-17.03792381286621,17.11426544189453,5.051262378692627,-4.211960315704346,-1.6805952787399292,1.181888461112976,-0.8543820977210999,4.96776819229126,-1.7029342651367188,4.84189510345459,-0.16024249792099,2777.4882405051285,5622.539164461282,0.13297072880413766,0.14658696949481964,0.31099435687065125,0.28934717178344727,0.32325243949890137,0.5441288352012634,0.30419477820396423,0.2918873727321625,0.2581544518470764,0.384537935256958,0.4531588852405548,0.3175598382949829,0.38529840111732483,0.28392472863197327,151.99908088235293,23.278329482849347,16.88803336048179,20.032192904842688,18.2914761923164,18.704662517840664,18.400007644300775,16.305569431003757,country
-126.90666198730469,103.49356842041016,-31.8978214263916,58.72883605957031,-1.961522102355957,-3.1359188556671143,-2.942936897277832,0.3602377474308014,-3.0343480110168457,-0.8273261189460754,5.58687162399292,-10.137715339660645,0.7289897203445435,2109.417730689385,3843.893255601073,0.11588466139791183,0.10329493135213852,0.23344673216342926,0.36729833483695984,0.40671306848526,0.35911887884140015,0.5566785931587219,0.4547867476940155,0.40137791633605957,0.3329039216041565,0.42736315727233887,0.4840705692768097,0.2593347430229187,0.20701727271080017,151.99908088235293,27.472987583116023,16.445462285330603,20.5696605974629,19.310969845267085,19.44440104713161,21.59454803909368,17.374431022795555,country
-165.5442352294922,117.90447235107422,-33.605472564697266,42.59893035888672,-1.3801003694534302,3.8279640674591064,7.166964054107666,-7.171044826507568,-1.6472125053405762,0.8621200919151306,-12.51009750366211,2.884921073913574,-12.365842819213867,1784.0387310049896,3556.0594456931553,0.09410006706786543,0.090626560151577,0.46702396869659424,0.2587590217590332,0.3467261791229248,0.23274196684360504,0.28663477301597595,0.26811903715133667,0.2643463611602783,0.5305963754653931,0.3196203410625458,0.25658807158470154,0.19213810563087463,0.29996174573898315,151.99908088235293,26.465097847121992,17.54194466397658,21.0611263052031,22.218127713932844,22.314339510015966,24.37722183981347,17.41345970347715,country
-148.9879608154297,107.24359893798828,11.189903259277344,26.696136474609375,11.397692680358887,-3.8045828342437744,14.020328521728516,-5.876818656921387,-11.048489570617676,2.797104597091675,-8.450596809387207,3.1810462474823,-0.7678391337394714,1939.8088633748253,4126.805904237964,0.06396371084686775,0.11688874661922455,0.32486119866371155,0.27760234475135803,0.32964932918548584,0.279665470123291,0.296497106552124,0.4974118769168854,0.2758985459804535,0.2207588255405426,0.18930567800998688,0.2688615024089813,0.4383597671985626,0.33557459712028503,117.45383522727273,29.390926564489106,17.037887877175176,20.826481885989597,18.27125852601463,18.670538922960638,21.543175327048274,16.363573644287573,country
-110.04325103759766,134.7767791748047,-24.01736831665039,19.40414047241211,-4.4027628898620605,-4.810311794281006,-7.802365779876709,-0.3913302719593048,-5.40698766708374,-2.956292152404785,0.7801952362060547,-4.774831771850586,-0.17851044237613678,1599.911202685332,3006.7296145410382,0.07579197481631864,0.14351886510849,0.29022902250289917,0.20588257908821106,0.4398447871208191,0.32480373978614807,0.3147491216659546,0.24294635653495789,0.30330440402030945,0.42531511187553406,0.2695021331310272,0.33055442571640015,0.3055289089679718,0.4339216351509094,112.34714673913044,24.857764723059137,16.257533745266194,19.617835013871122,19.50318634393716,18.782624386443967,19.44227231227672,16.119597725397874,country
-143.0597381591797,121.87437438964844,-13.355456352233887,47.767852783203125,-12.669740676879883,23.367557525634766,-11.009172439575195,18.859142303466797,-13.707747459411621,15.945981979370117,-11.358796119689941,10.28953742980957,-6.009820938110352,1780.2063536153103,3875.043956641531,0.07894522186774942,0.10936973989009857,0.4768100380897522,0.2975650429725647,0.3870542347431183,0.30831897258758545,0.3985203802585602,0.301945298910141,0.269123911857605,0.4165959656238556,0.32827436923980713,0.4452560544013977,0.28262922167778015,0.30162450671195984,117.45383522727273,19.783256454790855,17.80961845159637,20.59700844087432,20.564387580750047,20.374211465298615,19.320706767593595,39.145958277472666,country
-204.64370727539062,121.9170913696289,-17.759082794189453,46.32514572143555,-1.804566502571106,17.017440795898438,-14.691548347473145,14.671546936035156,-19.392051696777344,10.927664756774902,-13.475388526916504,1.1953375339508057,-6.209474563598633,1553.0252624967882,3167.3210126341355,0.0592791563950116,0.09030824154615402,0.22538942098617554,0.12675167620182037,0.10140567272901535,0.2287483960390091,0.3806268870830536,0.2788078486919403,0.29369187355041504,0.24616970121860504,0.40156903862953186,0.3786022663116455,0.27411210536956787,0.35993340611457825,129.19921875,23.979861509148503,22.542361609870415,24.405131690640854,22.81261820471893,23.336400440893094,22.43980167469553,37.07262458239824,country
-265.2709045410156,138.86660766601562,6.128691673278809,47.47786331176758,-2.3875465393066406,21.051250457763672,4.090743541717529,17.650291442871094,-12.01880168914795,15.490483283996582,-1.1288179159164429,7.895354270935059,0.5013676285743713,1115.679701025284,2347.685365610499,0.03546288911446249,0.06949131190776825,0.4625573754310608,0.25760358572006226,0.22323152422904968,0.2555401623249054,0.4441524147987366,0.5458828806877136,0.35554230213165283,0.3945527672767639,0.27738577127456665,0.26230907440185547,0.20410019159317017,0.26425623893737793,112.34714673913044,22.37263773585891,20.68095317945716,23.197522710143616,22.25532931266131,21.34112283513795,21.796211420575585,33.81614237316504,country
-84.68878936767578,100.96957397460938,-16.019012451171875,51.74445343017578,-17.086820602416992,22.575502395629883,-20.297760009765625,18.90978240966797,-19.486066818237305,15.338604927062988,-17.739526748657227,8.58395004272461,-15.003451347351074,2271.8519286411943,4957.865973027842,0.10830818288379737,0.13352710008621216,0.2858165502548218,0.32458391785621643,0.3803645372390747,0.3685508966445923,0.598827600479126,0.3419695198535919,0.30643150210380554,0.3565536439418793,0.34626343846321106,0.5380676984786987,0.35119572281837463,0.28208309412002563,89.10290948275862,20.08050705468839,15.248351313820073,19.05382709357915,18.54598950066991,18.528608712639393,17.440211857933363,42.346563145413015,country
-175.0096435546875,115.71355438232422,5.100793838500977,58.1680908203125,-3.307455539703369,29.656007766723633,-10.033720970153809,19.659372329711914,-16.31183624267578,13.744991302490234,-8.83457088470459,7.22251558303833,-8.883325576782227,1654.4094237766933,3907.9599473426624,0.06018472363205723,0.10427781194448471,0.2526561915874481,0.20944957435131073,0.40570950508117676,0.3987169563770294,0.30076518654823303,0.32187432050704956,0.24797099828720093,0.3513834476470947,0.3106743395328522,0.3010016083717346,0.4088120460510254,0.2437085211277008,75.99954044117646,22.083019477343534,21.339994833908573,22.81921076057298,20.99756358430799,21.80278804411316,20.060166725892074,38.9117236974206,country
-82.94549560546875,122.5311279296875,-16.672252655029297,40.01723861694336,-15.01421070098877,21.675643920898438,-18.2518367767334,18.362712860107422,-17.989063262939453,16.9892520904541,-16.042936325073242,8.533766746520996,-8.709853172302246,1881.2205095617792,4111.442888087297,0.08111548663476412,0.1549708992242813,0.30251842737197876,0.31253549456596375,0.26011577248573303,0.40583810210227966,0.4698174297809601,0.2761578857898712,0.31624698638916016,0.2955099642276764,0.4782440960407257,0.3701881468296051,0.3247169852256775,0.4735138714313507,129.19921875,20.462588375158933,15.862124147234871,19.547370938898734,19.57074706009084,19.44355862781965,17.84498098490666,41.061725705114114,country
-164.78546142578125,123.44315338134766,4.224730491638184,48.80087661743164,-5.1533308029174805,22.848054885864258,-7.809706211090088,19.28812026977539,-11.021053314208984,21.25664710998535,-9.741072654724121,5.161777973175049,-6.143531799316406,1468.457465978388,3212.660645664153,0.05492503202339521,0.13616843521595,0.36177632212638855,0.24791838228702545,0.2080434113740921,0.1553444266319275,0.2722897231578827,0.6047756671905518,0.3641064465045929,0.2882733941078186,0.2774956226348877,0.4324752986431122,0.37617024779319763,0.2408856600522995,129.19921875,24.44739590731949,19.78664657807186,23.526662778247776,22.901341039768234,23.06881895824394,22.201196425559566,39.41820457507079,country
-137.86004638671875,121.52003479003906,-13.279322624206543,43.32895278930664,-10.695388793945312,17.859846115112305,-7.9500508308410645,9.101156234741211,-19.791091918945312,9.44209098815918,-19.604745864868164,6.905621528625488,-12.549705505371094,1741.888486282652,3791.309273491879,0.07544530645784996,0.1300695240497589,0.28782758116722107,0.3580057919025421,0.23301051557064056,0.3692229092121124,0.2307448536157608,0.24855653941631317,0.2638619542121887,0.27935555577278137,0.5625497698783875,0.398262083530426,0.33383071422576904,0.21556316316127777,135.99917763157896,29.962809929144157,18.247199493968516,22.36565576347961,21.50302096480273,20.719875953630623,20.906139353289248,38.92611500686516,country
-101.29830169677734,120.43597412109375,-0.4128393530845642,49.037696838378906,-15.870199203491211,19.877580642700195,-13.0966215133667,18.572927474975586,-15.718035697937012,15.243731498718262,-5.9167094230651855,6.655969619750977,-10.362753868103027,1796.7119762329241,4165.017763921113,0.07328712599091261,0.16378077864646912,0.32264024019241333,0.21286579966545105,0.3185804784297943,0.5221744775772095,0.3462890386581421,0.41033732891082764,0.28657209873199463,0.31664031744003296,0.26905032992362976,0.29502126574516296,0.5648796558380127,0.31370997428894043,112.34714673913044,26.943027491720088,16.879188030350978,20.463700765812607,20.137097056868214,18.711198027429248,18.003847994566627,40.63973291201983,country
-185.06336975097656,120.5121078491211,29.720224380493164,56.37221908569336,-3.028254508972168,22.21393394470215,-10.350044250488281,20.05312156677246,-13.679162979125977,9.170145034790039,-6.430171489715576,3.300246477127075,-8.732939720153809,1535.405936256092,3510.478334360499,0.0525349840487239,0.14542289078235626,0.1875258982181549,0.13427402079105377,0.21459075808525085,0.3944423496723175,0.2574758231639862,0.3204624652862549,0.27481529116630554,0.44903749227523804,0.42779386043548584,0.29035112261772156,0.2888452708721161,0.17292338609695435,135.99917763157896,26.56055193473566,20.78791962662166,25.183150020678582,22.35728952667339,21.057351922363978,19.38052227682579,38.60292556820074,country
-178.4794921875,130.1080322265625,12.076066017150879,47.04983139038086,2.6116671562194824,24.09943389892578,-4.625374794006348,22.778528213500977,-10.929765701293945,13.534307479858398,-6.806914806365967,8.726393699645996,-6.095906734466553,1373.628372500732,3070.4965401138343,0.04291625882153906,0.14097315073013306,0.4870207905769348,0.27031150460243225,0.23199670016765594,0.21986019611358643,0.35275185108184814,0.490805983543396,0.41966190934181213,0.4470364451408386,0.33262667059898376,0.3311731219291687,0.24757714569568634,0.2743957042694092,69.83741554054055,27.471318715294743,20.327996279758178,22.516515317186165,20.812166758477556,21.467470146463707,20.269823447141302,38.05827642985717,country
-186.33114624023438,135.86915588378906,5.950401306152344,45.837703704833984,-5.776936054229736,22.777603149414062,-12.992676734924316,17.12588119506836,-13.762872695922852,9.738706588745117,-8.365435600280762,6.6548285484313965,-9.085711479187012,1397.8552412349427,3101.2558797672564,0.04858304028905646,0.10720919817686081,0.15066570043563843,0.2989341616630554,0.4374719560146332,0.2556981146335602,0.29160770773887634,0.15949760377407074,0.2385040819644928,0.2893419861793518,0.392356276512146,0.6775434613227844,0.3522721827030182,0.23103444278240204,123.046875,27.573957652855224,19.04388178882434,23.542564733698413,21.17041596136631,21.592476727305595,19.88363177412691,37.308650904534225,country
-94.15290832519531,109.18757629394531,-11.854669570922852,41.572715759277344,-19.48259925842285,23.833261489868164,-19.930463790893555,20.37279510498047,-17.291353225708008,16.56532859802246,-10.201441764831543,9.387508392333984,-10.049827575683594,2166.6058738727033,4793.95216656395,0.10233551757057231,0.1301247626543045,0.3350047171115875,0.38690441846847534,0.5766118168830872,0.4264223873615265,0.4424719214439392,0.3988727331161499,0.3467702567577362,0.31443163752555847,0.36114242672920227,0.5273613929748535,0.2820327877998352,0.28567227721214294,89.10290948275862,22.206589147364205,14.486756687365,18.9125590165625,19.172566016557326,19.001268032354453,17.341183733979243,41.587969229693954,country
-185.41427612304688,118.49516296386719,17.7957763671875,48.869014739990234,-2.1734654903411865,21.35428237915039,-8.994564056396484,20.533510208129883,-11.412322998046875,9.274986267089844,-5.478168487548828,5.761849880218506,-2.988394021987915,1614.587918187712,3657.9216552167923,0.05825803303847641,0.13140340149402618,0.29379308223724365,0.3800634741783142,0.47553959488868713,0.3328924775123596,0.37837547063827515,0.2874734699726105,0.3861366808414459,0.2819231450557709,0.21917635202407837,0.2836962640285492,0.2994464039802551,0.38871073722839355,83.35433467741936,20.504120814722203,18.73919448935585,22.87182915422156,22.40035811442902,21.59241687322393,19.635063532965948,38.14797063722244,country
-217.81781005859375,128.3734130859375,-7.511242866516113,39.28459548950195,-2.5414021015167236,18.173686981201172,-15.148812294006348,16.76080322265625,-15.247552871704102,4.896236896514893,-6.500651836395264,2.9013941287994385,-11.492000579833984,1511.6824075794038,3237.6494865683003,0.06007520966260634,0.08254984021186829,0.313865065574646,0.2153427004814148,0.23614147305488586,0.2562192976474762,0.33203503489494324,0.5466318726539612,0.2787414491176605,0.2873774468898773,0.2105567902326584,0.19269093871116638,0.1537090688943863,0.13852769136428833,135.99917763157896,23.022693212233808,21.262061340138317,25.767679007571914,24.212403497208282,23.415426126818787,21.161074387521673,36.35913064550401,country
-250.85716247558594,163.07423400878906,-3.874575614929199,30.15300750732422,5.5890607833862305,7.500940322875977,4.026386260986328,-2.116412878036499,-5.477513313293457,-1.062121033668518,-9.98177719116211,1.8189913034439087,-8.753830909729004,894.5392325301327,1639.8291921947505,0.0386682497099768,0.11052864789962769,0.2451067566871643,0.22748656570911407,0.14052318036556244,0.2042216956615448,0.3165826201438904,0.28536587953567505,0.3569590747356415,0.2785959243774414,0.3763810992240906,0.3346381187438965,0.26729366183280945,0.36024847626686096,123.046875,28.491524745175685,21.317966468393653,23.01818121983213,22.04566694922492,22.21871663290544,22.273670994811106,30.46829676969071,country
-102.48180389404297,135.68374633789062,-46.88444519042969,32.738887786865234,-11.159095764160156,23.46954345703125,-9.779006958007812,16.897071838378906,-11.684481620788574,13.215306282043457,-7.182966709136963,4.746215343475342,-8.193245887756348,1701.9620057889879,3244.6606841828598,0.09890433161736273,0.13644498586654663,0.16791385412216187,0.24839335680007935,0.33158373832702637,0.2343478500843048,0.45137253403663635,0.25915709137916565,0.3257210850715637,0.35540997982025146,0.31347259879112244,0.658451497554779,0.27044153213500977,0.23175539076328278,112.34714673913044,23.470169428243267,14.954570231805725,18.673187914302428,21.226647088038497,20.579062251269786,19.815695425773853,38.9560708697462,country
-328.71905517578125,167.0304718017578,13.01728630065918,28.825632095336914,11.25177001953125,14.431291580200195,11.699711799621582,7.80141544342041,-11.720728874206543,2.380079507827759,-8.350319862365723,-3.8527917861938477,-6.7398529052734375,858.1117097118614,1446.105305611949,0.035363948907579275,0.0554165281355381,0.33969229459762573,0.37171924114227295,0.2966131865978241,0.3251623511314392,0.3191663324832916,0.3790881335735321,0.2531767785549164,0.2775207757949829,0.37871435284614563,0.3087272047996521,0.3397696912288666,0.2664964497089386,129.19921875,28.017817561455082,20.396108483138736,22.958083715003816,19.502569967215333,19.0287350989317,20.05729485288223,28.503519727256258,country
-229.4932861328125,157.29971313476562,-16.750404357910156,31.88174819946289,-0.10805422067642212,16.648754119873047,1.3576680421829224,12.212552070617676,-3.8637101650238037,6.8358235359191895,-4.267375469207764,1.3341368436813354,-5.9014387130737305,1131.0769030321612,2216.987316016531,0.050235945959010056,0.08345240354537964,0.24501511454582214,0.388479083776474,0.46139487624168396,0.3427124619483948,0.3290557861328125,0.30166301131248474,0.4495276212692261,0.2831043303012848,0.314238041639328,0.45559996366500854,0.3389286994934082,0.28175270557403564,161.4990234375,27.07628359647065,18.841744219078898,20.657309032008826,21.28539510197522,20.1004690090397,19.034134343056092,32.54371222534372,country
-217.11801147460938,136.189453125,-10.363231658935547,51.37767028808594,2.5987257957458496,15.119397163391113,-0.6796686053276062,12.281108856201172,-6.229038238525391,7.803084850311279,-5.412613391876221,3.6122782230377197,-2.7987616062164307,1327.7101968688285,2755.833658098898,0.06107367495649652,0.08714102953672409,0.20633192360401154,0.37489190697669983,0.5756732225418091,0.3349352478981018,0.2695333957672119,0.2251756191253662,0.33578330278396606,0.3393731415271759,0.37887758016586304,0.579893171787262,0.3167928457260132,0.2885134220123291,112.34714673913044,25.472079566143787,17.69351190311457,22.264074010579296,22.34633281697006,24.301363265305753,22.937027003413775,35.55191461193317,country
-99.3305435180664,117.57579040527344,-29.873355865478516,40.84806823730469,-15.256190299987793,27.98876190185547,-11.962531089782715,13.341765403747559,-11.372492790222168,10.539091110229492,-8.746650695800781,8.420694351196289,-6.837034702301025,1934.7410487910734,4048.308802204176,0.09472278615622583,0.14430227875709534,0.2973712086677551,0.31796324253082275,0.27134761214256287,0.4412641227245331,0.5798888206481934,0.34415972232818604,0.3399980068206787,0.2801068425178528,0.39602139592170715,0.38400954008102417,0.30529850721359253,0.4249676465988159,112.34714673913044,26.234428316778725,16.11487665535685,19.60612384759137,19.976903180592043,19.979265375365717,18.240230393539633,39.83014440701452,country
-185.85482788085938,155.27069091796875,-25.015506744384766,20.559324264526367,-3.840679168701172,-0.5795828700065613,-4.573758125305176,-5.901455879211426,-16.531105041503906,-0.4480641186237335,-16.29958152770996,-4.212399482727051,-16.80467987060547,1261.4987366751002,2422.3354684781034,0.0605177971529389,0.11837015300989151,0.19654592871665955,0.23051996529102325,0.4250628352165222,0.26807984709739685,0.29553472995758057,0.1894124448299408,0.2868773341178894,0.28618958592414856,0.25841885805130005,0.36206379532814026,0.28378117084503174,0.4291280210018158,143.5546875,31.723131094827668,18.347157647522327,22.38024874351158,21.880107456613757,22.6003977769848,22.949072471405504,33.22779205148561,country
-96.24627685546875,131.92442321777344,-26.341777801513672,35.975467681884766,-22.810157775878906,14.49544620513916,-11.845881462097168,11.814581871032715,-21.224220275878906,11.547977447509766,-12.93090534210205,7.188192367553711,-13.94133186340332,1711.3330130756563,3556.5090949463456,0.08226991492652745,0.15660792589187622,0.24906106293201447,0.4853748679161072,0.3708350360393524,0.23568204045295715,0.32926851511001587,0.3031178414821625,0.49715980887413025,0.29908573627471924,0.32502293586730957,0.4969801604747772,0.29677775502204895,0.25215643644332886,151.99908088235293,20.528749073507825,15.858891893146684,20.192630522765423,20.549737503763453,19.726780370003304,19.938931578768994,39.573690017760796,country
-167.00668334960938,132.4709014892578,-17.308982849121094,46.92164611816406,-3.6383252143859863,20.937959671020508,-8.825932502746582,8.533767700195312,-15.14203929901123,8.10665225982666,-16.94434928894043,6.661935806274414,-10.934708595275879,1548.9063873637622,3289.384131199246,0.06973622994006187,0.09581992775201797,0.368687242269516,0.30234333872795105,0.24075916409492493,0.3453318774700165,0.3844730854034424,0.29474517703056335,0.4551454484462738,0.34046846628189087,0.38598981499671936,0.3653390109539032,0.39404231309890747,0.6209731101989746,151.99908088235293,29.34507962639807,16.963303140642715,21.19486853629468,20.246762924562717,20.23622532161981,20.738115837225003,37.56528594878169,country
-207.2435760498047,130.93798828125,-18.50727081298828,33.301239013671875,-3.9344985485076904,15.38137435913086,-6.393796920776367,2.9486029148101807,-16.781152725219727,7.079055309295654,-8.595192909240723,4.799717903137207,-12.249361038208008,1534.0502232319084,3117.7596727269433,0.07112819025522042,0.08229553699493408,0.3517824709415436,0.3071303367614746,0.4947504699230194,0.3416016399860382,0.2651093006134033,0.20205725729465485,0.36185580492019653,0.5634568929672241,0.34192171692848206,0.3790835440158844,0.2828342914581299,0.36833563446998596,135.99917763157896,28.54081316458921,18.604618392348737,21.64278193702247,20.747072900179646,20.758723663564442,20.57459508666215,34.28471700511242,country
-60.918251037597656,105.47953796386719,-16.908376693725586,40.715721130371094,-15.026839256286621,36.03335189819336,-12.81208324432373,17.487258911132812,-16.74123764038086,11.763030052185059,-10.137154579162598,13.196802139282227,-12.20942211151123,2187.1340254846773,4840.865571980134,0.11371855060904873,0.1796727478504181,0.21285083889961243,0.294692724943161,0.3143748641014099,0.40082553029060364,0.6378628611564636,0.30908605456352234,0.3471102714538574,0.4584183990955353,0.3868427276611328,0.5470709800720215,0.3180340528488159,0.23534101247787476,95.703125,27.170319383325303,14.742034020165304,18.21979380731854,21.03821951880232,20.379709502502504,18.910308617236673,43.302211618573914,country
-183.984375,159.7994842529297,-23.137691497802734,43.022621154785156,-9.470625877380371,8.825905799865723,-1.6558597087860107,4.349173069000244,-13.371261596679688,0.8312222361564636,-13.969490051269531,1.4447743892669678,-7.380751609802246,1321.6158527095797,2589.8631226435614,0.06649877042246713,0.1282869577407837,0.22096475958824158,0.2955118715763092,0.41150930523872375,0.29060354828834534,0.32783225178718567,0.23501114547252655,0.27083447575569153,0.20817930996418,0.25191792845726013,0.4806114137172699,0.28381404280662537,0.2902865409851074,143.5546875,28.612525850847074,17.40428617460621,21.86240524348145,21.532858090701634,21.093072115738654,20.93554228647741,33.15517875936871,country
-118.21475982666016,152.95570373535156,-46.512428283691406,31.12163543701172,-17.298686981201172,6.282561779022217,-3.6962413787841797,13.05859375,-13.142221450805664,15.704862594604492,-13.088501930236816,5.708540439605713,-10.694908142089844,1513.0709550116749,2922.4536869199537,0.08782189554331013,0.1314125657081604,0.5937191843986511,0.24409152567386627,0.24988925457000732,0.20982857048511505,0.35282936692237854,0.513858437538147,0.262090802192688,0.40026119351387024,0.2935398817062378,0.39881783723831177,0.2358393520116806,0.2931034564971924,92.28515625,25.58333839640397,16.117692993704342,19.828938424263868,21.175103718629988,20.358411331317463,22.690156008433707,36.909634388425424,country
-302.41064453125,150.11639404296875,-3.713838815689087,26.95195960998535,-0.26141759753227234,13.506061553955078,7.2338948249816895,4.227106094360352,1.7578513622283936,6.571225643157959,-0.500728189945221,7.906125545501709,1.3247036933898926,1144.8885616291911,2223.7570353284514,0.049895697384957464,0.043314192444086075,0.37635135650634766,0.3960598111152649,0.35797441005706787,0.40096548199653625,0.44080042839050293,0.3135036528110504,0.32417815923690796,0.2580662667751312,0.3578645586967468,0.4139411449432373,0.404331237077713,0.47051846981048584,129.19921875,24.89083018980119,18.00228573242458,20.19766437727362,20.327198583302618,20.02560111795042,19.313788659188383,29.342535170843405,country
-229.05677795410156,180.3300323486328,4.5372114181518555,24.171106338500977,1.0911428928375244,4.015376091003418,-6.006487846374512,1.9028652906417847,-13.129048347473145,0.015985924750566483,-13.500770568847656,1.5909428596496582,-13.422154426574707,963.6542370411188,1754.931074173434,0.045760600952242846,0.11524874716997147,0.40946972370147705,0.21889394521713257,0.29995787143707275,0.24163810908794403,0.45524483919143677,0.352016806602478,0.25931859016418457,0.4712800979614258,0.25273397564888,0.3082549571990967,0.1828659474849701,0.2720910608768463,80.74951171875,24.022824299644704,19.278661397333263,23.085183050716623,22.65051331175881,22.854893206405336,21.047163349668732,32.190391879576715,country
-101.0208740234375,111.6190414428711,-13.149066925048828,44.60680389404297,-5.945529937744141,29.3388671875,-7.944220542907715,19.591711044311523,-22.431093215942383,17.26593589782715,-17.816373825073242,11.403573036193848,-12.458792686462402,2049.246281139036,4434.515876504495,0.08936113326566125,0.1531912088394165,0.3015822470188141,0.3503817915916443,0.6031535863876343,0.46111300587654114,0.2721612751483917,0.22472545504570007,0.38892507553100586,0.4345442056655884,0.3446587324142456,0.49278029799461365,0.3762005567550659,0.397176593542099,99.38401442307692,22.291869674582813,16.15636510352104,20.333902818446767,19.654798725173677,19.810722427254884,18.65851684022764,41.42556423763033,country
-74.15763092041016,107.6103515625,-21.18836784362793,47.216304779052734,-5.984584331512451,17.79499053955078,-20.406625747680664,14.978621482849121,-15.971437454223633,15.732458114624023,-14.66434383392334,10.680036544799805,-10.130846977233887,2102.290176447949,4417.928815164588,0.10104778434358082,0.1678309589624405,0.322806715965271,0.32843729853630066,0.34268149733543396,0.361627459526062,0.5062724947929382,0.30696001648902893,0.2885266840457916,0.31161725521087646,0.4163973331451416,0.5475088357925415,0.3875434100627899,0.42334258556365967,89.10290948275862,23.640344158543904,15.492297731196219,19.593641771744913,18.542270757624202,18.558660983547473,18.35411141923498,41.57387351202954,country
-68.57477569580078,101.34968566894531,-16.899402618408203,51.50786209106445,-10.240495681762695,20.057523727416992,-21.787132263183594,15.519601821899414,-18.78899383544922,16.342649459838867,-17.896718978881836,12.110844612121582,-13.195822715759277,2253.4147941386177,4799.531148038718,0.10606314651005413,0.1664840579032898,0.35196661949157715,0.3303465247154236,0.44860753417015076,0.38224419951438904,0.39016127586364746,0.3512338101863861,0.4064598083496094,0.5469316244125366,0.373611181974411,0.37801748514175415,0.3141198754310608,0.35698217153549194,117.45383522727273,24.16679705062284,15.020026799085588,18.764505028358656,17.409126576267862,18.313561154061162,17.33262851886638,41.90878258213071,country
-148.53707885742188,141.28717041015625,-15.904905319213867,44.66475296020508,0.9870616793632507,13.67025375366211,-13.241113662719727,12.654531478881836,-11.70802116394043,12.162338256835938,-10.482789039611816,9.917887687683105,-5.069251537322998,1436.1116636001782,2924.4271475311775,0.059544633362335654,0.13101260364055634,0.2700067460536957,0.3418865501880646,0.24118497967720032,0.3190731406211853,0.39754098653793335,0.24862493574619293,0.28922879695892334,0.25571122765541077,0.43294644355773926,0.3562372922897339,0.2815917730331421,0.3875526487827301,143.5546875,26.482903398606442,18.20183017606551,21.70506306200528,20.051039130340467,21.102882501296474,20.931593107546373,37.37160036419807,country
-80.2308349609375,108.20328521728516,-23.831283569335938,52.62173843383789,-6.413538455963135,15.06437873840332,-17.638652801513672,9.731314659118652,-16.172584533691406,8.904531478881836,-15.960603713989258,8.001686096191406,-10.708484649658203,1964.9561710023156,4059.433457801624,0.0929928430732792,0.18060894310474396,0.34088975191116333,0.2770022749900818,0.4412592053413391,0.2743890583515167,0.2925514876842499,0.22167789936065674,0.26490235328674316,0.4073452353477478,0.28244873881340027,0.39630046486854553,0.2636062502861023,0.3739802837371826,172.265625,25.667088988259174,17.96894449634262,22.554215630160275,19.473162169289683,20.40019872606537,19.66415811091452,40.33915150881152,country
-146.0340576171875,124.63389587402344,-17.923778533935547,49.24625015258789,-0.16372989118099213,22.783910751342773,-7.180131435394287,16.748544692993164,-9.71323013305664,15.436436653137207,-7.632503509521484,10.915411949157715,-3.4583303928375244,1596.3192351340854,3291.640704303219,0.06926758567768755,0.13540726900100708,0.2252686470746994,0.30707886815071106,0.28534644842147827,0.33594685792922974,0.5213914513587952,0.3409132659435272,0.30447229743003845,0.21874095499515533,0.3723661005496979,0.5061045289039612,0.30825236439704895,0.32915887236595154,143.5546875,30.07312731446051,19.13149702939227,21.98867659359001,21.33792713901394,22.12878237020653,20.653902929133057,38.46758109968213,country
-122.42890930175781,111.49043273925781,-13.700004577636719,53.85050964355469,-2.6792430877685547,19.70017433166504,-14.1241455078125,13.753132820129395,-14.027731895446777,14.631096839904785,-13.993237495422363,9.227839469909668,-10.55429458618164,1879.437181005724,4031.4303015334976,0.07828473934164733,0.13355477154254913,0.3892887532711029,0.33680927753448486,0.39849022030830383,0.4152902364730835,0.3579139709472656,0.44727128744125366,0.3229881525039673,0.3363426923751831,0.2737431824207306,0.3711084723472595,0.4646332263946533,0.3524593710899353,117.45383522727273,20.71713983201304,16.490780234608838,20.284451559257747,19.600389049492065,19.843334416521564,18.99773394142203,39.06714685828562,country
-170.84280395507812,124.7550277709961,-19.236621856689453,39.212093353271484,-3.7663841247558594,15.302874565124512,-12.97920036315918,8.5299654006958,-11.831753730773926,11.324966430664062,-13.77603530883789,3.1141598224639893,-10.082475662231445,1591.310655282915,3162.97440318663,0.07395969281709204,0.10857796669006348,0.3336844742298126,0.2650756239891052,0.36504483222961426,0.2732338607311249,0.3738972544670105,0.2361927032470703,0.2703683078289032,0.480988472700119,0.322392076253891,0.3547714650630951,0.2809624671936035,0.3862517476081848,143.5546875,27.381297458662957,19.936832061931007,23.356438327638976,22.124828631647127,23.386330113308986,22.636782152041025,37.702004972936635,country
-121.95899963378906,123.24600982666016,-8.496770858764648,51.59900665283203,-0.10669125616550446,20.418153762817383,-11.878725051879883,16.26213264465332,-11.528809547424316,11.83263874053955,-8.090615272521973,9.130125045776367,-8.650754928588867,1622.8096134803375,3527.1653177566704,0.06605051841647332,0.1526181548833847,0.27203628420829773,0.33125174045562744,0.2600981295108795,0.38522982597351074,0.46315798163414,0.31484243273735046,0.35692915320396423,0.2984603941440582,0.4197450578212738,0.41716235876083374,0.34194013476371765,0.38298487663269043,103.359375,24.939158043990293,17.361429303227087,21.38314426622048,20.1563587147261,20.485485569301193,19.416531016910636,39.17448400507323,country
-205.0675506591797,140.98951721191406,-8.96308708190918,36.968814849853516,6.427648067474365,14.869453430175781,-4.316958904266357,12.22562026977539,-11.429149627685547,11.85521125793457,-7.889388084411621,9.911035537719727,-2.349137544631958,1321.763474149792,2584.125931246375,0.052491933729698376,0.1046360433101654,0.28966978192329407,0.3911721110343933,0.3504897356033325,0.24240843951702118,0.2949264943599701,0.24911248683929443,0.26494139432907104,0.2126469612121582,0.35778748989105225,0.5254479050636292,0.3437053859233856,0.34377697110176086,143.5546875,25.00300298474339,19.774915842033554,23.01419840038728,21.752600378966214,22.396682671470575,21.71456067620816,35.589071826425524,country
-91.65494537353516,115.85130310058594,-30.201814651489258,52.284873962402344,-5.018789291381836,16.961172103881836,-15.656676292419434,13.546172142028809,-12.756255149841309,15.970040321350098,-11.9656982421875,11.06804084777832,-9.953225135803223,1927.5251167094743,3883.6122729662125,0.09899685203982986,0.14736075699329376,0.29632747173309326,0.3376397490501404,0.2485342174768448,0.3983438014984131,0.4845781624317169,0.3644062578678131,0.49687451124191284,0.3346966803073883,0.4161939024925232,0.2747827172279358,0.3263074457645416,0.4781111180782318,135.99917763157896,24.63243682442818,16.96223461513424,19.73834728758468,19.121583325851237,20.223076952834013,19.732057432038097,39.822223438548455,country
-193.73313903808594,125.57695007324219,-20.945106506347656,46.33686065673828,-2.6908516883850098,12.840516090393066,-6.60264253616333,10.736069679260254,-10.919580459594727,6.123416423797607,-9.441399574279785,5.165988445281982,-3.6614413261413574,1563.3792654565448,3233.794160564095,0.06473823895494973,0.08944597095251083,0.3492986559867859,0.3005162477493286,0.3851280212402344,0.47549331188201904,0.3224067986011505,0.40250954031944275,0.30246999859809875,0.35982421040534973,0.32677537202835083,0.3132937252521515,0.39733952283859253,0.30645954608917236,117.45383522727273,26.724565114930797,19.40985367724074,22.43452012854304,21.344135704654988,22.04542303173473,22.56890926834367,35.74494253115617,country
-50.792259216308594,96.71365356445312,-24.32533073425293,66.08502197265625,-14.70022964477539,24.393627166748047,-21.029590606689453,12.470781326293945,-18.15088653564453,13.26036548614502,-12.81322193145752,9.800076484680176,-11.347794532775879,2335.089633019832,4839.225184889791,0.12120930611948956,0.17643100023269653,0.2709380090236664,0.28668221831321716,0.47188690304756165,0.40748846530914307,0.4517950713634491,0.26802000403404236,0.3680973947048187,0.5437890887260437,0.4019443988800049,0.3756677210330963,0.2692086100578308,0.3297751545906067,161.4990234375,21.315443801001436,16.124221152172094,18.65150120128914,18.265574718437385,19.042397180137975,17.831823521778446,40.67340246480148,country
-213.6230010986328,117.20726776123047,-21.871633529663086,45.65717315673828,-10.280003547668457,5.057990550994873,-11.914002418518066,5.5748677253723145,-17.799598693847656,0.1872597336769104,-14.170548439025879,-1.1572178602218628,-10.30495834350586,1537.7806406173002,3055.5581927022913,0.06812788512664346,0.09251183271408081,0.12035799026489258,0.20695310831069946,0.3276323080062866,0.2099483758211136,0.25032854080200195,0.18343254923820496,0.32001587748527527,0.3818938434123993,0.2591457962989807,0.3553488552570343,0.19258897006511688,0.2045459747314453,86.1328125,29.962501142737075,22.83814566521675,26.34653561204953,24.425777451884514,23.718945456098446,23.680567720699795,35.999126005900976,country
-104.32958984375,136.4242706298828,-20.96272087097168,52.84556198120117,2.0186939239501953,20.423431396484375,-11.615843772888184,17.66742706298828,-15.73991584777832,11.050942420959473,-11.322824478149414,3.6751577854156494,-6.49644136428833,1474.747173267392,3107.8590623187356,0.0629996102813225,0.20668622851371765,0.4573311507701874,0.2830207347869873,0.2992554306983948,0.26360219717025757,0.35557812452316284,0.36605218052864075,0.35775816440582275,0.5968126654624939,0.40332290530204773,0.3812658488750458,0.26290786266326904,0.3737172782421112,112.34714673913044,25.671916459999785,17.007871585390482,21.64561215623045,20.697366187947836,20.740894381570897,19.620319316628667,39.53980883333947,country
-124.79656982421875,127.31084442138672,-23.381498336791992,47.37570571899414,0.5761372447013855,16.01137924194336,-9.977922439575195,16.199665069580078,-16.736051559448242,6.788448333740234,-8.195150375366211,3.201631784439087,-1.5992869138717651,1557.7510489456868,3220.9541763341067,0.0673669518561485,0.1752784103155136,0.2728613317012787,0.26649436354637146,0.45479342341423035,0.34610071778297424,0.33657306432724,0.39494264125823975,0.28733280301094055,0.3829343318939209,0.2582891583442688,0.3722320795059204,0.3331044018268585,0.24060474336147308,89.10290948275862,25.513349945863506,18.676654570574627,22.829546560319198,21.127077591059198,21.05765180750312,21.05457586170672,39.495064741966104,country
-69.83627319335938,124.20770263671875,-32.48236846923828,47.68980026245117,1.4008857011795044,22.600839614868164,-8.752852439880371,21.427227020263672,-15.660797119140625,15.749120712280273,-12.43254280090332,9.573857307434082,-9.04707145690918,1754.316930048776,3504.9992749419953,0.09741305346094355,0.21801742911338806,0.2495919167995453,0.28988248109817505,0.582302987575531,0.2523031234741211,0.21655391156673431,0.1878162920475006,0.363953173160553,0.5041890740394592,0.28169897198677063,0.39422228932380676,0.2427680492401123,0.3438025712966919,117.45383522727273,23.823446714778022,17.927573873115218,22.23605477568935,21.25765466918525,21.85297725938074,20.659933108778326,41.17003006621222,country
-148.36997985839844,126.86573028564453,-19.571285247802734,52.876766204833984,8.581604957580566,17.882394790649414,-8.09940242767334,17.78060531616211,-15.515440940856934,13.506863594055176,-10.964570045471191,9.469388008117676,-1.9210474491119385,1561.0425270580386,3175.33143081134,0.0671992821925754,0.15302729606628418,0.35502636432647705,0.27426984906196594,0.3445212244987488,0.2676854431629181,0.2955179810523987,0.4788752794265747,0.32771211862564087,0.3983443081378937,0.37014198303222656,0.4460557699203491,0.3483365476131439,0.27004164457321167,112.34714673913044,26.87438933692257,19.09860905436255,22.776695313984956,21.152372151682865,21.58655625415415,22.03777151958262,38.529165686678326,country
-139.56085205078125,128.79107666015625,-20.232744216918945,49.427703857421875,-2.1633641719818115,16.994394302368164,-8.3399658203125,9.827165603637695,-20.141237258911133,2.5050971508026123,-11.247482299804688,3.7663161754608154,-6.4156575202941895,1425.2797032637823,2981.1912023274363,0.06172207318252127,0.17621147632598877,0.3235326409339905,0.18548166751861572,0.24050883948802948,0.183230459690094,0.3011687994003296,0.32274696230888367,0.25861167907714844,0.43678683042526245,0.23551824688911438,0.2623487710952759,0.18010002374649048,0.3224877119064331,117.45383522727273,25.29727597602283,19.77465452596487,25.191326619451395,22.94187344302345,22.931491736736287,22.683808062872714,39.04888631225204,country
-42.18054962158203,106.26459503173828,-24.218505859375,44.6755485534668,-12.344403266906738,20.534286499023438,-16.052776336669922,18.49297523498535,-18.786243438720703,15.519278526306152,-15.459701538085938,8.95469856262207,-9.982071876525879,2157.483363148039,4478.689752211427,0.10824587321152358,0.2207014560699463,0.32060471177101135,0.4435635805130005,0.3225172460079193,0.334972620010376,0.31816115975379944,0.4285966157913208,0.6385541558265686,0.35485050082206726,0.33873695135116577,0.29747357964515686,0.3424670696258545,0.4305304288864136,143.5546875,23.81695883058637,14.996335420905652,18.679850023681052,18.923305699736503,18.752798821148026,19.149515800722106,43.18395508430241,country
-111.09918975830078,94.0258560180664,12.438058853149414,16.629438400268555,8.126039505004883,15.663839340209961,-1.4103329181671143,7.014441013336182,0.9597830176353455,-1.4994508028030396,-3.078932762145996,-5.09898567199707,-3.715648889541626,2298.1112240567795,4889.646293275712,0.09652545382318953,0.14208541810512543,0.3177263140678406,0.3929480314254761,0.5092092752456665,0.43429091572761536,0.49327221512794495,0.480242520570755,0.5751980543136597,0.4785635769367218,0.42939916253089905,0.41263070702552795,0.3679237961769104,0.45552870631217957,117.45383522727273,17.996968111225858,15.284204928369217,17.888036028748296,18.68149414386484,18.197139380297926,16.091756390203084,16.343923649618628,disco
-29.043100357055664,51.860496520996094,-7.56760835647583,21.507436752319336,8.141378402709961,18.118085861206055,6.8945746421813965,6.569046974182129,0.7113646268844604,11.15976333618164,-1.8163267374038696,1.6355899572372437,-2.5911896228790283,3292.704549878069,6522.435342111895,0.1885523173483103,0.17707453668117523,0.39817723631858826,0.3206945061683655,0.36278676986694336,0.4569278359413147,0.5894337296485901,0.4127786159515381,0.35375115275382996,0.38463833928108215,0.42981913685798645,0.46828481554985046,0.3253442049026489,0.4241642951965332,117.45383522727273,18.142452935682922,14.96532435341748,17.854837901400984,18.99784994023933,19.60911435660682,17.75724213393214,17.00813267399001,disco
-53.1693000793457,57.1737174987793,21.16082763671875,11.30526351928711,18.11834144592285,1.6628117561340332,0.3451026976108551,2.323979377746582,-5.105269432067871,2.747910976409912,3.1522436141967773,-5.514477729797363,-3.1615028381347656,3592.2181145867817,8074.817942466648,0.153338438950116,0.16127359867095947,0.3198029398918152,0.31203219294548035,0.37158820033073425,0.3714718222618103,0.5163390040397644,0.5070171356201172,0.5735121369361877,0.4311749041080475,0.3646213412284851,0.4441271126270294,0.3352125585079193,0.3970209062099457,112.34714673913044,29.491224010893372,14.842892854624635,19.261321310588364,18.55654133422613,17.91575385726282,16.73944969825939,16.10602806419888,disco
-44.4330940246582,52.32051086425781,3.2428550720214844,43.939308166503906,12.584174156188965,24.506044387817383,4.9235029220581055,15.306509971618652,2.0410919189453125,10.38636589050293,-1.46232271194458,8.83460807800293,0.4166823923587799,3045.783197240785,6206.430158943966,0.1495607339559387,0.19629128277301788,0.6607908010482788,0.458096444606781,0.35554036498069763,0.3923998475074768,0.40725013613700867,0.4312432110309601,0.35200682282447815,0.48511964082717896,0.4839281439781189,0.6146949529647827,0.6952074766159058,0.6057286262512207,129.19921875,16.27497973261334,15.467031783041836,17.496001138951357,17.523815718433656,17.826806925483318,17.171700016735645,19.326727120389453,disco
-83.55509185791016,64.49134063720703,5.6444172859191895,2.701930046081543,0.786340057849884,6.165175914764404,1.8841153383255005,1.974973440170288,-1.810813069343567,1.8658113479614258,2.462479829788208,-0.22272582352161407,2.9572231769561768,3328.4809117165955,7195.770306155742,0.16901441959106728,0.11454933136701584,0.2964240610599518,0.3480669856071472,0.2833246886730194,0.3724991977214813,0.42997536063194275,0.32130223512649536,0.4171328544616699,0.3201563060283661,0.45373186469078064,0.4162037670612335,0.3895157277584076,0.5371542572975159,123.046875,22.064332392938184,15.203961355612206,19.09509334706463,19.42112784008859,19.566890745304807,18.03685804729187,16.25166426912692,disco
-24.816133499145508,73.69841766357422,-11.74449348449707,28.30463409423828,6.291743755340576,2.190713405609131,8.419228553771973,12.195893287658691,-4.0575852394104,13.498218536376953,1.8683927059173584,-0.9259458780288696,0.5338900685310364,2722.8382056047735,5472.246935614224,0.1446281579262452,0.20679496228694916,0.4608183801174164,0.3729085624217987,0.45280781388282776,0.38606661558151245,0.4969332218170166,0.4007260203361511,0.37628814578056335,0.5524575114250183,0.4851253926753998,0.5380489826202393,0.3945389688014984,0.45968592166900635,107.666015625,19.98378778579009,15.067192066012467,18.048402201507137,18.630328549148352,18.51188667024335,19.294236124249842,16.909020677758683,disco
-14.574816703796387,65.19933319091797,-19.88851547241211,31.502683639526367,-4.814698696136475,11.865560531616211,9.996403694152832,5.96023416519165,-3.8007707595825195,9.380570411682129,-4.387615203857422,3.339226245880127,-4.445434093475342,2848.395241985928,5506.662886546549,0.16364521401295437,0.19189338386058807,0.4509703516960144,0.4813968241214752,0.39704564213752747,0.5354028940200806,0.48675787448883057,0.3389526605606079,0.426720529794693,0.525981068611145,0.6557658910751343,0.4183703064918518,0.45415088534355164,0.5169853568077087,123.046875,19.835857085779246,15.814956600168268,17.67658520299622,17.611043748551932,17.46357785961761,18.972106839018423,18.46417215439427,disco
-53.432594299316406,56.16560363769531,-6.337501049041748,31.602523803710938,4.648096084594727,16.339651107788086,4.108209133148193,1.87781822681427,-0.3853498697280884,2.498018503189087,-0.5452887415885925,0.9600377678871155,0.4909866750240326,3099.082005849926,6098.201459632395,0.1402915488447409,0.15957549214363098,0.4332074224948883,0.48304322361946106,0.35722827911376953,0.34059518575668335,0.44472721219062805,0.4140928089618683,0.4180947244167328,0.35511794686317444,0.4727928638458252,0.5631662607192993,0.41952091455459595,0.4774116575717926,129.19921875,25.47308564749347,16.305508076271373,19.466231786309542,18.700917161669405,17.581181110366103,17.34507190802096,16.637684776600306,disco
-32.56987762451172,65.03629302978516,-26.761167526245117,30.30056381225586,5.6973371505737305,11.660781860351562,-2.227686882019043,10.421781539916992,-2.3734118938446045,5.365474224090576,-3.878614664077759,-0.8631799221038818,-0.21064355969429016,2801.719944106093,5445.952622059036,0.1643124669216705,0.19048811495304108,0.42070329189300537,0.49952271580696106,0.3979951739311218,0.4463774859905243,0.38258352875709534,0.5157533884048462,0.4917931854724884,0.41706299781799316,0.577190637588501,0.456804484128952,0.45252156257629395,0.3931783437728882,123.046875,17.199455727339572,15.596608043360945,18.08928796942038,18.326375863289382,18.801449843716036,18.406623891054327,18.405492952255226,disco
-68.9268798828125,63.11762237548828,-15.855326652526855,28.00232696533203,8.173501968383789,7.323384761810303,-4.9316792488098145,9.490028381347656,-0.9740489721298218,-1.596336841583252,-6.184393882751465,-3.936596632003784,-1.166956901550293,3016.9654959671584,5955.0381335194315,0.1706677028953983,0.11894340813159943,0.556584358215332,0.4800017178058624,0.5722894072532654,0.49309787154197693,0.38018250465393066,0.5343366861343384,0.38702037930488586,0.38592466711997986,0.28994449973106384,0.30312392115592957,0.44463464617729187,0.47897398471832275,129.19921875,31.233853778496876,14.916630976074261,17.378430054699546,17.29424254773355,18.815474609992812,17.01212708221917,16.26305540004228,disco
-6.765200614929199,61.12942886352539,-16.672161102294922,27.4387264251709,7.734436988830566,16.013572692871094,4.646263122558594,11.445980072021484,0.343693345785141,9.835786819458008,3.1894264221191406,5.031802177429199,-1.8564006090164185,2877.4074655436298,5865.166570747535,0.15030263619006187,0.23285724222660065,0.4399579167366028,0.45495519042015076,0.3916274905204773,0.4688418507575989,0.42471641302108765,0.5013718605041504,0.3925003707408905,0.3825613856315613,0.4989953935146332,0.4208812415599823,0.4898783564567566,0.3858974277973175,107.666015625,16.354938840879928,13.952172732987833,17.535524057764334,17.4270422548701,17.79937485792279,17.380995219945188,17.696330770076244,disco
-41.31513977050781,62.78868103027344,7.323929309844971,12.122529029846191,6.358506202697754,9.252999305725098,3.064216375350952,13.849785804748535,0.15274545550346375,8.056879043579102,-2.6997385025024414,-7.220554351806641,-3.241377115249634,3132.9752097469195,6864.145655089907,0.1309711547757154,0.1888410747051239,0.35473382472991943,0.2668347954750061,0.2646495997905731,0.2871941030025482,0.3309381902217865,0.26033440232276917,0.27287256717681885,0.4559594690799713,0.47100409865379333,0.6162577867507935,0.48626184463500977,0.4153761565685272,95.703125,33.591289979248046,16.903086644792964,17.590392762736098,18.383867146871292,16.10824276866185,16.30847856068904,16.95065583536359,disco
-57.95558547973633,68.42820739746094,-15.226616859436035,23.414100646972656,14.886022567749023,13.217155456542969,2.180786609649658,12.793448448181152,0.0489804781973362,12.763608932495117,0.007023775950074196,3.3800199031829834,0.8436663746833801,2737.358914673473,5710.012308756511,0.1314991138599537,0.17556190490722656,0.5504569411277771,0.42339015007019043,0.3731447160243988,0.3485910892486572,0.41133978962898254,0.3419863283634186,0.3415885269641876,0.4805067181587219,0.46191859245300293,0.5225592255592346,0.4280720055103302,0.45688092708587646,112.34714673913044,16.991258535771404,14.88340459716847,18.327035944243963,17.94489937605401,18.351980788317825,18.043262763002087,17.397474650375653,disco
-40.07685470581055,56.21980285644531,23.69286346435547,31.939529418945312,2.454800844192505,2.5702762603759766,-2.4864346981048584,3.1007561683654785,1.881709098815918,3.347036838531494,-0.0018149107927456498,-1.516345739364624,-2.451519012451172,3391.3650850232443,7203.947261093387,0.1595289992991106,0.17077067494392395,0.2690443992614746,0.3115399181842804,0.38584452867507935,0.4176816940307617,0.5815201997756958,0.4950425624847412,0.4732855260372162,0.4810377359390259,0.44396162033081055,0.4586542844772339,0.35940366983413696,0.3820781409740448,89.10290948275862,30.01397864565683,15.007085977996015,16.23035257226632,18.043547756730987,16.69076513552664,15.856205603781975,15.2722034145639,disco
-23.927661895751953,61.22075653076172,-0.9586992263793945,25.331012725830078,0.39423465728759766,6.030254364013672,2.489081621170044,6.189191818237305,-0.3292669653892517,9.69687557220459,-5.507835388183594,1.06181800365448,-2.436964750289917,3087.483970853388,6530.043847051567,0.156306688999613,0.1737232655286789,0.5521469116210938,0.32815828919410706,0.2911868691444397,0.3804513216018677,0.4194515347480774,0.6166231632232666,0.4280031621456146,0.41209864616394043,0.43074825406074524,0.40844330191612244,0.5546968579292297,0.4125521183013916,103.359375,22.570070821374568,15.461363690109176,17.577604805871314,18.423500260047796,17.581745841583718,17.565018031051704,17.556725517608818,disco
-46.762786865234375,103.7007827758789,22.126630783081055,9.223700523376465,2.2584798336029053,-4.7948832511901855,4.798995018005371,0.9515379071235657,-9.411773681640625,-1.0667285919189453,-0.8673272132873535,-5.279599189758301,-1.7630391120910645,2362.4116318966007,5439.756743039443,0.09022704889307812,0.21586056053638458,0.39262035489082336,0.32191577553749084,0.46536681056022644,0.39072898030281067,0.5191586017608643,0.39711201190948486,0.4520748555660248,0.4786774814128876,0.2987620532512665,0.44640064239501953,0.31371623277664185,0.5006524324417114,123.046875,27.676685614088207,13.835060800584573,18.349271946534785,20.407490389629256,18.808131710293434,18.36728282637113,15.043171992166148,disco
-35.856197357177734,83.80528259277344,-2.901970624923706,32.21396255493164,9.144426345825195,4.182419776916504,0.1370866447687149,11.094396591186523,-2.89473557472229,7.9954514503479,0.6289428472518921,3.6732091903686523,3.7831783294677734,2520.434661747475,5334.772696659483,0.11424808429118774,0.20567747950553894,0.45442286133766174,0.5076145529747009,0.4574599862098694,0.45282885432243347,0.527925431728363,0.40667033195495605,0.41206642985343933,0.3402082622051239,0.33560875058174133,0.43387749791145325,0.4184536039829254,0.47473785281181335,123.046875,20.722925806758415,15.01191169720995,18.424944029394723,18.097896251092237,17.938232595399374,17.610133423812094,16.913187817100606,disco
-98.18701171875,92.40616607666016,2.658999443054199,19.365163803100586,3.572561740875244,-1.752833366394043,-1.7048804759979248,-3.181124687194824,-9.103381156921387,-4.084535598754883,-5.1873955726623535,-5.481767177581787,-4.2330322265625,2564.2888412274115,5388.221942521027,0.12072102486948956,0.11603840440511703,0.4863830804824829,0.36115115880966187,0.5284546613693237,0.4310581386089325,0.38022106885910034,0.4326063394546509,0.374439537525177,0.5200361609458923,0.26928678154945374,0.2842140197753906,0.4468984305858612,0.33977970480918884,123.046875,29.555270622215602,14.124236453867463,18.34700616029186,17.569807396949134,17.722498941440822,17.201264499880924,15.321025251683828,disco
-73.08694458007812,71.74661254882812,12.055068969726562,1.4190236330032349,4.536818504333496,10.854836463928223,3.867708683013916,0.9384521245956421,-5.977385520935059,9.039346694946289,-2.36775541305542,3.5528106689453125,-0.14295746386051178,3043.1123946763596,6837.516427095417,0.14358338771268367,0.1387321949005127,0.36183154582977295,0.43809354305267334,0.2967354655265808,0.3402077555656433,0.2975258529186249,0.28126728534698486,0.40924105048179626,0.3653450310230255,0.49116051197052,0.3273566663265228,0.38477933406829834,0.4480411112308502,123.046875,27.793724915703287,14.96018689329175,18.937817117006997,19.763143055866106,19.98446596079284,18.362395899427103,16.585845807679863,disco
-95.04603576660156,109.33905029296875,-30.173484802246094,16.3712158203125,20.0415096282959,11.963911056518555,3.490323066711426,6.177453994750977,5.204813480377197,8.618460655212402,0.33158284425735474,0.3817095160484314,0.5376681685447693,2117.6008935704253,4198.641535854118,0.10365534971964424,0.1469728946685791,0.36937788128852844,0.37306031584739685,0.5337568521499634,0.5034797787666321,0.44068044424057007,0.47497880458831787,0.36040231585502625,0.43747276067733765,0.384959876537323,0.5148171186447144,0.5766546726226807,0.37093818187713623,117.45383522727273,24.26901315528168,15.47613533033166,18.262854917929584,17.75016898642272,19.398043654394797,18.970157766721986,16.063517511096414,disco
-104.13796997070312,105.87117004394531,-14.327589988708496,36.71042251586914,-10.330669403076172,16.791772842407227,-6.818428993225098,8.13119888305664,-4.464369773864746,0.9813637137413025,-10.006949424743652,0.3754729926586151,-1.7045552730560303,2116.937132007475,4349.140806264501,0.10326298760150812,0.12454407662153244,0.34223824739456177,0.34231993556022644,0.3223988711833954,0.4118337035179138,0.29344090819358826,0.24744710326194763,0.3470507264137268,0.24535369873046875,0.28585341572761536,0.2968859076499939,0.4125244915485382,0.5633516311645508,161.4990234375,26.168202689281326,16.808043454819902,20.638837563004405,20.271500612780454,20.647153578776365,19.161568727478894,20.225166633488268,disco
-115.07719421386719,70.42092895507812,31.231395721435547,11.171843528747559,13.07083511352539,3.8785784244537354,1.8067201375961304,4.974539756774902,-1.035394310951233,3.928635835647583,-1.2870672941207886,-0.6889938116073608,-1.0698988437652588,3248.710113626103,7422.743256960557,0.12404534029389018,0.1113595962524414,0.7455489039421082,0.5254884362220764,0.3932887017726898,0.332851767539978,0.2859534025192261,0.2294289618730545,0.23891516029834747,0.41193386912345886,0.3556513488292694,0.35722270607948303,0.43088558316230774,0.5083492994308472,107.666015625,19.699323824771472,15.856641334988234,18.170126941644504,18.655178428408046,17.806859961203635,16.636199757478828,15.228255514132325,disco
-71.95389556884766,46.87051010131836,21.026630401611328,29.955154418945312,9.503479957580566,2.3987131118774414,8.242609024047852,2.5120275020599365,-2.1593832969665527,0.44539666175842285,-0.22787965834140778,-1.5480238199234009,-3.6062700748443604,3708.1110849955126,7808.475701493619,0.17288668249709976,0.13684141635894775,0.3410322666168213,0.3617127537727356,0.46618086099624634,0.4411327540874481,0.5042932033538818,0.4753977954387665,0.5736876130104065,0.4395105838775635,0.31569379568099976,0.4674910604953766,0.4280543327331543,0.4104893207550049,123.046875,27.58411747456787,14.380887172555058,17.871558174802274,17.11952867181619,16.80035977859207,16.090593460139004,14.772827069751767,disco
-32.17642593383789,60.042598724365234,3.3742270469665527,18.975921630859375,4.333144664764404,0.6889650225639343,-2.02207612991333,1.329651951789856,-4.642695426940918,3.7909770011901855,-6.739723205566406,-4.887253284454346,-2.336693048477173,3167.5553238891907,6730.133523963167,0.15097822409126063,0.17817322909832,0.45452645421028137,0.3732589781284332,0.3986380100250244,0.45151716470718384,0.3900618553161621,0.47304823994636536,0.4580966532230377,0.5332932472229004,0.4680408835411072,0.4107787311077118,0.4314757287502289,0.38199105858802795,112.34714673913044,26.904194501348996,15.615563518769019,16.97281951138595,16.678545125400436,16.61182036662856,16.64097023657079,15.92238430309905,disco
-69.63065338134766,83.07227325439453,-16.59992790222168,0.11837117373943329,7.420607089996338,0.7700079679489136,1.3374780416488647,4.695798397064209,-1.416824460029602,3.3194353580474854,-2.878265142440796,-8.202150344848633,-5.767510890960693,2624.814629146055,5605.777239522912,0.12021650534126063,0.14292743802070618,0.28671690821647644,0.36967089772224426,0.2740698754787445,0.3717687726020813,0.3111177086830139,0.4872511625289917,0.5516753792762756,0.3753361403942108,0.5085594654083252,0.28271692991256714,0.3762768507003784,0.27769041061401367,129.19921875,29.752017498942006,16.1419351725176,18.92610382322248,19.113686802306564,19.466280983384586,17.548978072827634,15.208348218880122,disco
-124.16992950439453,90.15501403808594,-11.32868480682373,10.931417465209961,-1.1485722064971924,-3.759183406829834,-0.8579286336898804,-3.8354804515838623,-3.7047462463378906,-0.25987905263900757,-5.816019535064697,-3.438340187072754,-4.632643222808838,2410.17299144527,5080.412048198231,0.09966035564095127,0.10787889361381531,0.5332136750221252,0.4943162798881531,0.34369978308677673,0.25740787386894226,0.2519817650318146,0.42738330364227295,0.3301829695701599,0.3725918233394623,0.3775334656238556,0.28041619062423706,0.3219594955444336,0.30481019616127014,123.046875,25.22064496070144,17.208652985930264,19.311617789607016,18.8198053989681,18.303388641625368,17.96147381536233,15.658623311741355,disco
-68.05400848388672,66.35392761230469,11.858419418334961,21.97743797302246,9.757756233215332,6.689318656921387,1.5989806652069092,3.8087968826293945,0.9507466554641724,4.7707672119140625,-4.210414886474609,-0.06348848342895508,-1.2341598272323608,3043.44261890053,6612.500283225783,0.13159576203596288,0.14299112558364868,0.3415176272392273,0.33510324358940125,0.4591633677482605,0.36466801166534424,0.42718079686164856,0.5091317296028137,0.43089526891708374,0.5165431499481201,0.3716789782047272,0.3894025385379791,0.3743126690387726,0.2949151396751404,117.45383522727273,28.67266739671496,15.247930250064714,17.606517092292627,17.943466264089327,17.818827330479973,16.753536409306047,15.722786569915204,disco
-155.67005920410156,60.62317657470703,23.156450271606445,31.17670249938965,25.046491622924805,16.90212059020996,9.445918083190918,8.451035499572754,5.319857120513916,6.555652618408203,5.76958703994751,3.923652410507202,7.5681047439575195,2908.67464508436,6348.173137054089,0.10118297745069606,0.11559094488620758,0.44453537464141846,0.4229236841201782,0.44803476333618164,0.45002368092536926,0.5210273265838623,0.5122193098068237,0.4539695382118225,0.45546066761016846,0.4911385774612427,0.5591908693313599,0.5522801876068115,0.5142358541488647,112.34714673913044,26.03769654375325,15.5183543797517,17.65831866775539,15.705861712904833,16.531080813498026,16.773963185070652,14.582781254116775,disco
-20.493900299072266,53.69212341308594,5.980858325958252,10.135650634765625,17.066591262817383,9.531476974487305,4.618680477142334,6.399700164794922,-0.33616533875465393,1.7284748554229736,3.6760637760162354,-0.7774311900138855,-5.881968975067139,3715.1863608882204,7728.130041418938,0.19837511480085074,0.17249633371829987,0.41889727115631104,0.4984923005104065,0.6146534085273743,0.5235768556594849,0.45308932662010193,0.4647543430328369,0.4560588300228119,0.57709139585495,0.47647711634635925,0.45104584097862244,0.47452378273010254,0.3887037932872772,123.046875,26.501845259990368,14.126163049792002,16.594809264858036,15.651802390288575,16.52966762251258,15.330050244534942,14.782794244086215,disco
-58.975624084472656,68.86752319335938,-8.467236518859863,3.6156859397888184,5.068393230438232,3.2651877403259277,13.515074729919434,-1.3705546855926514,1.6674580574035645,3.7045981884002686,-3.709589719772339,-0.3285945951938629,-2.8358054161071777,3075.0244878578837,6847.716803672419,0.13853592662412992,0.1475345492362976,0.3110235929489136,0.36772391200065613,0.3528391122817993,0.3997704088687897,0.48791342973709106,0.4413207769393921,0.4724145531654358,0.4308544993400574,0.4189588725566864,0.31477048993110657,0.29436925053596497,0.3166316747665405,103.359375,28.14654709162054,15.629984555670521,18.23156205160723,17.80667724545895,17.86874990331991,18.341727974909432,16.202721797928678,disco
-40.75261306762695,63.948631286621094,4.900273323059082,16.338193893432617,12.10965633392334,9.335103988647461,4.537440776824951,5.185623645782471,-0.5902747511863708,-0.0855463445186615,2.94746994972229,-1.4827536344528198,-1.7634143829345703,3167.957019535548,6935.539964290893,0.15077543443058777,0.16993790864944458,0.4932696521282196,0.42275792360305786,0.4943018853664398,0.4710124433040619,0.47001737356185913,0.34168195724487305,0.3574788570404053,0.4224301278591156,0.43605729937553406,0.5156060457229614,0.4362364411354065,0.5405802726745605,135.99917763157896,26.613475270957377,15.24711428174751,16.65454967779197,16.04192509296596,17.76964978363594,15.739151520818623,15.651465708304396,disco
-66.57301330566406,58.330596923828125,-8.167374610900879,15.471976280212402,5.565494537353516,7.685080051422119,4.063464164733887,-3.5938897132873535,-1.33248770236969,1.6080923080444336,-5.481993198394775,-3.741950750350952,-3.2483386993408203,3256.824592073175,6681.488136238399,0.17375184285576178,0.11573667824268341,0.3535052537918091,0.4103188216686249,0.4609900414943695,0.31897833943367004,0.37540391087532043,0.3205750584602356,0.5033431053161621,0.540862500667572,0.4233779311180115,0.45087242126464844,0.3611777424812317,0.4867573082447052,123.046875,19.778562647237813,15.49743838287745,18.058366857384307,17.825284630074435,18.271581161556185,17.77119874528735,14.776136018987968,disco
-123.33120727539062,86.98848724365234,-22.51022720336914,6.942469120025635,8.465195655822754,12.644245147705078,-0.8552823662757874,-0.8346989750862122,-3.2606728076934814,2.62437105178833,-0.7705084681510925,-0.41433411836624146,-3.8346292972564697,2446.973203805007,4958.0408366263055,0.12325117519818252,0.11106248199939728,0.3794803023338318,0.2942013144493103,0.3922879099845886,0.35718753933906555,0.467767596244812,0.43462318181991577,0.3031643033027649,0.32163283228874207,0.37639036774635315,0.5939793586730957,0.24307744204998016,0.257122278213501,112.34714673913044,27.74734657760407,15.793658979633456,18.7593128088098,19.8891992694798,20.334321983418974,18.861424521294364,16.708319161443182,disco
-57.8161506652832,86.55978393554688,-11.807114601135254,38.7700080871582,2.370802164077759,8.82680892944336,-1.282187581062317,9.910632133483887,-1.6604489088058472,9.840832710266113,3.00850510597229,7.504814147949219,1.7077206373214722,2450.056640885936,5023.3482272331785,0.1244871725154679,0.15692226588726044,0.4586605429649353,0.2908446192741394,0.3376213610172272,0.27619293332099915,0.4575868844985962,0.6380244493484497,0.36891722679138184,0.37891143560409546,0.34541061520576477,0.5005536675453186,0.3376440405845642,0.31227314472198486,129.19921875,26.136340207403432,15.412519001085325,19.845296450536452,19.57538893912318,19.48369993700142,18.977266128290417,18.12377745267619,disco
-65.76850128173828,52.8183479309082,16.573312759399414,12.56186294555664,5.6153106689453125,8.38082504272461,-0.6204210519790649,-0.6156938672065735,-4.081848621368408,0.6821998357772827,-7.784730911254883,-1.893623948097229,-7.254853248596191,3653.6600399416443,7835.304773600638,0.18081285044470224,0.12286360561847687,0.23292899131774902,0.3737148642539978,0.517208993434906,0.37882521748542786,0.3642005920410156,0.3503979444503784,0.4875582754611969,0.3939679265022278,0.30736833810806274,0.35535138845443726,0.23649416863918304,0.2942427396774292,129.19921875,27.646869028873294,14.88255544254219,18.64217970520556,18.486859517001363,18.48605827535367,16.80842169986908,16.416464507354586,disco
-51.765159606933594,55.67180252075195,11.406057357788086,7.478551864624023,12.00295352935791,6.261124610900879,4.35258150100708,4.310238838195801,-5.940637588500977,0.5639912486076355,3.5921661853790283,-2.3924636840820312,-5.827445030212402,3623.47282265526,7702.866414860064,0.17633637253480278,0.15245455503463745,0.274080365896225,0.2910597622394562,0.3583610951900482,0.578460156917572,0.44941359758377075,0.4531661570072174,0.4489004909992218,0.37573501467704773,0.3933243453502655,0.37679407000541687,0.5111477375030518,0.32002246379852295,123.046875,30.38085335459544,14.647399839069761,17.578905451745715,17.450523568772837,17.572487686357,15.962483664974213,14.685789001329404,disco
-23.554237365722656,57.342735290527344,6.998447895050049,16.5434513092041,5.511960983276367,11.862945556640625,1.688477873802185,5.461319446563721,2.7518310546875,7.338019847869873,1.9618067741394043,1.2653590440750122,-2.344998836517334,3347.8914159725437,7057.02020419446,0.16203007178074247,0.17306403815746307,0.5258702039718628,0.40978294610977173,0.4497814178466797,0.32549765706062317,0.4004135727882385,0.49463504552841187,0.37503260374069214,0.5291292667388916,0.4242803454399109,0.5326157808303833,0.3644983470439911,0.38581225275993347,135.99917763157896,26.657043186727805,14.179806224202892,17.50764245663213,17.43681246133184,17.90902888083994,16.33287913022056,17.221077732092517,disco
-26.572124481201172,52.05680847167969,4.179826259613037,12.867350578308105,16.74480438232422,10.125092506408691,4.477273941040039,6.327497482299805,1.1676530838012695,0.6514689326286316,4.632640361785889,2.1355979442596436,-3.3680081367492676,3637.157091722293,7770.988276718387,0.19001126860982212,0.16394664347171783,0.3984150290489197,0.5022350549697876,0.4165688455104828,0.4165409207344055,0.4522803723812103,0.5760636925697327,0.7405216693878174,0.5112841129302979,0.4018822908401489,0.3451423943042755,0.39560389518737793,0.29696813225746155,129.19921875,25.009242290288885,14.06644817031984,16.03399724266569,16.3439035258224,17.73564458167434,16.032816567652457,14.975831205044566,disco
-77.44352722167969,52.19202423095703,-9.003063201904297,12.859450340270996,8.564753532409668,2.890939950942993,8.930610656738281,4.007405757904053,-7.348583698272705,-2.259707450866699,0.9599889516830444,-1.0451937913894653,-3.765717029571533,3353.4041591983114,7042.789638014791,0.16820212804524362,0.1130877211689949,0.40021899342536926,0.3337913453578949,0.37416839599609375,0.33590999245643616,0.4153852164745331,0.4848947525024414,0.4015854597091675,0.4475172758102417,0.36181768774986267,0.30214035511016846,0.28220221400260925,0.30759602785110474,123.046875,26.060555838212732,15.260783914405058,18.99996369295216,19.779328677880383,18.362729918681435,16.961697316336284,14.81735275663607,disco
-107.41901397705078,91.06334686279297,-8.360447883605957,34.29916763305664,-1.918014645576477,3.776259660720825,10.525864601135254,5.5680928230285645,6.945283889770508,4.7721028327941895,0.6848718523979187,-3.8467650413513184,-2.577471971511841,2328.0941748431023,4866.670443010441,0.10115843121616395,0.12429802119731903,0.24240386486053467,0.19388166069984436,0.33957767486572266,0.29252928495407104,0.44180163741111755,0.27014732360839844,0.33374452590942383,0.5243586301803589,0.3392127752304077,0.49004659056663513,0.2367653250694275,0.388259619474411,112.34714673913044,24.98862411930443,15.614465427465255,21.229732788160597,22.270657414136963,20.787942509541296,19.914335118375686,16.280862427096547,disco
-78.31010437011719,80.05325317382812,-9.145552635192871,25.454118728637695,-3.387540578842163,16.801464080810547,7.2613983154296875,1.816660761833191,0.4876320958137512,6.3167948722839355,1.4947495460510254,2.164970636367798,0.6583117246627808,2606.2991274506444,5354.906263594838,0.1264267026778809,0.14512969553470612,0.34805312752723694,0.35831308364868164,0.5207785367965698,0.3960174322128296,0.4368714690208435,0.5609113574028015,0.48732611536979675,0.596742570400238,0.3761921226978302,0.33944398164749146,0.34009218215942383,0.2891036570072174,135.99917763157896,27.6639954352353,14.641254495923583,18.484864101053873,18.593068860532075,17.425987500389223,17.59972833025381,16.655373392931587,disco
-122.02580261230469,116.83340454101562,28.3161678314209,24.712554931640625,10.907238960266113,-1.897335171699524,-1.3955236673355103,-0.9501110911369324,-3.547698736190796,-2.620152711868286,-1.125432014465332,-4.18950891494751,-2.542572498321533,1776.2078695953194,3874.369482761746,0.05384424243522815,0.1753912717103958,0.2245914340019226,0.3639415502548218,0.4232467710971832,0.3292982280254364,0.4129880368709564,0.30044984817504883,0.3654150366783142,0.32173269987106323,0.3556385934352875,0.5750914216041565,0.31301388144493103,0.28275516629219055,161.4990234375,29.76828669489136,18.01891555832441,22.661817019411227,21.49528055116164,20.1360301338303,17.964087251816267,15.245860861677873,disco
-62.33566665649414,92.05890655517578,-19.732219696044922,17.626943588256836,-3.195096015930176,5.407782554626465,-4.014354705810547,8.878787994384766,-2.5088322162628174,3.1547820568084717,-0.5376991629600525,-1.5001122951507568,1.2933992147445679,2403.5943006159314,4900.7438641966355,0.12164094221287702,0.13595318794250488,0.38532209396362305,0.3342258632183075,0.6355282664299011,0.39836612343788147,0.34552982449531555,0.25768405199050903,0.325492262840271,0.5447060465812683,0.4053569436073303,0.3871028423309326,0.3196178078651428,0.3896181583404541,107.666015625,22.80097474351903,15.048838584478322,17.971276542155433,18.23410885092483,18.272361034433345,17.27208178724905,16.811478550353417,disco
-62.772682189941406,77.84457397460938,3.548541784286499,26.00986099243164,5.935957908630371,11.29356575012207,11.112386703491211,-1.9588369131088257,1.8317075967788696,9.176684379577637,4.0686726570129395,0.9862057566642761,5.612893581390381,2875.4360880726217,6020.828480731583,0.1347388129592034,0.17365671694278717,0.5090176463127136,0.3527255654335022,0.41143158078193665,0.362221896648407,0.4482586979866028,0.37632378935813904,0.37596216797828674,0.44562867283821106,0.4406484365463257,0.49796062707901,0.4133104979991913,0.4088720977306366,129.19921875,25.047393594043633,16.300179341834053,19.855438960810325,18.6397227618406,19.369789278372334,19.024446119150664,16.18231834031881,disco
-71.29618835449219,97.73014831542969,-18.382888793945312,8.583880424499512,5.191987991333008,-0.9440426826477051,0.458246111869812,1.621820330619812,-4.783833980560303,0.061743125319480896,-0.5539028644561768,-4.4585652351379395,-5.319331169128418,2330.184617913994,4644.4354630401685,0.10958987396075019,0.14888450503349304,0.42172881960868835,0.28933030366897583,0.32195228338241577,0.5320193767547607,0.3796435296535492,0.40125107765197754,0.2610883414745331,0.4110563397407532,0.4494585394859314,0.2701527774333954,0.3653368651866913,0.2996121346950531,123.046875,25.541448271270387,15.520804755540231,18.722643844542684,18.48694130394467,18.506649453777012,17.721552673338127,15.31254844938938,disco
-81.30502319335938,106.47955322265625,-9.540607452392578,17.966781616210938,3.010284185409546,8.300962448120117,3.8893439769744873,4.25072717666626,-3.7409379482269287,-2.0746686458587646,-2.209534168243408,-4.5908613204956055,-1.1636227369308472,2248.030510146551,4609.5460117278135,0.10971902491782676,0.13538005948066711,0.5148983597755432,0.37194785475730896,0.5359412431716919,0.39511212706565857,0.3183685541152954,0.4061516225337982,0.3557877242565155,0.5117638111114502,0.3144524097442627,0.27799537777900696,0.47827020287513733,0.4068608582019806,123.046875,27.39973945039515,14.147349485640412,17.670567133274023,17.46360948325322,17.029560678909355,17.291203275494926,15.496448976196524,disco
-125.73259735107422,101.78743743896484,-17.478824615478516,33.67085266113281,-15.239169120788574,23.698205947875977,-8.662550926208496,18.543148040771484,-14.054488182067871,19.96738052368164,-15.139362335205078,12.968242645263672,-14.305062294006348,2259.6134225197134,4889.502632866879,0.11419814626836813,0.11295762658119202,0.3170255422592163,0.3360312581062317,0.48670119047164917,0.36331045627593994,0.312979131937027,0.40887248516082764,0.4064866006374359,0.6067848801612854,0.38856205344200134,0.31938523054122925,0.30085045099258423,0.2715788185596466,123.046875,20.638857903859254,14.315222211781222,18.18118282172159,18.853449012847666,19.484742725462326,20.326706446063206,40.91799235595075,disco
-280.85430908203125,120.81253814697266,-37.6297607421875,28.712121963500977,-10.775235176086426,-6.405319690704346,-13.794427871704102,-4.074550151824951,-14.84901237487793,4.79644775390625,-20.16425895690918,-5.091475963592529,-6.790001392364502,1710.9750338855315,3238.8652049195184,0.08700922636310905,0.046983007341623306,0.2356276661157608,0.1540747731924057,0.18385636806488037,0.15777188539505005,0.23703476786613464,0.22961968183517456,0.21479026973247528,0.335298627614975,0.2422630339860916,0.29470014572143555,0.17962561547756195,0.18211816251277924,117.45383522727273,20.737726457769785,19.681392214495023,23.691039631886817,22.801044438975044,22.670635603876974,23.651724682270363,32.69866089286061,disco
-105.02220916748047,80.18618774414062,-41.076820373535156,54.00217056274414,-8.363625526428223,25.715185165405273,-12.457801818847656,28.706199645996094,-15.013625144958496,15.607915878295898,-7.619718551635742,12.427019119262695,-7.360461235046387,2617.495747563951,4986.227183330917,0.15433765951276102,0.11226137727499008,0.3541748821735382,0.3345224857330322,0.522029459476471,0.5457648634910583,0.5623040199279785,0.47966647148132324,0.4126983880996704,0.3144794702529907,0.2652899920940399,0.3437250852584839,0.3543987572193146,0.42803940176963806,99.38401442307692,22.498430717694827,15.049584612323347,18.104017057670607,17.75309507768778,18.31058483008248,18.640977192278825,41.69846670252626,disco
-45.15996170043945,98.66787719726562,-24.66595458984375,40.49519729614258,-18.095556259155273,26.11712646484375,-12.685221672058105,13.979275703430176,-15.417926788330078,16.177091598510742,-14.375685691833496,8.136639595031738,-11.938591957092285,2396.988699228778,4920.578392365139,0.13527580904389017,0.20944751799106598,0.43714746832847595,0.3664228022098541,0.3418538272380829,0.4458027780056,0.3498803675174713,0.3550060987472534,0.46763089299201965,0.33694517612457275,0.4948715269565582,0.3901166617870331,0.4616129994392395,0.6076704263687134,123.046875,21.4950968571713,15.639580257504987,17.125325759736103,16.99367771926697,18.27638225768275,18.764451756576346,42.6889241011904,disco
-45.837554931640625,101.74323272705078,-32.092620849609375,34.283172607421875,-17.537839889526367,32.319087982177734,-15.645129203796387,22.037208557128906,-16.11332130432129,18.675735473632812,-13.077868461608887,16.480182647705078,-9.910720825195312,2376.024789661101,5006.06171149942,0.12873971323955916,0.15894556045532227,0.6393333673477173,0.35220611095428467,0.37844619154930115,0.5529975891113281,0.3802145719528198,0.41039806604385376,0.4210833013057709,0.616449236869812,0.3874853849411011,0.3311311602592468,0.5056348443031311,0.43820929527282715,107.666015625,23.636040770474686,13.442653972842068,17.71531864844073,17.227812413111764,18.250702897277485,17.180715241575786,42.774580146055065,disco
-77.26700592041016,89.39314270019531,-34.234031677246094,38.69170379638672,-22.262561798095703,31.242887496948242,-16.38173484802246,22.335460662841797,-16.019210815429688,19.276945114135742,-13.239377975463867,16.723400115966797,-10.39064884185791,2650.7330123265733,5370.86048524507,0.15762987601508122,0.10630638897418976,0.6304535269737244,0.35660919547080994,0.38979828357696533,0.554844856262207,0.3918447494506836,0.4203766882419586,0.43868935108184814,0.6395101547241211,0.3939380645751953,0.346488893032074,0.5197389125823975,0.44284385442733765,107.666015625,18.30178237265772,13.404783715678931,17.421643473967666,17.10330110114504,17.84895956746993,17.15186521299802,42.10713758252232,disco
-70.54645538330078,90.50209045410156,-48.06134033203125,36.668949127197266,-17.682130813598633,21.583450317382812,-30.191699981689453,24.033105850219727,-20.452550888061523,14.475555419921875,-18.496910095214844,9.12170124053955,-12.0477876663208,2590.895265318272,5061.243667071491,0.16977497522718485,0.12528949975967407,0.4145609736442566,0.3801300823688507,0.531674861907959,0.33715516328811646,0.3886699080467224,0.4006766974925995,0.3850477635860443,0.4406825006008148,0.34404319524765015,0.4919818639755249,0.4579746723175049,0.4234704077243805,123.046875,15.927158812039726,15.487473086120678,17.411964866544167,17.982030130107226,18.512099029058625,19.27919530939647,43.84479365541479,disco
-108.5648422241211,69.97128295898438,14.885137557983398,45.51344299316406,-5.374344348907471,41.79509353637695,-13.517867088317871,32.56660079956055,-20.381011962890625,23.436946868896484,-12.12874698638916,18.00275421142578,-9.027056694030762,3078.4715203424153,6405.67828043431,0.15421266253383603,0.17254400253295898,0.3642808794975281,0.4351573586463928,0.4430132210254669,0.5565715432167053,0.4097583293914795,0.4039452075958252,0.452128142118454,0.5164560079574585,0.6600024104118347,0.545708417892456,0.47069332003593445,0.3562941551208496,135.99917763157896,18.075061589135725,14.176544099137642,16.80195591957751,16.54949726379142,17.399778062453805,17.181766588626534,46.33009825877152,disco
-226.3096466064453,78.28395080566406,7.823919773101807,53.823570251464844,-1.1362898349761963,11.305400848388672,-7.822294235229492,24.35828399658203,-14.93752384185791,18.47645378112793,-19.13241958618164,6.13400936126709,-10.059035301208496,2565.721387688884,5520.260613036543,0.11460297032095901,0.05214793235063553,0.4075382649898529,0.2957662343978882,0.3477011024951935,0.43626949191093445,0.5245264172554016,0.37675371766090393,0.2649862468242645,0.39539092779159546,0.4742322266101837,0.5276588201522827,0.3982826769351959,0.3667010962963104,112.34714673913044,20.73802248176596,16.476612393996128,17.878099795115883,18.893066307317763,18.201841493955595,20.508952875078105,37.99259219300259,disco
-103.1010971069336,107.49596405029297,-33.5389518737793,52.786155700683594,-9.130404472351074,30.337116241455078,-9.325206756591797,23.037296295166016,-11.889162063598633,18.16913414001465,-7.546332836151123,9.400738716125488,-5.425160884857178,2108.2221109107218,4398.119267510151,0.11039008120649652,0.12146718055009842,0.6206455230712891,0.4465196132659912,0.4564479887485504,0.3886053264141083,0.4258335530757904,0.4384864866733551,0.4101797640323639,0.5691258907318115,0.4084569811820984,0.4597508907318115,0.4803858697414398,0.45353245735168457,129.19921875,17.387473250921772,14.872882281353277,16.943359489990286,17.51828717020948,17.892316564031443,20.11866114536836,40.75600006043493,disco
-182.81173706054688,124.19493103027344,-10.05361270904541,41.57794189453125,-7.377842903137207,26.939071655273438,-12.354729652404785,19.813566207885742,-16.044252395629883,16.194204330444336,-10.25069522857666,3.1294546127319336,-8.979432106018066,1755.0626026809584,3815.532045297999,0.07692752138921113,0.07617770880460739,0.3233932554721832,0.2785438895225525,0.30791807174682617,0.28787827491760254,0.3630804419517517,0.3534962832927704,0.5174717307090759,0.48838746547698975,0.31436270475387573,0.34689778089523315,0.3132684528827667,0.406232625246048,89.10290948275862,17.071108679408947,15.077234824699843,18.774103936751775,18.880577793379768,19.309326476248103,18.253301594095348,37.59666022624958,disco
-143.2467041015625,122.6179428100586,-23.91728973388672,28.13870620727539,-23.69029998779297,23.092947006225586,-17.90481185913086,18.745880126953125,-18.637712478637695,18.351133346557617,-13.917981147766113,9.72555160522461,-12.233235359191895,1937.5108828466305,4163.010995957801,0.0924305454853055,0.07616043090820312,0.41437697410583496,0.27856993675231934,0.3367580473423004,0.581756055355072,0.34625595808029175,0.35043227672576904,0.2585487961769104,0.39220020174980164,0.5199593901634216,0.324619859457016,0.34565940499305725,0.29218533635139465,117.45383522727273,18.966488423212553,15.476469656866515,18.596563167975745,18.215677216490654,17.640538213902513,16.84011987158019,38.70221475098228,disco
-109.57256317138672,104.13824462890625,-16.223966598510742,45.34979248046875,-10.189362525939941,25.54694366455078,-17.156564712524414,22.264034271240234,-16.843860626220703,16.52762222290039,-12.082589149475098,8.661933898925781,-8.848724365234375,2218.099825491157,4744.0410994598315,0.11094558137567673,0.12218138575553894,0.39347732067108154,0.3738136291503906,0.4385795593261719,0.37775319814682007,0.4665940999984741,0.46186691522598267,0.373660147190094,0.38655778765678406,0.45720231533050537,0.5255322456359863,0.37992188334465027,0.3728805184364319,129.19921875,23.800281316085947,14.068644379110461,17.47269881448522,16.755838917289786,17.891148149801136,18.196388419118023,41.12633427673161,disco
-109.09089660644531,106.83238220214844,-18.27195167541504,23.419095993041992,-17.746166229248047,19.014434814453125,-13.604413986206055,18.686166763305664,-18.363712310791016,18.39069175720215,-9.709160804748535,11.856559753417969,-5.552552223205566,2280.0273192565046,4829.1746913971865,0.11017558488012374,0.11690514534711838,0.37901654839515686,0.44851040840148926,0.49613288044929504,0.3171377182006836,0.3252245783805847,0.31348559260368347,0.43898826837539673,0.3678308129310608,0.34926629066467285,0.45100855827331543,0.44057053327560425,0.5183361172676086,123.046875,22.437512115819704,14.399037056904499,17.649589028964737,17.376385962492733,16.488307540262365,17.00044494236653,40.357807698675465,disco
-121.18379974365234,116.97425842285156,-22.781049728393555,45.153743743896484,-4.218045234680176,30.248779296875,-12.239500999450684,21.706035614013672,-16.536746978759766,16.226421356201172,-10.65036678314209,7.32931661605835,-9.341279983520508,1974.5076873650016,4249.843262851653,0.09297320608565351,0.11445441842079163,0.5877526998519897,0.39922666549682617,0.3900599181652069,0.34512293338775635,0.4034751057624817,0.4379577040672302,0.4075981080532074,0.5446559190750122,0.3822566568851471,0.43029317259788513,0.45765557885169983,0.4327964186668396,129.19921875,22.1844566836534,14.863701502571782,17.276043018312848,17.551362446384406,18.2700030764901,19.490755246657855,39.793480243019886,disco
-91.98377227783203,87.64009857177734,-2.066795587539673,34.27814483642578,-18.124570846557617,19.345659255981445,-14.665754318237305,17.112077713012695,-15.336203575134277,17.028182983398438,-13.534050941467285,11.835088729858398,-9.814680099487305,2549.269756774819,5583.144893779002,0.11583368075696056,0.184339702129364,0.4329018294811249,0.32164910435676575,0.36638525128364563,0.3444401025772095,0.3215557634830475,0.3351743817329407,0.3329903483390808,0.35291412472724915,0.26963546872138977,0.24492773413658142,0.23906168341636658,0.3180064857006073,123.046875,16.84331507914247,15.728974619819084,19.02366563456431,19.995101103420538,19.370803943980427,18.63316856236189,43.55392594738717,disco
-107.98770141601562,81.93318939208984,-30.605754852294922,41.32852554321289,-8.4967041015625,31.341997146606445,-8.859783172607422,26.031679153442383,-8.266654014587402,17.88808822631836,-4.646325588226318,7.425039768218994,-4.3540496826171875,2387.679352105526,4919.995513703596,0.12762833526682135,0.1510787159204483,0.47573378682136536,0.381687194108963,0.3847975432872772,0.4101559519767761,0.4045425355434418,0.5010846853256226,0.4038434326648712,0.5069088935852051,0.335386723279953,0.4119998514652252,0.46618953347206116,0.4414930045604706,107.666015625,17.0329485730944,15.884512453308622,17.97560839391165,18.00874185386769,18.298845723742716,17.66785040352142,42.11155050224834,disco
-51.74236297607422,70.33154296875,-3.8982093334198,49.74502182006836,1.5872373580932617,35.71136474609375,-4.094437122344971,24.790552139282227,-9.714731216430664,22.046329498291016,-6.115389347076416,17.181833267211914,-2.779345989227295,2583.5803998593105,5856.390083472303,0.0997170007975638,0.29373231530189514,0.6459962725639343,0.542022705078125,0.5185099244117737,0.5625624060630798,0.545028567314148,0.6050525307655334,0.5020061135292053,0.5088250637054443,0.5234871506690979,0.5250014662742615,0.5329397916793823,0.5655916929244995,129.19921875,22.035953828798664,13.18799557249312,16.721268362968313,16.04314391316561,16.183704522376605,15.825925687872035,39.72139438060143,disco
-189.1540069580078,93.94435119628906,7.8499226570129395,41.894195556640625,-7.111259937286377,31.876928329467773,-12.591970443725586,24.20943260192871,-6.070887088775635,24.529634475708008,-6.031069278717041,16.755128860473633,-2.0233445167541504,2144.867078927163,4947.807152697216,0.0648764531370843,0.09218350052833557,0.6106061935424805,0.44274458289146423,0.36713534593582153,0.29383623600006104,0.3623236119747162,0.3751436173915863,0.381573349237442,0.451835572719574,0.2895545959472656,0.25123167037963867,0.3127352297306061,0.5213061571121216,123.046875,19.505773006378814,15.854626726928442,18.161361552118922,18.45513106546732,21.1825005027136,18.88050653689935,39.81131317748586,disco
-106.29430389404297,105.61094665527344,-5.504286766052246,50.05148696899414,1.250188946723938,36.981842041015625,-9.615050315856934,23.992408752441406,-8.664799690246582,14.95967960357666,-2.535745620727539,9.75111198425293,-0.9251957535743713,1887.0062144326305,4363.138220979554,0.07361868897428461,0.1852918267250061,0.41913244128227234,0.4241340160369873,0.4446515440940857,0.3704513907432556,0.4282047748565674,0.5006526112556458,0.6824102401733398,0.5090173482894897,0.4079855978488922,0.4790436625480652,0.435208797454834,0.5498682260513306,129.19921875,15.764844066072879,15.726859006964167,18.938929290688478,17.36443646455197,18.270367012514857,17.317189906110915,40.30558033139074,disco
-57.61141586303711,96.70357513427734,-24.457252502441406,39.99736022949219,-17.280683517456055,27.833837509155273,-13.284010887145996,23.19786834716797,-16.520660400390625,19.428203582763672,-15.479723930358887,11.827777862548828,-10.570341110229492,2492.5900128312974,5114.010839617169,0.13856991371809746,0.16955868899822235,0.4251895844936371,0.44804567098617554,0.4585500955581665,0.4478624165058136,0.5862995386123657,0.43585994839668274,0.40639275312423706,0.4388613700866699,0.43884146213531494,0.5189315676689148,0.39414751529693604,0.4101235866546631,135.99917763157896,20.776337736461965,13.96341970946176,16.790277519757353,17.610631778472467,18.737399997165735,18.857265220002034,43.39868011507239,disco
-103.80819702148438,92.4626235961914,-27.213504791259766,39.22121047973633,-23.041711807250977,20.6254825592041,-17.769180297851562,18.951480865478516,-15.207714080810547,16.388751983642578,-14.656908988952637,12.241645812988281,-14.979622840881348,2541.894374434493,5183.456668720998,0.14323520881670534,0.09131898730993271,0.30299797654151917,0.41753172874450684,0.3544204533100128,0.3095780313014984,0.5722630620002747,0.33016276359558105,0.3364880383014679,0.24086304008960724,0.34553247690200806,0.5174039602279663,0.3120073080062866,0.33988818526268005,99.38401442307692,19.806080937257736,15.244075655494898,18.663739812586012,18.38003801598229,18.281807470415515,17.293343804369734,41.01226992013086,disco
-93.35663604736328,77.85465240478516,-8.789851188659668,42.06367111206055,-11.246891021728516,24.241188049316406,-17.913877487182617,22.249004364013672,-16.031782150268555,16.692520141601562,-15.664026260375977,15.410893440246582,-18.117002487182617,2956.079112286355,6131.50048488254,0.1626135168938515,0.10675535351037979,0.38451632857322693,0.6064060926437378,0.36654046177864075,0.3520090579986572,0.3902244567871094,0.4415103495121002,0.5619341135025024,0.3915216624736786,0.43625861406326294,0.3084994852542877,0.36975720524787903,0.3847164511680603,107.666015625,23.023086136157925,15.882145572007918,18.331339709214486,18.68640509732722,18.158606582529224,16.602525772834586,42.76583279234024,disco
-118.40576934814453,114.23575592041016,-6.764106273651123,37.3933219909668,-17.423431396484375,28.370479583740234,-23.717119216918945,9.281444549560547,-10.434623718261719,12.624009132385254,-5.141177177429199,12.252357482910156,-3.865487813949585,1931.0406859349848,4516.06060125435,0.0836037195475638,0.11154942214488983,0.5612373948097229,0.29555433988571167,0.3674168288707733,0.5488540530204773,0.40156030654907227,0.49005064368247986,0.348715603351593,0.39531058073043823,0.2768913805484772,0.28059348464012146,0.33511999249458313,0.3711155951023102,107.666015625,20.17432293505469,13.123626461813764,17.16267707514005,17.123469210687666,18.962533575281803,16.61204650337906,39.056324731868486,disco
-81.7620849609375,97.61368560791016,-27.614212036132812,36.656280517578125,-17.25920295715332,30.749074935913086,-15.952651023864746,20.96842384338379,-16.221738815307617,17.413185119628906,-13.36976146697998,15.092774391174316,-10.377819061279297,2449.2386358180383,5184.522503987819,0.13458360523008508,0.11097852885723114,0.6378008723258972,0.3567352294921875,0.3810485601425171,0.5422369241714478,0.38191699981689453,0.4235793650150299,0.4337210953235626,0.6155486702919006,0.39329856634140015,0.3442482054233551,0.5118429660797119,0.44435638189315796,107.666015625,17.509579558033252,13.64373605764544,17.46112409260979,17.035458557158663,17.743641560128136,16.92990237510513,41.721938775826,disco
-105.53448486328125,79.25039672851562,-15.200756072998047,40.80681610107422,-12.249134063720703,23.53496551513672,-19.93960189819336,27.305809020996094,-16.492477416992188,21.520198822021484,-11.671629905700684,13.985746383666992,-10.764670372009277,2809.0680167308506,6001.635119090777,0.155900310566512,0.09810152649879456,0.49286743998527527,0.3538467288017273,0.38229110836982727,0.5729227662086487,0.5571472644805908,0.6482789516448975,0.3813987374305725,0.3260185420513153,0.34239307045936584,0.35879987478256226,0.4112021028995514,0.39968934655189514,112.34714673913044,20.82000903655678,14.036441850435478,17.707566320599724,17.90393026763504,17.75024707281774,17.021824867979902,42.94935498567655,disco
-128.43966674804688,67.2624282836914,-36.92177963256836,40.89099884033203,-21.74936866760254,23.135217666625977,-13.251678466796875,13.08155345916748,-14.004082679748535,17.78702735900879,-15.169231414794922,16.377792358398438,-10.453286170959473,2902.9084645115768,5470.108067629785,0.18406730350928074,0.0844922885298729,0.3388378322124481,0.48784610629081726,0.6150218844413757,0.40254488587379456,0.4725677967071533,0.36652594804763794,0.4110642671585083,0.349484384059906,0.39911705255508423,0.5688204169273376,0.4023236036300659,0.3973643481731415,135.99917763157896,17.503380576352992,16.291325302210677,18.57631498771759,18.527483400380476,18.659183652523502,19.368539881213884,41.30899658619183,disco
-95.26957702636719,82.22649383544922,-26.23598861694336,37.5103759765625,-16.362791061401367,25.288150787353516,-21.807662963867188,21.80565643310547,-20.065622329711914,16.303897857666016,-16.122407913208008,14.43095588684082,-11.909069061279297,2847.3774256059246,5925.935834632395,0.17634505812548337,0.09550542384386063,0.38438427448272705,0.3990078270435333,0.649864137172699,0.35055479407310486,0.40919601917266846,0.5110660791397095,0.44865334033966064,0.621006429195404,0.3440902829170227,0.36890295147895813,0.4468660056591034,0.4224278926849365,112.34714673913044,19.018989593573533,14.003511907184176,17.426180056341725,17.551614227822487,17.47812474347796,16.896336138982605,43.330742167680455,disco
-40.81153869628906,86.80333709716797,-26.94032859802246,34.944278717041016,-20.044639587402344,21.665029525756836,-23.94926643371582,19.274099349975586,-17.52947998046875,18.051179885864258,-16.018600463867188,12.443822860717773,-13.879081726074219,2648.809544128405,5546.0321767147625,0.15107338795436967,0.17759282886981964,0.4734398424625397,0.3014709949493408,0.3401806354522705,0.5441057085990906,0.5159397721290588,0.6323168873786926,0.32094961404800415,0.28051549196243286,0.3222057521343231,0.3492589592933655,0.3967275619506836,0.3565726578235626,112.34714673913044,20.36382091127472,14.090777515172459,17.64742922827363,17.70081869259682,17.71127814368675,17.02897385021446,44.403997865733935,disco
-91.73849487304688,86.31415557861328,-17.35449981689453,43.086978912353516,-18.393627166748047,34.048004150390625,-18.38849449157715,26.830928802490234,-13.561454772949219,20.20347023010254,-14.606948852539062,12.665814399719238,-12.59261703491211,2690.503166212552,5775.486525250145,0.12989565206883216,0.11088396608829498,0.4797135889530182,0.4323304295539856,0.42614316940307617,0.3654804527759552,0.36119645833969116,0.38946232199668884,0.4271610677242279,0.5895693898200989,0.5173082947731018,0.4133259356021881,0.36066529154777527,0.3880676031112671,135.99917763157896,23.534057561571778,13.946574648184841,17.25763870750282,17.01148347685845,17.297319328013227,16.373195092191217,42.82482393768196,disco
-95.91632843017578,103.34938049316406,-36.492469787597656,27.097200393676758,-22.86488151550293,9.975509643554688,-24.651752471923828,15.649426460266113,-20.147499084472656,18.732791900634766,-18.555282592773438,9.852910995483398,-15.085710525512695,2251.7610160342965,4557.353391005656,0.12186072542053364,0.12421887367963791,0.3116035759449005,0.22100506722927094,0.39563921093940735,0.43908125162124634,0.44309327006340027,0.5079967379570007,0.29884418845176697,0.3620498776435852,0.3087894320487976,0.335330605506897,0.3305440843105316,0.28420740365982056,129.19921875,17.986840138190903,16.990401082123803,19.345831885924436,19.700803910481188,18.973799037983966,19.096116699104563,41.47652550360967,disco
-56.88446044921875,97.00123596191406,-17.859025955200195,44.9279899597168,-6.923825263977051,23.798044204711914,-23.310049057006836,25.989112854003906,-10.475471496582031,10.44265079498291,-15.224968910217285,10.025230407714844,-9.165606498718262,2309.274600517877,4945.325754966648,0.11758099502126837,0.20657509565353394,0.5510132312774658,0.37888142466545105,0.40718477964401245,0.34293875098228455,0.42911577224731445,0.37741219997406006,0.342669814825058,0.4980218708515167,0.41100648045539856,0.5215591192245483,0.32903873920440674,0.4000227153301239,117.45383522727273,22.979790587655575,13.943797077523039,17.811517970910607,19.17030627897236,20.76087900585194,17.43079257183132,42.746048975271655,disco
-182.107666015625,103.4304428100586,-18.18817901611328,31.197874069213867,-12.529232025146484,18.83884048461914,-12.868974685668945,19.37246322631836,-17.702714920043945,18.492029190063477,-14.325810432434082,11.538477897644043,-11.629478454589844,2218.89166415782,4882.1333812173725,0.09612456496519721,0.06821811944246292,0.4403880536556244,0.28732091188430786,0.24693922698497772,0.2836807668209076,0.42977264523506165,0.602705717086792,0.37381574511528015,0.3066290616989136,0.2530776262283325,0.24080790579319,0.23572920262813568,0.28234612941741943,129.19921875,19.17462345138061,17.017902841722748,20.270373007314216,18.626339846045674,18.06971034912674,17.4343038263451,38.54133201569121,disco
-154.6510467529297,97.9324722290039,-10.347631454467773,39.127403259277344,-11.209807395935059,24.1033935546875,-11.851628303527832,24.19209861755371,-13.451448440551758,20.557750701904297,-8.308699607849121,5.884982585906982,-9.684563636779785,2292.343238495662,5038.586340813515,0.09976307219160867,0.08474545925855637,0.38840171694755554,0.42420539259910583,0.40624353289604187,0.44752779603004456,0.48504751920700073,0.6476290822029114,0.5115928053855896,0.43339303135871887,0.5574079155921936,0.3918016850948334,0.39021214842796326,0.3524811565876007,123.046875,24.3319954388452,13.627797739015529,16.46321083777407,16.98192755253726,17.22833169246211,17.787734247578864,40.55302258077481,disco
-219.40530395507812,94.6740493774414,12.12384033203125,48.861881256103516,-7.206564426422119,16.640010833740234,-15.078675270080566,21.715749740600586,-19.99355697631836,13.237187385559082,-15.695850372314453,5.0565505027771,-15.275193214416504,2144.4212945283607,4958.257334414879,0.08474190956109823,0.059196580201387405,0.35406726598739624,0.4548778831958771,0.2854880392551422,0.3053700923919678,0.33953097462654114,0.5425769686698914,0.4853435456752777,0.357393741607666,0.46141016483306885,0.3516683876514435,0.4260867238044739,0.3009125888347626,99.38401442307692,21.957514037814185,16.211273468422352,19.0398395929678,18.317365813054444,18.524644059466414,19.64487395537116,38.96445389877226,disco
-193.15211486816406,89.18025207519531,-19.990848541259766,38.73858642578125,-2.7211246490478516,17.0499267578125,-7.942614555358887,16.082536697387695,-16.751808166503906,7.7175188064575195,-15.705435752868652,9.018949508666992,-11.315524101257324,2292.7794270588483,4741.368184454756,0.11640202049497293,0.07869996875524521,0.41588667035102844,0.3455454111099243,0.34028390049934387,0.37609514594078064,0.5528622269630432,0.4315999746322632,0.2458600401878357,0.3315080404281616,0.31537237763404846,0.34613168239593506,0.27990198135375977,0.3208703100681305,129.19921875,22.124519388653596,15.888563675498688,19.46793995666381,19.450281540237903,20.147810874744046,20.85574431449528,38.36231406737148,disco
-63.61102294921875,94.46295928955078,-13.432527542114258,32.754234313964844,-13.73465633392334,26.770050048828125,-19.40343475341797,24.6492862701416,-11.66947078704834,13.7286376953125,-9.449254989624023,8.831938743591309,-4.984809875488281,2577.207725556345,5419.988829575116,0.1381975662219644,0.18085704743862152,0.6227138638496399,0.3912728428840637,0.3539314866065979,0.43080636858940125,0.3498263955116272,0.41967886686325073,0.36344510316848755,0.4848189055919647,0.4531553089618683,0.34321919083595276,0.4077121913433075,0.4520285725593567,123.046875,17.317880384683118,15.39568495103042,18.598779208998813,18.531215660227367,18.688755518480388,17.7474419994947,39.93714595817266,disco
-167.48876953125,112.50460052490234,-4.578629970550537,37.091392517089844,-8.612248420715332,27.81465721130371,-14.704627990722656,18.514869689941406,-16.47320556640625,13.75543212890625,-13.3242826461792,10.204630851745605,-11.572749137878418,1959.0741388861084,4352.013565382105,0.08998536289153132,0.08756794780492783,0.32283541560173035,0.3959420621395111,0.4376276433467865,0.45685040950775146,0.5520723462104797,0.46517089009284973,0.39668169617652893,0.41737642884254456,0.48892784118652344,0.3832886517047882,0.30837327241897583,0.34505149722099304,117.45383522727273,18.18436921185906,15.118430040381964,17.372801015679457,17.95528580802025,17.98521069840357,17.00503424426921,38.73266465437979,disco
-197.21649169921875,83.34770202636719,-38.58099365234375,43.67588424682617,-7.302443504333496,25.63462257385254,-8.659459114074707,13.366768836975098,-12.161141395568848,12.14454460144043,-12.045271873474121,10.619483947753906,-2.3993301391601562,2455.249157769272,4726.57972012761,0.15141816814095127,0.0619918592274189,0.47936129570007324,0.5560317635536194,0.4944168031215668,0.42718505859375,0.4394970238208771,0.398348331451416,0.4718463122844696,0.4277594983577728,0.5221761465072632,0.561690628528595,0.6588279008865356,0.6061527132987976,112.34714673913044,17.296966197493976,12.720324537375726,17.103568304827316,15.557984257484717,16.630375027053816,19.141892730985546,37.86595800120764,disco
-166.8841552734375,67.67794799804688,11.208783149719238,37.44181823730469,-10.936878204345703,27.395809173583984,-18.94221305847168,27.296138763427734,-15.849089622497559,20.541366577148438,-8.619038581848145,14.184041976928711,-6.046257019042969,3004.2823843648275,6576.211923125725,0.1586842311968291,0.08919603377580643,0.6477569937705994,0.5290030837059021,0.5141125321388245,0.5567101240158081,0.6331910490989685,0.5829208493232727,0.5214373469352722,0.5594161748886108,0.5432289838790894,0.5296593308448792,0.5351446270942688,0.6645643711090088,123.046875,19.265216071740937,12.264098554181722,15.012923398501698,15.937140870631849,15.757314090891496,15.367574860019007,42.13719308148607,disco
-95.78373718261719,122.07247924804688,-29.341266632080078,50.33086395263672,-11.952024459838867,28.393482208251953,-7.055488109588623,11.860459327697754,-8.614768028259277,11.576042175292969,-18.401044845581055,6.876073837280273,-11.656872749328613,1867.9449473321624,3804.782097411543,0.09446561714520495,0.16524070501327515,0.467953085899353,0.3480287492275238,0.3947673439979553,0.42993849515914917,0.40039896965026855,0.33325454592704773,0.33908480405807495,0.4809693992137909,0.3968094289302826,0.3928817808628082,0.36636796593666077,0.3915773332118988,123.046875,23.314284614981705,16.101675673380786,19.508211457660753,19.673271991397403,19.309951731814095,19.342898912509938,39.19602115791872,disco
-100.28072357177734,109.98675537109375,-26.644407272338867,36.837772369384766,-10.409534454345703,28.786537170410156,-14.846010208129883,21.28755760192871,-19.685312271118164,18.507953643798828,-16.396865844726562,9.154231071472168,-13.790872573852539,2139.9275394701567,4527.826423379495,0.1002388915071539,0.1192207932472229,0.45013228058815,0.3684294819831848,0.358547568321228,0.3902338147163391,0.38077718019485474,0.48148930072784424,0.4209427237510681,0.40607911348342896,0.38665053248405457,0.33902066946029663,0.32014161348342896,0.3135296404361725,107.666015625,25.899678441558482,15.074627652376764,18.599578995680346,17.734945947273456,17.95883554375626,17.37448397870374,41.32254179414051,disco
-97.90475463867188,101.02156066894531,-40.56285095214844,51.033695220947266,-11.708700180053711,25.06258773803711,-14.040237426757812,17.196807861328125,-9.614368438720703,16.974563598632812,-7.166896820068359,11.722058296203613,-5.717738628387451,2238.5348872355758,4384.238428527407,0.13140618957849962,0.1190052330493927,0.4983634352684021,0.34214186668395996,0.4761146306991577,0.3106282949447632,0.36029040813446045,0.4031832218170166,0.3536350131034851,0.5766758918762207,0.3634948134422302,0.40897756814956665,0.30134186148643494,0.38084468245506287,123.046875,22.04740614684229,14.764238944562008,19.035924381717134,19.57366714561802,19.401573773569535,18.967962004920444,40.536970952022,disco
-114.9353256225586,113.47696685791016,-29.81976890563965,42.611167907714844,-10.305928230285645,26.97817039489746,-14.481595993041992,21.235637664794922,-17.64386749267578,17.091943740844727,-13.474371910095215,8.586037635803223,-11.412158966064453,2128.9326621445252,4423.058147386166,0.11182509184068058,0.1002926304936409,0.5649431347846985,0.3776799738407135,0.3964923620223999,0.34256795048713684,0.4124644100666046,0.4493533670902252,0.41090279817581177,0.5714749693870544,0.3788788318634033,0.4220196306705475,0.4373842477798462,0.39284205436706543,129.19921875,22.09965200300505,14.891634480863965,17.001795929032273,17.603410836109234,18.13911230212733,19.851148632639283,39.947093904864936,disco
-125.69112396240234,88.54061889648438,-16.764917373657227,42.784759521484375,-9.905492782592773,29.1658878326416,-19.35784339904785,20.462629318237305,-16.48971939086914,15.013230323791504,-8.762800216674805,12.773268699645996,-7.757984638214111,2574.459664277503,5458.62535799739,0.14611353804137664,0.09060119092464447,0.44562193751335144,0.4441411793231964,0.6390340924263,0.40141308307647705,0.47790396213531494,0.6105749607086182,0.5512664318084717,0.5485902428627014,0.39522770047187805,0.44542551040649414,0.4375321865081787,0.427413672208786,129.19921875,20.222564818818153,13.26852813925567,16.297340410548458,17.316631863376244,18.023496176286404,16.7033187202503,41.05320770227687,disco
-116.88239288330078,98.4711685180664,-18.994415283203125,44.84028625488281,3.8026058673858643,28.490915298461914,-1.1055837869644165,14.694502830505371,-7.755101680755615,9.754842758178711,-10.107707023620605,6.374910831451416,-3.9110443592071533,2038.0233320076643,4205.2946794337295,0.09160579200502707,0.17357677221298218,0.5550999641418457,0.527893602848053,0.5074421167373657,0.47931620478630066,0.3238753378391266,0.3232403099536896,0.3277894854545593,0.47352272272109985,0.3353119492530823,0.2347642034292221,0.4512479305267334,0.4595669209957123,99.38401442307692,20.862919028977757,15.390752101160677,19.056755661767436,19.23275822121093,19.786997607659053,20.14615419185783,37.956255665044615,disco
-123.83838653564453,89.85542297363281,-1.846598744392395,51.16645050048828,-16.249853134155273,28.270509719848633,-12.485133171081543,19.029924392700195,-13.273393630981445,18.48080062866211,-13.773316383361816,12.864999771118164,-8.755853652954102,2457.2908366769266,5267.457810687355,0.11746997051430781,0.10665763914585114,0.30501505732536316,0.39782437682151794,0.3050592243671417,0.3975151777267456,0.5853946208953857,0.4031890034675598,0.3100912272930145,0.3280334174633026,0.5292633175849915,0.24157235026359558,0.22420281171798706,0.4226236939430237,117.45383522727273,17.281888896458362,15.844255408778023,18.72354242960763,19.553952574844146,18.70635065462295,17.68480543006273,41.391021462296834,disco
-86.06047821044922,87.53961944580078,-20.164945602416992,53.99480438232422,-1.0499107837677002,19.55442237854004,-4.069276332855225,21.033279418945312,-19.546560287475586,12.37977123260498,-22.00703239440918,9.582277297973633,-15.91219711303711,2460.976249719336,5018.7851199971,0.13702236803944315,0.15328684449195862,0.5157285332679749,0.4109083414077759,0.4574965834617615,0.35298359394073486,0.40380915999412537,0.5225192308425903,0.33458447456359863,0.407419353723526,0.3100842833518982,0.45606034994125366,0.38664624094963074,0.3404536545276642,107.666015625,19.069749905556755,13.373463781317932,17.42732166854141,19.74808074614596,19.45599315340569,19.05666847293098,42.06618836846508,disco
-130.04454040527344,102.52375793457031,-4.447380065917969,50.05027770996094,-15.527547836303711,32.127708435058594,-18.167598724365234,24.282224655151367,-11.898268699645996,13.758482933044434,-12.887310981750488,7.27159309387207,-9.363436698913574,2207.5083642922987,5074.241861223898,0.09355627356438515,0.09929446130990982,0.7009884119033813,0.4386107623577118,0.358682781457901,0.3415369987487793,0.40244296193122864,0.38741520047187805,0.3248094916343689,0.44042542576789856,0.33546125888824463,0.34208860993385315,0.44633767008781433,0.4863893985748291,135.99917763157896,21.720583277661312,14.080193755986643,17.044215865435902,17.567866447408534,18.776079460883604,18.33837273782564,41.56094301329286,disco
-159.87213134765625,81.97704315185547,-16.809410095214844,52.47428512573242,-4.483214378356934,22.819843292236328,-8.224291801452637,23.363256454467773,-5.51419734954834,17.69527816772461,-15.364145278930664,10.800621032714844,-13.514514923095703,2487.3290420447815,5008.401552983613,0.11803151283352668,0.098395437002182,0.42181873321533203,0.39375394582748413,0.5708183646202087,0.47955945134162903,0.43457815051078796,0.48535582423210144,0.4372254014015198,0.5348371863365173,0.5001473426818848,0.5171358585357666,0.43690842390060425,0.4043949544429779,123.046875,23.22110841666572,14.61066893324195,18.94327813720234,18.960658217832894,19.836280697907984,19.29510492584583,39.53610383170684,disco
-133.8544158935547,93.4715805053711,-24.215269088745117,61.42246627807617,-22.84237289428711,30.96756935119629,-14.948222160339355,20.224098205566406,-9.285204887390137,15.777139663696289,-8.730884552001953,11.95977783203125,-5.3197808265686035,2481.7391882072347,4956.558659458382,0.13436042331303172,0.09197086840867996,0.4286753833293915,0.37488603591918945,0.43671178817749023,0.35265082120895386,0.38498300313949585,0.33046647906303406,0.41993772983551025,0.524111807346344,0.41405177116394043,0.4125896394252777,0.38799920678138733,0.532372236251831,103.359375,23.522146381442827,14.98174293283591,18.707473744939183,18.802536315159728,18.277157777804273,18.213731572787733,41.36188181948708,disco
-116.93205261230469,75.74908447265625,-4.221549034118652,37.29044723510742,-5.326528549194336,31.376789093017578,-12.156291007995605,22.918867111206055,-11.431438446044922,14.620312690734863,-13.04833698272705,13.391820907592773,-13.217572212219238,2825.987251028338,6233.179503969693,0.12045063865525908,0.10806800425052643,0.3750099837779999,0.33039987087249756,0.3608066439628601,0.27493971586227417,0.2971896529197693,0.5953247547149658,0.33002012968063354,0.2699035406112671,0.3992059528827667,0.4615519940853119,0.8023647665977478,0.4829849302768707,129.19921875,24.397481874972076,15.661903632745547,18.093117918068458,18.511230146681108,18.832904590235774,17.482548063894523,42.308996085240395,disco
-91.60157775878906,99.44184112548828,-8.968849182128906,40.15718460083008,-18.0112361907959,22.5396728515625,-21.94744873046875,15.766948699951172,-25.639265060424805,17.6573486328125,-13.664313316345215,15.622417449951172,-15.459026336669922,2418.030526971729,5386.464979698376,0.11256940919856923,0.12263539433479309,0.38633638620376587,0.45183178782463074,0.46920812129974365,0.42787966132164,0.5168328285217285,0.4854319989681244,0.6252051591873169,0.4391731023788452,0.31535419821739197,0.3296526372432709,0.34622853994369507,0.49908366799354553,123.046875,24.26900258361448,14.04501755855554,16.733034981544446,16.73939928153823,16.74706513039892,16.974805390930218,42.55908930301283,disco
-91.60157775878906,99.44184112548828,-8.968849182128906,40.15718460083008,-18.0112361907959,22.5396728515625,-21.94744873046875,15.766948699951172,-25.639265060424805,17.6573486328125,-13.664313316345215,15.622417449951172,-15.459026336669922,2418.030526971729,5386.464979698376,0.11256940919856923,0.12263539433479309,0.38633638620376587,0.45183178782463074,0.46920812129974365,0.42787966132164,0.5168328285217285,0.4854319989681244,0.6252051591873169,0.4391731023788452,0.31535419821739197,0.3296526372432709,0.34622853994369507,0.49908366799354553,123.046875,24.26900258361448,14.04501755855554,16.733034981544446,16.73939928153823,16.74706513039892,16.974805390930218,42.55908930301283,disco
-80.9342269897461,84.78052520751953,-31.53462791442871,33.90174102783203,-19.836761474609375,23.553936004638672,-22.136857986450195,20.026500701904297,-16.76481056213379,19.219478607177734,-13.098828315734863,11.502167701721191,-10.718427658081055,2668.0004395576575,5475.470551315981,0.147308750845901,0.12520438432693481,0.37549060583114624,0.3575955033302307,0.478376179933548,0.4515606462955475,0.614051342010498,0.47052016854286194,0.45571368932724,0.4683745503425598,0.46523308753967285,0.5391836762428284,0.4175224006175995,0.43590015172958374,117.45383522727273,16.861378242790174,13.214964921997625,15.793577490262477,16.217045340579716,16.125088285566854,16.176874430250166,42.203502647484775,hiphop
-81.23490905761719,49.59363555908203,-14.547479629516602,57.9649658203125,6.819768905639648,27.149471282958984,-6.858137130737305,31.30455780029297,-10.085701942443848,20.30662727355957,-2.541109561920166,12.749883651733398,3.98340106010437,2808.925771808581,5528.454221650232,0.09770647537219644,0.28538304567337036,0.49321427941322327,0.551151692867279,0.7130405306816101,0.8043497204780579,0.6252232789993286,0.4158608019351959,0.2988280653953552,0.24181680381298065,0.26997673511505127,0.33026155829429626,0.34773895144462585,0.3950268626213074,92.28515625,27.534728909076268,15.261157974347231,18.801533196922158,18.114679150985747,17.918666636019513,18.627175471592537,40.261474672668285,hiphop
-202.88803100585938,132.3721466064453,12.017282485961914,43.7468147277832,-10.215272903442383,17.121580123901367,-13.547270774841309,15.044367790222168,-16.24814796447754,9.423360824584961,-11.636702537536621,7.048088073730469,-4.321259021759033,1490.683575771141,3095.0940196309457,0.05871157192575406,0.09347894787788391,0.39225032925605774,0.40130382776260376,0.41632822155952454,0.37566840648651123,0.3437180519104004,0.37097111344337463,0.30665504932403564,0.28789687156677246,0.361844927072525,0.46989205479621887,0.6071159243583679,0.5172948241233826,99.38401442307692,22.483702494342467,14.545301655872798,18.53652584658532,17.67903822001245,16.443353776241175,17.25305592711395,36.52443451710672,hiphop
-40.30154037475586,80.84723663330078,-25.676889419555664,38.44305419921875,-11.07282543182373,24.899410247802734,-7.373213768005371,26.759275436401367,-5.306029796600342,16.782676696777344,-3.507571220397949,8.458928108215332,-5.601728439331055,2492.954722767294,5125.735027552204,0.10350127489365817,0.26632264256477356,0.5714963674545288,0.5505549311637878,0.5816279053688049,0.5056278705596924,0.3839316666126251,0.34286728501319885,0.3355490267276764,0.3340512216091156,0.3359872102737427,0.4988999366760254,0.5551939010620117,0.6111454367637634,92.28515625,18.524251137590124,14.087506957719121,17.73959748529863,17.067977300336054,16.686119376613497,16.93801003856376,36.629222354612644,hiphop
-140.16278076171875,71.62643432617188,-3.7887423038482666,38.988525390625,4.18959903717041,31.528362274169922,-3.9393038749694824,19.74245262145996,-3.749621629714966,16.006996154785156,-3.1765267848968506,11.833970069885254,-1.2471250295639038,2372.6884690482993,5060.011295044229,0.0998514386359242,0.20046541094779968,0.4028528928756714,0.3771101236343384,0.4704473614692688,0.4102829098701477,0.4713197648525238,0.45537418127059937,0.39368510246276855,0.4696402847766876,0.5286832451820374,0.5219039916992188,0.4573173522949219,0.4334936738014221,95.703125,22.691852730001106,16.391448651850876,19.14240688860747,18.604370398849273,18.693575104163568,17.006585806464756,36.47686700181256,hiphop
-11.706974983215332,81.9766616821289,-8.50862979888916,52.773780822753906,-14.692110061645508,31.962574005126953,-19.680723190307617,22.857765197753906,-14.704154014587402,14.509825706481934,-10.078540802001953,14.002206802368164,-8.072071075439453,2709.1715224983186,5794.946345707656,0.12458309164733179,0.26158612966537476,0.43487024307250977,0.46968430280685425,0.48310375213623047,0.479758620262146,0.48781901597976685,0.5239945650100708,0.5371997952461243,0.5413912534713745,0.505832314491272,0.5443018078804016,0.45666569471359253,0.4243019223213196,143.5546875,18.36191262883473,12.257585874544496,16.117299830783722,15.707120498055628,16.367167652788698,15.46512163095222,42.03907437859823,hiphop
-59.56592559814453,63.92966842651367,3.4871747493743896,45.235748291015625,-1.1528621912002563,28.24374008178711,-13.170860290527344,23.59147071838379,-6.623230934143066,16.470619201660156,-7.272899627685547,14.477062225341797,-5.800775051116943,2858.1926146109095,6048.0988752537705,0.12817024059841453,0.2705450654029846,0.42536523938179016,0.39988571405410767,0.4121592342853546,0.4836733639240265,0.5282621383666992,0.4220167100429535,0.38719481229782104,0.4296850860118866,0.4912002682685852,0.5675491690635681,0.5249422192573547,0.4993606209754944,99.38401442307692,17.973811710692168,14.20393036246575,16.741121668540323,16.19468530224071,16.583519615008054,16.16240822083804,38.753959113955986,hiphop
-58.49630355834961,103.04962158203125,-7.211678981781006,44.8616828918457,-8.600805282592773,12.351102828979492,-13.741840362548828,19.971471786499023,-13.11966323852539,17.13652229309082,-3.943918228149414,15.574058532714844,-0.4531826972961426,2047.1754195666026,4553.073396262326,0.07863669458139985,0.2638739049434662,0.3882119655609131,0.37673887610435486,0.42931458353996277,0.5307580232620239,0.6233505606651306,0.37439677119255066,0.33152660727500916,0.3520699739456177,0.41296425461769104,0.4887504577636719,0.4489981532096863,0.43483221530914307,123.046875,21.85533739507053,14.489697462267829,18.51953659284478,17.780397959859382,17.64658157228719,17.104394998104084,37.78442007952546,hiphop
-111.15650177001953,55.170074462890625,-18.427658081054688,47.19125747680664,-24.791309356689453,22.537811279296875,-21.141803741455078,12.53944206237793,-15.87039852142334,16.290925979614258,-12.566340446472168,9.624495506286621,-12.129927635192871,3070.837758466109,5754.494566596578,0.17704972387374324,0.14181587100028992,0.39989885687828064,0.3514687418937683,0.3204523026943207,0.37902313470840454,0.42399075627326965,0.4362333118915558,0.4841395914554596,0.5075427889823914,0.5721113681793213,0.5597262978553772,0.5111293792724609,0.49762335419654846,172.265625,22.040398904353864,15.381113152518175,18.160610920974133,17.226744755815425,17.309579739899448,17.130396780193763,42.142173289178004,hiphop
-94.94584655761719,94.21479797363281,-2.5425851345062256,49.543235778808594,-6.60890531539917,33.22038269042969,-7.631567001342773,20.948034286499023,-8.870920181274414,16.786113739013672,-5.258269309997559,10.7630615234375,-3.474364995956421,2200.1104645288874,4792.170223227233,0.09830917983855375,0.21565283834934235,0.6223043203353882,0.5301129221916199,0.5406934022903442,0.5957190990447998,0.6398892998695374,0.6359426379203796,0.5602840185165405,0.480814665555954,0.44367262721061707,0.46527206897735596,0.5595353841781616,0.6528237462043762,103.359375,16.346565056939852,13.131785198586028,15.70922094264306,14.998826889239997,16.096260109352556,16.30011511360629,37.81930403476479,hiphop
-67.46241760253906,94.8482666015625,-38.84962844848633,37.63341522216797,-12.246915817260742,36.89029312133789,-12.640727996826172,18.29576301574707,-8.845361709594727,17.9775390625,-7.274129390716553,9.713927268981934,-8.736391067504883,2284.341189135125,4663.012638667344,0.12542634921210363,0.17160548269748688,0.40573829412460327,0.4124619960784912,0.40387189388275146,0.4252781569957733,0.41758158802986145,0.4048185646533966,0.4271073043346405,0.47900503873825073,0.46511733531951904,0.42144906520843506,0.43842533230781555,0.426186203956604,95.703125,19.83535552262397,12.982763616749377,16.04789797660306,16.48813326873322,17.644944439502233,16.294270253032945,42.37126535452332,hiphop
-74.21385192871094,104.6032943725586,-8.389850616455078,49.65143966674805,-9.374009132385254,21.45152473449707,-16.3361873626709,18.779911041259766,-13.071928977966309,18.47047233581543,-14.949953079223633,6.884744644165039,-15.329197883605957,2095.4936844516546,4581.942543684745,0.09415142534319412,0.20370934903621674,0.37315306067466736,0.37999942898750305,0.44649583101272583,0.456158310174942,0.4251457750797272,0.4810027778148651,0.42088091373443604,0.4099278748035431,0.4843674600124359,0.5554941296577454,0.4863429069519043,0.40959280729293823,135.99917763157896,19.87394049158264,13.158430017981537,16.402681307468814,17.763836149437022,17.616079341480372,16.730840649344504,41.813334354450596,hiphop
-67.06468200683594,112.4041976928711,-23.64293670654297,44.27391052246094,-18.86443519592285,23.873180389404297,-13.402470588684082,20.14636993408203,-10.64461898803711,20.617965698242188,-7.5052666664123535,14.423791885375977,-9.388904571533203,1976.8724759558752,4277.396769866589,0.08725355580529776,0.19884692132472992,0.20171970129013062,0.30671077966690063,0.33320140838623047,0.5110325813293457,0.43391427397727966,0.37911513447761536,0.3952353596687317,0.42418786883354187,0.40345168113708496,0.3892189860343933,0.3121089041233063,0.2156939059495926,99.38401442307692,18.450756659740335,14.062019737810619,19.342018466071327,18.323025032779558,17.029230698842344,17.42005005167289,41.80625848700333,hiphop
-129.32366943359375,141.71290588378906,-42.47718811035156,34.01385498046875,-6.97585391998291,8.70218563079834,-11.367335319519043,15.941672325134277,-9.015236854553223,6.63553524017334,-8.340362548828125,7.552734375,-5.472686290740967,1798.6768468891007,3626.8209152044665,0.09662455288089714,0.1366313397884369,0.2912730276584625,0.2341572493314743,0.370642751455307,0.6091389060020447,0.5559198260307312,0.3868914842605591,0.19242216646671295,0.21521255373954773,0.2638649046421051,0.21400251984596252,0.3029191792011261,0.4475511312484741,103.359375,14.809041238523768,15.504672291830069,18.588662963016365,18.80844587185804,19.1007025362344,20.02506880398749,35.76224457967692,hiphop
-51.30057907104492,91.1178970336914,-33.764686584472656,69.93050384521484,-12.937067985534668,23.17582130432129,-13.755632400512695,23.783100128173828,-14.73151683807373,10.696287155151367,-13.472490310668945,6.080383777618408,-14.718082427978516,2436.5700963303734,4774.86705381743,0.1338294693783836,0.1851305067539215,0.4726029634475708,0.40720608830451965,0.391616553068161,0.5928951501846313,0.5055888891220093,0.34622323513031006,0.4184042513370514,0.63578200340271,0.7768681049346924,0.5868504047393799,0.3728935122489929,0.3706039488315582,135.99917763157896,22.565214825610497,14.10052476843638,16.940229104803123,16.494114546089627,16.2694692537884,18.015675378222564,41.999056168956194,hiphop
-81.90423583984375,94.72069549560547,-16.211036682128906,40.5373420715332,-12.241579055786133,28.193031311035156,-20.108301162719727,18.112102508544922,-14.630497932434082,14.17990779876709,-7.273159503936768,13.656332969665527,-8.495123863220215,2397.144331633838,5283.620203288138,0.11600965837683681,0.14012908935546875,0.5482801795005798,0.5416893362998962,0.49732568860054016,0.444097638130188,0.4706741273403168,0.42535707354545593,0.3610929548740387,0.3460858166217804,0.3479236662387848,0.33897915482521057,0.36114054918289185,0.40349841117858887,99.38401442307692,19.162935747296068,13.950485382124445,16.571073892976127,17.350947242830493,17.13024911942711,16.029535041819223,42.39671127092909,hiphop
-88.14142608642578,77.38236236572266,-19.07230567932129,51.598655700683594,-11.759400367736816,22.234468460083008,-4.72712516784668,20.125822067260742,-8.321403503417969,14.612495422363281,-3.8051764965057373,8.590629577636719,-11.454931259155273,2432.633895056764,4919.146176225348,0.11039989970030936,0.20773114264011383,0.5218085050582886,0.5469654202461243,0.55454021692276,0.5380685925483704,0.4349467158317566,0.3924271762371063,0.3945729732513428,0.45045220851898193,0.48814576864242554,0.43569302558898926,0.39869335293769836,0.4526393711566925,99.38401442307692,23.65286875070026,12.879707436594407,17.909426640970953,17.94433332603579,17.183714894070686,16.982954253400376,38.77839401663973,hiphop
-76.79857635498047,98.390625,-5.047990322113037,49.339622497558594,-10.298393249511719,33.284610748291016,-9.973699569702148,17.609251022338867,-12.237133026123047,18.65895652770996,-10.978350639343262,11.509187698364258,-10.487104415893555,2145.0454449830445,4956.067376015081,0.08037456798627224,0.19137202203273773,0.5545914173126221,0.5346603393554688,0.5223504900932312,0.4879322350025177,0.4421306848526001,0.45200908184051514,0.4786528944969177,0.46434229612350464,0.4746660590171814,0.5319623351097107,0.4291837215423584,0.40108829736709595,99.38401442307692,21.956353917868437,13.224535340568558,15.366799419713573,14.917309585091383,16.35685458754671,15.894984453662271,41.470642914574704,hiphop
-113.53240966796875,68.48836517333984,-15.747566223144531,56.377017974853516,-8.18187141418457,27.015605926513672,-12.375524520874023,20.66109848022461,-12.668299674987793,15.433943748474121,-10.997762680053711,14.044761657714844,-12.502289772033691,2677.2014312905194,5366.388973227233,0.14572457463263727,0.16548869013786316,0.47338593006134033,0.4924338161945343,0.5351675748825073,0.5817545056343079,0.6135002374649048,0.5652256011962891,0.44171950221061707,0.35934126377105713,0.332171231508255,0.3439660668373108,0.3787621557712555,0.4227831959724426,143.5546875,20.666278179878944,14.198004083607135,17.400730878919102,16.174013155404896,16.71322337394398,16.665545844672423,42.264907419422855,hiphop
-64.75483703613281,88.22647094726562,-10.355254173278809,41.7951545715332,-2.5577855110168457,22.90805435180664,-6.495010852813721,16.630516052246094,-5.802398204803467,13.089849472045898,-6.913375377655029,3.01932430267334,-9.770440101623535,2470.3099575217398,5255.716969076276,0.10013617495649652,0.2258465588092804,0.4262765049934387,0.4264920651912689,0.4601188004016876,0.4284357726573944,0.3727473318576813,0.36050906777381897,0.3670719563961029,0.4428353011608124,0.49742093682289124,0.4917900860309601,0.4838576018810272,0.4272606372833252,135.99917763157896,16.873412904117217,13.242514325451175,17.14837515120273,16.838211181577684,17.35290599617593,16.46824140999892,34.36861606637272,hiphop
-122.2618179321289,50.571388244628906,-27.801025390625,66.5802993774414,-6.6053147315979,32.0711555480957,-8.241497993469238,22.450729370117188,-6.943716049194336,21.06760597229004,-6.176520347595215,13.646000862121582,-3.0987210273742676,2678.1366851461185,5267.091429814385,0.1080872667730085,0.17585226893424988,0.3944137394428253,0.34476494789123535,0.3700406551361084,0.4211744964122772,0.44165635108947754,0.5111090540885925,0.5308725833892822,0.585992157459259,0.6578715443611145,0.6405655145645142,0.5343102216720581,0.45022448897361755,117.45383522727273,26.50334251693124,16.33328877004346,20.828342871886527,19.37899497065726,19.36311529707451,18.597339279738225,42.37242159944304,hiphop
-27.656530380249023,94.365478515625,-20.57814598083496,49.88665771484375,-14.699278831481934,23.853004455566406,-17.63330841064453,24.027565002441406,-15.877459526062012,16.434722900390625,-10.63262939453125,13.892766952514648,-10.46279525756836,2405.830496426096,4987.576131090487,0.11971916086620263,0.24181975424289703,0.36045560240745544,0.36253368854522705,0.3759310245513916,0.4395739734172821,0.42446836829185486,0.4981006383895874,0.6433141231536865,0.54294353723526,0.4752785563468933,0.3835048973560333,0.3301253914833069,0.32472121715545654,103.359375,20.015698287826226,14.266668592411602,16.89893140324604,16.884005254546615,16.807398028266697,16.278620188536575,43.8687976383996,hiphop
-100.6465072631836,110.21670532226562,1.0290110111236572,38.75421905517578,-14.497624397277832,20.640644073486328,-18.037572860717773,12.566877365112305,-14.12919807434082,15.096192359924316,-9.243369102478027,11.39792537689209,-9.508857727050781,2025.649761830973,4603.509054161833,0.07539659162316319,0.17348304390907288,0.47455376386642456,0.4732404947280884,0.40575340390205383,0.3357054889202118,0.3734017014503479,0.48442551493644714,0.41483524441719055,0.38240930438041687,0.44054415822029114,0.44274789094924927,0.5497994422912598,0.4969382882118225,99.38401442307692,20.423838578229986,14.79795616620552,18.054925768548184,16.797956317000367,16.910110520102766,16.25748929000831,40.95199336962989,hiphop
-44.72337341308594,101.19369506835938,-26.26249885559082,52.9281120300293,-11.71543025970459,26.944753646850586,-13.282814979553223,20.712087631225586,-17.486722946166992,11.862878799438477,-10.666727066040039,8.381840705871582,-15.4269380569458,2240.2899872227676,4728.4366050065255,0.10665716538573086,0.1904764026403427,0.3219893276691437,0.27654820680618286,0.3800395727157593,0.3329099714756012,0.34480470418930054,0.4864822030067444,0.4281748831272125,0.6186100840568542,0.4223425090312958,0.4051264524459839,0.2909892201423645,0.2645552158355713,95.703125,22.10584353053809,14.29633548660146,17.358948215144274,18.382568858367783,17.20375697666438,16.671248592728894,42.45747764496613,hiphop
-63.14747619628906,86.30364227294922,-37.956748962402344,39.56943893432617,-16.530736923217773,21.0980281829834,-12.261161804199219,13.075491905212402,-12.38037109375,16.627065658569336,-3.994917869567871,8.840082168579102,-6.322553634643555,2517.7936351466747,4926.498774198811,0.13885955928557617,0.1785447597503662,0.31624409556388855,0.3377127945423126,0.38971376419067383,0.39917832612991333,0.4204907715320587,0.5006442666053772,0.5498882532119751,0.5234137773513794,0.5170074105262756,0.49625319242477417,0.38923895359039307,0.33063608407974243,103.359375,15.12364973559632,14.285161127441917,16.958359565355767,16.888230746900604,17.984636624109516,17.832893568906776,37.94072628232212,hiphop
-44.338443756103516,93.38642883300781,-22.30942726135254,48.852542877197266,-13.90401554107666,34.41306686401367,-6.3259196281433105,25.873788833618164,-12.339953422546387,20.430221557617188,-5.762978553771973,11.865527153015137,-11.554360389709473,2305.154160219727,4814.935798379495,0.10742489607501933,0.25150632858276367,0.380597859621048,0.3450782299041748,0.37684422731399536,0.4489530324935913,0.5296094417572021,0.5727360844612122,0.5804292559623718,0.6236076354980469,0.6710844039916992,0.6169396638870239,0.5043885111808777,0.43780604004859924,107.666015625,20.412905897534294,13.911130201203402,17.098279264802084,16.97203136138671,17.004232227847563,16.514368915752232,43.343947921005196,hiphop
-102.8993911743164,30.651878356933594,20.850290298461914,45.66796112060547,9.681036949157715,8.775830268859863,1.5652859210968018,12.388126373291016,0.5594133138656616,5.136999607086182,-2.724470615386963,8.163297653198242,-1.330527663230896,3460.24289862119,7021.890286786841,0.17268506904625383,0.16455323994159698,0.49228039383888245,0.45271435379981995,0.48459702730178833,0.481368750333786,0.4762558341026306,0.49783334136009216,0.4848555326461792,0.5161232948303223,0.47279250621795654,0.4285973012447357,0.43715178966522217,0.48276886343955994,103.359375,18.762210557314877,16.27787813084713,17.521508200539085,16.243108429092107,17.720536362249124,17.37118204943769,18.502481805749234,hiphop
-109.31012725830078,76.75422668457031,2.7861831188201904,19.18744659423828,0.5631857514381409,8.245013236999512,-8.030610084533691,6.012481689453125,-4.275914192199707,3.656071424484253,-1.5355547666549683,2.6638362407684326,2.2838659286499023,2639.343177690068,5633.429340662317,0.10254357665639445,0.13499675691127777,0.5399262309074402,0.5414461493492126,0.5649950504302979,0.40905624628067017,0.3140365183353424,0.29950278997421265,0.32181063294410706,0.3281886577606201,0.3323547840118408,0.4075634181499481,0.49293580651283264,0.5841901302337646,92.28515625,22.09694357186283,14.080127688058166,17.89737719095389,16.650481502809622,17.855104310550875,16.953705716280172,16.94994196397564,hiphop
-83.25370025634766,67.73526763916016,1.24101984500885,29.65397834777832,12.58673095703125,5.616964340209961,6.208772659301758,8.087187767028809,-4.76695442199707,7.666656017303467,-1.1727864742279053,4.248983860015869,1.9444280862808228,2774.064292349821,5745.168508011891,0.11452140129543696,0.15451379120349884,0.6322661638259888,0.35751375555992126,0.26376113295555115,0.23196224868297577,0.24062439799308777,0.24408824741840363,0.3122391998767853,0.4242774546146393,0.4248006343841553,0.41410475969314575,0.42565616965293884,0.5230217576026917,117.45383522727273,18.518773471280216,18.148700195521545,18.797772613946172,17.601043799529076,17.612937787856644,18.317010322980696,16.65851150837869,hiphop
-72.31159210205078,57.151180267333984,5.8386006355285645,25.909645080566406,6.7069878578186035,11.402706146240234,5.063277244567871,10.026864051818848,0.9482093453407288,8.561545372009277,-1.6964635848999023,6.059216499328613,0.2139892578125,3127.2664007991543,6389.138429974198,0.11533292717889908,0.1666378378868103,0.3631030321121216,0.38074809312820435,0.36007729172706604,0.45107197761535645,0.5139423608779907,0.3764921724796295,0.39417874813079834,0.46384963393211365,0.5819970965385437,0.5024576187133789,0.4579660892486572,0.4272131621837616,123.046875,20.56701303089905,15.689599505223796,17.20062999263454,16.41710414918426,15.992151133646084,16.188693582407517,17.5382068243693,hiphop
-23.859094619750977,43.71672058105469,30.558303833007812,26.47368049621582,4.338361740112305,21.920883178710938,2.5954418182373047,7.0018792152404785,-1.4912325143814087,4.579594612121582,0.4185364246368408,2.4708802700042725,-4.0689167976379395,3725.230349312218,7642.421897658062,0.172685781008314,0.1939087212085724,0.6900167465209961,0.6027593612670898,0.49231305718421936,0.4925864338874817,0.49576935172080994,0.5284975171089172,0.5377359390258789,0.5296401381492615,0.4737054109573364,0.4964129328727722,0.5522129535675049,0.5791456699371338,89.10290948275862,20.214625253293704,11.71361331334253,13.599106201812262,13.964998385990244,14.029905334225464,14.596195779689676,16.742830302328773,hiphop
-25.108787536621094,60.825592041015625,-4.187173366546631,14.848387718200684,6.795022964477539,6.098333358764648,15.451297760009766,3.7847344875335693,5.65980863571167,10.247507095336914,0.8633307814598083,4.183889389038086,0.9262049198150635,3084.823804546642,6779.025674825852,0.13644361938854488,0.21307457983493805,0.43892431259155273,0.41009587049484253,0.45783641934394836,0.40187445282936096,0.4990420639514923,0.47774115204811096,0.3737168610095978,0.4664868712425232,0.5463938117027283,0.6818476915359497,0.5474818348884583,0.45670831203460693,99.38401442307692,20.032480433947363,15.195173389378272,18.107952213454276,16.81296299262171,16.796856811997117,17.739892574368795,16.012033791884168,hiphop
-148.121337890625,90.5676498413086,-0.2753232717514038,28.85523796081543,19.306163787841797,15.24502944946289,4.281466484069824,15.5199556350708,1.2726043462753296,11.129076957702637,8.849078178405762,6.316172122955322,1.6312520503997803,2145.890945678912,4529.893202670785,0.07872191436531008,0.1344866305589676,0.5252236127853394,0.5453060865402222,0.48688817024230957,0.4984973073005676,0.508746862411499,0.44167858362197876,0.474263995885849,0.42628997564315796,0.47757869958877563,0.42958104610443115,0.4141101837158203,0.4757997989654541,99.38401442307692,18.269666901827318,14.68519685449513,16.749123073994262,16.785637143973073,16.558084574248838,15.454104490942505,16.4817791990309,hiphop
-31.762893676757812,59.701419830322266,-2.7449755668640137,33.42062759399414,13.097368240356445,9.410451889038086,-1.723739504814148,14.17076587677002,3.0802040100097656,6.734939098358154,1.0862202644348145,3.8186073303222656,1.6549313068389893,2987.6879685185945,6169.817589393029,0.15281550480769232,0.214060440659523,0.4689725339412689,0.5027440190315247,0.5414113402366638,0.5864384770393372,0.5350971221923828,0.5836526155471802,0.48868080973625183,0.40471604466438293,0.4473034739494324,0.4440053701400757,0.5183686017990112,0.47520583868026733,99.38401442307692,19.349117447464362,14.731987885392389,17.14235625525361,16.34255100712976,17.67532328779899,17.64898983726325,18.065703065569792,hiphop
5.626782417297363,53.15753173828125,-9.091200828552246,26.983356475830078,0.5944694876670837,15.572928428649902,1.6008061170578003,7.687560081481934,4.979696273803711,8.549695014953613,3.3433353900909424,8.50684928894043,1.0881997346878052,3191.9170162946484,6355.537277747845,0.1693078753591954,0.2274475395679474,0.4484734535217285,0.47340503334999084,0.4824965298175812,0.5117852687835693,0.5015426874160767,0.48809051513671875,0.4570443332195282,0.43768391013145447,0.4602929949760437,0.43210896849632263,0.4995579421520233,0.46120670437812805,99.38401442307692,17.68201441152229,12.45677369996799,15.896677962483503,15.716836160604547,16.64449475608114,16.312256395823816,16.588336987053978,hiphop
-100.84442138671875,64.22758483886719,12.814460754394531,26.545551300048828,12.65839958190918,12.176755905151367,2.396233081817627,18.4956111907959,1.5657250881195068,12.027026176452637,-1.5520721673965454,6.710306644439697,3.873631238937378,2827.4503871683432,6197.057852909483,0.103432186901341,0.1919010728597641,0.5865859389305115,0.48768937587738037,0.39753231406211853,0.333141952753067,0.343432754278183,0.38759517669677734,0.48245054483413696,0.5347706079483032,0.6560824513435364,0.7556759715080261,0.7174618244171143,0.6717328429222107,112.34714673913044,20.213382090063888,14.978717834827515,17.115372577496892,15.645485836198553,16.298443596675206,16.44677716585131,17.702591066174143,hiphop
-218.0833282470703,40.829612731933594,-14.313482284545898,33.910255432128906,12.158745765686035,13.611059188842773,5.87700080871582,7.52401876449585,5.388509273529053,10.56341552734375,4.758798599243164,6.447478771209717,6.524983882904053,2967.147962166956,5804.4461891867895,0.12188535748106061,0.08996205031871796,0.42594507336616516,0.40836870670318604,0.507401704788208,0.6048985123634338,0.45704373717308044,0.43228474259376526,0.445308119058609,0.5271311402320862,0.6411486268043518,0.6606378555297852,0.6260073781013489,0.4768996834754944,117.45383522727273,22.546008566197386,13.4602684715319,18.18302337854851,16.66310517614112,17.233130251974185,17.941755001389765,17.203623330238713,hiphop
-95.94046020507812,30.26817512512207,2.64018177986145,12.595183372497559,-11.173503875732422,-2.2091283798217773,-3.68676495552063,-7.669313907623291,-5.387625217437744,-0.7307738065719604,-4.047160625457764,-3.0586392879486084,-4.9752516746521,3785.438539628473,7074.1874001242895,0.21422600023674243,0.15857546031475067,0.4080158472061157,0.43388742208480835,0.4557248055934906,0.37138405442237854,0.3702062666416168,0.41116786003112793,0.39160192012786865,0.4826020300388336,0.4075556993484497,0.3520209491252899,0.4174787104129791,0.40831390023231506,143.5546875,17.855057774564735,15.7190672601261,19.059507130979128,17.951796892684214,18.318511624334743,17.643691983708628,16.01797018678803,hiphop
-61.83587646484375,72.1310806274414,-16.305072784423828,27.443157196044922,5.20880651473999,1.498530626296997,3.9459919929504395,8.331700325012207,-2.130364418029785,5.8373541831970215,0.04664593189954758,-0.4366466999053955,-0.7864779233932495,2208.65791984026,4416.6801868785515,0.09738436612215909,0.26985010504722595,0.29121237993240356,0.27791574597358704,0.38519594073295593,0.30483412742614746,0.33007684350013733,0.4347127377986908,0.47384050488471985,0.48255836963653564,0.4344489276409149,0.5318372845649719,0.4805225133895874,0.3530634641647339,92.28515625,18.220142848875746,15.032834737567084,18.294901863283,18.80726855512872,17.666268728657634,18.017570964433066,15.986181814550141,hiphop
-120.94078063964844,77.27129364013672,29.06560707092285,10.437187194824219,3.5667598247528076,5.368396282196045,5.198555946350098,-0.8017178773880005,1.3497726917266846,2.302973985671997,3.0739121437072754,1.1976854801177979,-0.6719621419906616,2693.217660121341,5976.55684037642,0.11156375769412878,0.18449507653713226,0.44133028388023376,0.40625545382499695,0.4125814735889435,0.4118703305721283,0.3844171464443207,0.3753107190132141,0.3583429753780365,0.41108500957489014,0.34044235944747925,0.3920075297355652,0.4095139801502228,0.37028801441192627,95.703125,22.399079244751764,16.920225076469375,20.00725720964055,18.928270930323027,18.170814086045777,17.653057261094716,15.766530867476291,hiphop
-182.9864044189453,95.9554443359375,43.94824981689453,13.522106170654297,5.9876813888549805,-3.019343852996826,3.083681344985962,-9.80279541015625,-3.769341230392456,5.308351993560791,-1.0465810298919678,7.543806076049805,5.855525016784668,2457.2400884546137,5319.8186146129265,0.10350008877840909,0.13083651661872864,0.241153284907341,0.41018566489219666,0.3293278217315674,0.5230966210365295,0.3242483139038086,0.3356136083602905,0.4095722436904907,0.30299752950668335,0.28911450505256653,0.26952508091926575,0.3579481244087219,0.3564542233943939,161.4990234375,25.006645958628557,16.009866412205866,22.3602147285659,20.53183646530124,20.339308663932833,20.15672342104325,16.518932920259243,hiphop
-77.00405883789062,68.3194580078125,-0.6473915576934814,30.70985984802246,3.949915647506714,5.493636131286621,3.385594606399536,3.0454909801483154,5.648921966552734,4.724794864654541,4.28562068939209,3.4607200622558594,2.887472152709961,2702.6536727978196,5555.2972412109375,0.11936627012310606,0.18691296875476837,0.40461406111717224,0.4674694240093231,0.427330881357193,0.3623075485229492,0.4002011716365814,0.4046379327774048,0.44594547152519226,0.5230181217193604,0.5375032424926758,0.4408852756023407,0.3377366065979004,0.35348764061927795,92.28515625,23.009433606225006,15.452535249945642,18.103227709201192,17.330293488442642,17.407561524178455,17.62718012924763,15.893043738359136,hiphop
-74.73161315917969,48.89043426513672,3.8210833072662354,36.2955207824707,12.96852970123291,13.447174072265625,9.112768173217773,12.724713325500488,2.4919137954711914,12.091032981872559,8.995610237121582,3.908064126968384,4.785854816436768,2896.950312515822,6007.0540549538355,0.10171046401515152,0.24915486574172974,0.4276825487613678,0.4963010847568512,0.6600813865661621,0.7613101601600647,0.5923459529876709,0.4507037401199341,0.36705437302589417,0.3697497844696045,0.3411485254764557,0.30395182967185974,0.2892768979072571,0.33333033323287964,92.28515625,25.12836157057585,15.166344196541404,19.536705239665753,18.52294379371136,18.08531248363754,18.999928502183487,17.37152191337019,hiphop
-154.7853240966797,113.069580078125,-3.835759162902832,18.2905330657959,13.331170082092285,8.434420585632324,8.84006404876709,11.334389686584473,8.993480682373047,10.143326759338379,6.199292182922363,9.774344444274902,9.390890121459961,1846.32383638541,3875.1690673828125,0.061756110913825754,0.13636371493339539,0.42069873213768005,0.4287187159061432,0.317749947309494,0.4025251567363739,0.6397547125816345,0.352668434381485,0.3088776171207428,0.40895891189575195,0.5509577989578247,0.6613038778305054,0.45310136675834656,0.39057275652885437,89.10290948275862,21.55863306836872,15.874331726423828,19.978106667821255,18.102241757210752,18.54632415114067,18.31885806741495,15.921137654843369,hiphop
-268.9367370605469,79.90776824951172,-16.974985122680664,19.053911209106445,2.3454294204711914,-7.108329772949219,4.773146152496338,-7.594369888305664,-10.017847061157227,10.818717002868652,-2.768312692642212,-5.481197357177734,2.2997922897338867,2507.355264123504,4457.421985973011,0.1407455906723485,0.03917303308844566,0.3044869303703308,0.27988994121551514,0.35002604126930237,0.30710750818252563,0.36267009377479553,0.3300955891609192,0.4314923882484436,0.42306074500083923,0.36624282598495483,0.422423392534256,0.32631048560142517,0.34855717420578003,117.45383522727273,19.486305873560276,17.172458399976318,20.425105845442985,19.90333824229446,20.293248216329292,22.13363913283989,16.247072756520126,hiphop
-120.94078063964844,77.27129364013672,29.06560707092285,10.437187194824219,3.5667598247528076,5.368396282196045,5.198555946350098,-0.8017178773880005,1.3497726917266846,2.302973985671997,3.0739121437072754,1.1976854801177979,-0.6719621419906616,2693.217660121341,5976.55684037642,0.11156375769412878,0.18449507653713226,0.44133028388023376,0.40625545382499695,0.4125814735889435,0.4118703305721283,0.3844171464443207,0.3753107190132141,0.3583429753780365,0.41108500957489014,0.34044235944747925,0.3920075297355652,0.4095139801502228,0.37028801441192627,95.703125,22.399079244751764,16.920225076469375,20.00725720964055,18.928270930323027,18.170814086045777,17.653057261094716,15.766530867476291,hiphop
-75.62651062011719,91.01365661621094,9.834320068359375,25.111555099487305,11.793615341186523,10.168802261352539,0.11760900914669037,8.22496509552002,1.6325194835662842,0.4882758557796478,1.8103346824645996,5.4946136474609375,1.301027774810791,2306.891059607127,5000.432768996519,0.09147097653228925,0.22798368334770203,0.5370969772338867,0.5019100904464722,0.4823788106441498,0.5026732683181763,0.5398429036140442,0.5188388824462891,0.42625653743743896,0.4077698886394501,0.4503262937068939,0.5173438787460327,0.529918909072876,0.49436044692993164,95.703125,24.008634795948243,14.506456193072884,17.14144776384994,16.449056683214796,17.358768376745576,16.101732331857708,15.99765728047812,hiphop
-76.70573425292969,52.786949157714844,34.63605880737305,26.197574615478516,16.664793014526367,11.354164123535156,5.861285209655762,6.914185523986816,3.6776621341705322,-0.9586153030395508,3.8744404315948486,4.487363815307617,0.6391593217849731,3235.5558089909523,7337.784528621664,0.10929758495262955,0.24700374901294708,0.37857750058174133,0.37034934759140015,0.38840872049331665,0.4102742075920105,0.4805407226085663,0.5237538814544678,0.540158212184906,0.5696456432342529,0.5307607054710388,0.4436242878437042,0.3776441812515259,0.37925848364830017,95.703125,27.019687323804764,15.586779139136977,19.242373219532276,16.109766121890544,15.719252119208775,15.596851191368275,14.370596548052804,hiphop
-87.56047821044922,79.35381317138672,25.05284309387207,45.152496337890625,11.185014724731445,18.171783447265625,3.516493558883667,6.999547004699707,1.2637460231781006,2.3608531951904297,-1.775681734085083,-0.008662649430334568,-2.702415704727173,2345.299206046104,5395.29142800174,0.07751058886794276,0.23028026521205902,0.3216365873813629,0.2857178747653961,0.27977749705314636,0.3622004985809326,0.5343289375305176,0.4926714301109314,0.45293760299682617,0.4611819386482239,0.46705976128578186,0.5874799489974976,0.44270673394203186,0.3107353150844574,95.703125,24.117947393706594,15.528924354107783,15.223394269984071,14.54523574686255,15.374339891250893,15.621908174646249,16.444745262893136,hiphop
-44.58633804321289,41.587158203125,29.919214248657227,51.87192916870117,12.87827205657959,13.721710205078125,7.957173824310303,9.288721084594727,8.395910263061523,1.9085698127746582,1.1404613256454468,4.559787750244141,5.519351482391357,3085.556031555025,6683.5781725819315,0.10873717553654293,0.2887090742588043,0.5012043714523315,0.5056045651435852,0.4841465651988983,0.4403195083141327,0.405645489692688,0.3978215456008911,0.38217389583587646,0.41835373640060425,0.520025372505188,0.6289024949073792,0.5779027342796326,0.5464314818382263,135.99917763157896,28.74166392647289,15.363709909835519,17.891803187959574,17.28687556222749,17.142922002503077,15.727592006897265,15.344844275214182,hiphop
-114.05457305908203,110.12893676757812,17.897541046142578,37.944332122802734,27.987619400024414,1.4057868719100952,15.552602767944336,1.4244987964630127,7.35958194732666,-3.319525957107544,8.256998062133789,-0.1889065057039261,0.6798425912857056,1683.4272327515525,3618.5440382105567,0.04243024337780356,0.2736722528934479,0.4206629693508148,0.40904274582862854,0.39046594500541687,0.47459426522254944,0.4581601023674011,0.46071383357048035,0.4310290813446045,0.41009894013404846,0.3883097767829895,0.3916368782520294,0.4560093283653259,0.4329235553741455,99.38401442307692,26.924113796222017,16.421987323753996,18.7395362753437,17.25009357153438,16.941991225940807,17.13831233700732,15.485459770014906,hiphop
-78.70536041259766,73.10555267333984,21.826068878173828,49.19615936279297,3.1053555011749268,18.31631851196289,1.8645644187927246,8.398849487304688,1.4265050888061523,4.221520900726318,-1.3166567087173462,1.256466269493103,-3.0075817108154297,2500.467553526264,5294.528361097013,0.09950325973994587,0.24395056068897247,0.39921948313713074,0.37695732712745667,0.4193708002567291,0.4738784730434418,0.4660302698612213,0.3306176960468292,0.28834304213523865,0.3188149034976959,0.32025524973869324,0.45836713910102844,0.44640234112739563,0.4236721694469452,107.666015625,26.185803742721898,15.487675051085592,18.129129179446636,17.91917062062213,17.828185676886353,16.893265159977954,17.356392599975646,hiphop
-146.4595489501953,81.55766296386719,31.963329315185547,22.411771774291992,5.077597141265869,13.617269515991211,6.487693786621094,8.40861701965332,4.435404300689697,4.99752140045166,1.8295834064483643,2.866293430328369,4.529709815979004,2595.994967867747,5859.520974568591,0.08233033642691415,0.1099744439125061,0.5279812216758728,0.4249875545501709,0.4429968595504761,0.43831124901771545,0.35608160495758057,0.3783970773220062,0.3659473955631256,0.37464064359664917,0.4206174314022064,0.5098488926887512,0.631460964679718,0.6635512113571167,103.359375,27.778002806592482,14.423259646085965,16.662055384286223,16.825516001355048,16.72765831761853,16.177229810925223,15.394564449471027,hiphop
-144.92160034179688,66.67506408691406,44.269439697265625,22.51215934753418,6.504938125610352,8.847097396850586,11.890134811401367,5.838830947875977,3.0452945232391357,6.454954147338867,3.565835952758789,2.5241904258728027,3.82987904548645,3079.2339737601815,7003.6118651210845,0.10707709481341841,0.10891520977020264,0.5519638657569885,0.4730015993118286,0.44837677478790283,0.47044482827186584,0.4452730417251587,0.4605843126773834,0.40144842863082886,0.500209391117096,0.6072697043418884,0.5619407296180725,0.5944076776504517,0.5660330653190613,107.666015625,26.815890537456546,12.967005259919876,17.399134746231184,17.978001999329912,17.48283698900423,16.538716832456593,15.087420097574338,hiphop
-104.7934799194336,64.03617095947266,28.804500579833984,10.560029983520508,15.176523208618164,13.0673246383667,8.025532722473145,5.239075183868408,6.746546745300293,5.125546932220459,4.450881004333496,4.470121383666992,3.3572874069213867,3258.307248271105,7619.44815155525,0.1262363749516628,0.12414033710956573,0.5653086304664612,0.5088071227073669,0.41801169514656067,0.37009406089782715,0.36651167273521423,0.3763096332550049,0.4141092300415039,0.4411891996860504,0.4421985149383545,0.4431670606136322,0.49063512682914734,0.5285937190055847,112.34714673913044,27.58679341025658,15.11604745591488,17.265348868141093,16.26517457198948,16.299898438841545,15.384910802641576,14.53626897565798,hiphop
-161.52745056152344,104.06317901611328,-10.907193183898926,43.697933197021484,13.963115692138672,14.444334030151367,7.506866931915283,9.481524467468262,6.433391571044922,6.989430904388428,1.359190583229065,4.434304237365723,-2.928879737854004,1735.1780888053472,3552.329022259281,0.0724604843387471,0.1337241381406784,0.2788323760032654,0.37647828459739685,0.45152872800827026,0.5856026411056519,0.562736988067627,0.44938817620277405,0.409374862909317,0.33089354634284973,0.27969327569007874,0.28131428360939026,0.3621722459793091,0.31865784525871277,107.666015625,23.94410087749791,17.948644540179696,19.67784949683817,20.677853054422002,20.022270711226945,19.54292097103917,17.049051535460567,hiphop
-101.07152557373047,72.411376953125,-2.371432065963745,46.02547073364258,5.528785705566406,24.215314865112305,3.5469202995300293,14.532065391540527,5.650925159454346,13.522768020629883,4.967972278594971,9.913980484008789,2.9338572025299072,2355.838782301562,5177.219867042489,0.07014558560518175,0.16656048595905304,0.47873690724372864,0.3931666314601898,0.3626335561275482,0.40761619806289673,0.49291589856147766,0.5715634226799011,0.5519522428512573,0.522028386592865,0.49294957518577576,0.5210751295089722,0.5464624762535095,0.5581839680671692,99.38401442307692,26.830096800567475,14.841362886660566,16.16450663142843,17.05231790931787,16.26958281766416,16.501613690143287,17.994341524584556,hiphop
-113.62305450439453,87.05368041992188,-0.6411240696907043,52.26164245605469,19.378110885620117,19.67521095275879,15.385645866394043,13.703337669372559,6.950013160705566,9.077204704284668,7.971614837646484,4.416630268096924,-0.15431147813796997,1811.510320100113,3890.7900073412125,0.051442110160479504,0.2247038036584854,0.20116932690143585,0.20903006196022034,0.2932601869106293,0.39378973841667175,0.41802605986595154,0.35124310851097107,0.44648656249046326,0.6300107836723328,0.6578983664512634,0.6026111245155334,0.3676660358905792,0.23691637814044952,143.5546875,26.447938879789827,14.311196202930267,15.446920316178577,16.356631264308362,16.505477820678692,17.006848237325624,15.66168747794982,hiphop
-109.82441711425781,63.05491638183594,-13.828152656555176,43.019859313964844,6.17240571975708,23.183786392211914,8.033159255981445,10.669684410095215,0.9683619737625122,5.329998970031738,-1.8259577751159668,-1.4317561388015747,-1.8608026504516602,2677.746993460678,5211.751264319895,0.13613681542440062,0.13038359582424164,0.5053122043609619,0.501220703125,0.47641003131866455,0.4461175203323364,0.4772398769855499,0.43460580706596375,0.4494192600250244,0.506924033164978,0.5428017377853394,0.6286969184875488,0.5826737880706787,0.5230271816253662,172.265625,23.22483379111329,13.577649612247155,15.250514403223566,16.055872021247946,15.743879145728329,16.27964110666066,17.029239031415866,hiphop
-133.19142150878906,93.95368957519531,-2.240717649459839,50.20221710205078,12.499553680419922,15.040483474731445,11.499114990234375,10.249598503112793,7.95688533782959,10.79114818572998,1.963590145111084,5.1979475021362305,1.0622268915176392,1949.4353476261645,4219.933260676479,0.06298488254060325,0.15123578906059265,0.5267747640609741,0.4520285427570343,0.4463716745376587,0.4730876386165619,0.5490089058876038,0.6857737302780151,0.545988917350769,0.44883280992507935,0.4533681571483612,0.5034810304641724,0.4553302824497223,0.4564898610115051,92.28515625,25.289833487840244,14.5034330936943,15.942246151492814,16.51103178379034,16.487216601063444,18.11629104479129,16.03560443033026,hiphop
-153.5439453125,92.79627990722656,-15.85392951965332,57.93318557739258,8.58076286315918,18.46156883239746,13.279115676879883,11.165099143981934,7.618666172027588,12.968201637268066,5.657402515411377,7.017025470733643,2.8851959705352783,1717.3394378748264,3685.6916600203017,0.053872942647911835,0.18021424114704132,0.46869033575057983,0.42200565338134766,0.43690046668052673,0.4000503718852997,0.309253066778183,0.2729947865009308,0.3259515166282654,0.4299524128437042,0.5778409838676453,0.5836495757102966,0.5225822329521179,0.525421142578125,184.5703125,26.819293309309387,14.281909553450966,15.566248960837292,16.583668923220046,17.111398876329435,19.064229239741653,17.118427891549477,hiphop
-127.28001403808594,95.79217529296875,-12.782047271728516,37.926856994628906,20.565610885620117,23.201852798461914,8.26945686340332,9.612637519836426,8.66872501373291,5.510032653808594,6.676910400390625,4.024262428283691,1.7337764501571655,1811.681664691942,3806.439138177929,0.0673042645494973,0.15556879341602325,0.5904846787452698,0.4819725751876831,0.4028054177761078,0.36064133048057556,0.45923957228660583,0.5011082291603088,0.4807766079902649,0.4839937686920166,0.4585990011692047,0.4452977776527405,0.5017278790473938,0.5159804224967957,184.5703125,25.624835103800883,15.52774599539778,18.6045167998037,18.917952536655623,18.758387751581964,18.375011508879055,17.268487136799443,hiphop
-144.11631774902344,73.39044189453125,4.657705307006836,24.017292022705078,12.901473999023438,14.007320404052734,8.624696731567383,6.899631023406982,-1.2319986820220947,-0.8580606579780579,1.154557466506958,2.5797812938690186,-1.1144274473190308,2448.908553270967,4929.937758301914,0.1095162352571539,0.19083651900291443,0.4446410536766052,0.4086550176143646,0.4487551152706146,0.48274239897727966,0.550499677658081,0.49282515048980713,0.5064528584480286,0.4813794195652008,0.4706249535083771,0.45350614190101624,0.4535911977291107,0.46870771050453186,92.28515625,24.490328727900927,15.40453633594831,18.340369082403658,17.290953631126676,17.729717886184094,16.976104751394715,15.506174244520729,hiphop
-98.85374450683594,71.11212921142578,-10.053335189819336,31.729232788085938,5.147712230682373,1.878088116645813,-8.9037504196167,-4.26224946975708,-5.96468448638916,-4.266651153564453,-0.6641837954521179,-1.8670928478240967,-0.5158784985542297,2671.1443441180336,5320.449807859629,0.1221979529195669,0.18605242669582367,0.4063090980052948,0.40393558144569397,0.3544875681400299,0.3924176096916199,0.384688138961792,0.4248398542404175,0.5347681641578674,0.4455804228782654,0.4459093511104584,0.49209317564964294,0.5820881128311157,0.48016294836997986,95.703125,24.747260298464813,16.47426582463334,19.216330269261576,16.539940370687724,17.42022002957412,17.495440421079486,16.077351088212527,hiphop
-82.38988494873047,69.96649932861328,10.699050903320312,48.823394775390625,4.650189399719238,13.297805786132812,-1.796822190284729,5.130041599273682,-1.0847991704940796,-2.7969443798065186,-2.5503406524658203,0.22138522565364838,-3.1227164268493652,2429.7567970045075,5273.794534422129,0.07979187814191802,0.23593708872795105,0.35337620973587036,0.34757113456726074,0.33452218770980835,0.364279180765152,0.3753524422645569,0.3900069296360016,0.3744746148586273,0.40052804350852966,0.5558927655220032,0.5540448427200317,0.4606214761734009,0.3878878057003021,86.1328125,26.516488495543857,17.291301725359205,19.878473695596437,16.969310514054484,15.849643675244087,15.949115066651252,16.355753111222906,hiphop
-140.10194396972656,77.09097290039062,42.04237747192383,31.247861862182617,12.197925567626953,10.214170455932617,3.7384352684020996,8.296795845031738,-1.5552228689193726,-1.7604899406433105,3.6245474815368652,4.591823101043701,-2.5488016605377197,2447.017199907087,5314.679309110354,0.0885514851604795,0.20691244304180145,0.44593682885169983,0.48378217220306396,0.5236554741859436,0.5316551327705383,0.500084400177002,0.44188305735588074,0.398238867521286,0.31847208738327026,0.2858276963233948,0.31689268350601196,0.36209532618522644,0.4025282859802246,95.703125,24.455904481062298,16.87116776534831,18.29532021120014,16.092648818717098,16.052976532882038,15.559001620363945,15.489180915388319,hiphop
-111.97782897949219,89.099609375,13.175455093383789,36.359657287597656,-3.27657151222229,3.877863883972168,0.5601916313171387,6.327395915985107,-2.1887617111206055,2.9669954776763916,-1.6431162357330322,-0.37794458866119385,-3.478564977645874,2245.0676185562293,4816.043267836427,0.07937459215487239,0.18972842395305634,0.6218034029006958,0.5390453934669495,0.34853047132492065,0.2816973626613617,0.2498599886894226,0.21835093200206757,0.3740119934082031,0.32209551334381104,0.3781701922416687,0.4335560202598572,0.4953077435493469,0.6552941203117371,92.28515625,25.168337961056004,13.947430119047945,18.782071012273633,18.6972607251628,16.258984376845667,16.410929121099333,16.62726727407172,hiphop
-74.6658706665039,58.725624084472656,9.914969444274902,21.55799102783203,15.055373191833496,4.928786277770996,2.2788138389587402,5.463173866271973,3.1182055473327637,0.5998958349227905,2.4616172313690186,4.20163631439209,3.4685113430023193,3053.843913876579,6668.173522241154,0.12687080070572312,0.21794207394123077,0.5528404712677002,0.48355913162231445,0.5029230713844299,0.44177424907684326,0.40489956736564636,0.42892777919769287,0.45777055621147156,0.5269856452941895,0.5469912886619568,0.5432612299919128,0.5380535125732422,0.5520517826080322,95.703125,24.485588315338976,14.939246823260252,18.27741691452955,16.986312313968394,16.61097151306049,16.08224319064967,14.651713743648745,hiphop
-66.12837982177734,74.91300201416016,20.638704299926758,39.30213928222656,8.165498733520508,15.136998176574707,-0.3755348324775696,5.573513507843018,1.4621952772140503,-0.6499287486076355,-1.5591092109680176,1.443108081817627,-2.407841205596924,2544.7011695771357,5683.4499845925175,0.0956740471529389,0.2287188619375229,0.33387085795402527,0.3323517143726349,0.3466716706752777,0.4049781858921051,0.4757569134235382,0.45104390382766724,0.4438662528991699,0.44614651799201965,0.4726220667362213,0.5804906487464905,0.4505469799041748,0.3269195556640625,95.703125,24.117481142777066,15.114172404524437,16.162772924831987,15.25908090154611,16.13565448383928,15.679184413308029,16.325237385115248,hiphop
-59.28567886352539,36.26666259765625,39.83190155029297,49.9669189453125,10.147770881652832,16.89705467224121,9.780289649963379,4.44647741317749,2.426203489303589,1.7045090198516846,2.3705525398254395,3.9136555194854736,3.1900172233581543,3297.9029244411563,7079.552627882105,0.12088227474864656,0.27175092697143555,0.4270184636116028,0.41062110662460327,0.4244929552078247,0.4198065996170044,0.4156624972820282,0.43120822310447693,0.4542829096317291,0.5110460519790649,0.6025875210762024,0.6810541749000549,0.5901116728782654,0.5061601400375366,129.19921875,28.353520977985987,15.614374190339031,18.706576722773846,16.48516207561416,16.881071925394657,15.80863292649496,15.366631830001376,hiphop
-81.72638702392578,82.33733367919922,53.53656768798828,25.525997161865234,15.728673934936523,19.20550537109375,8.432267189025879,6.3902459144592285,0.20682315528392792,0.13791872560977936,1.2020646333694458,1.5321110486984253,-0.7304981350898743,2500.4618224971823,6026.957033515806,0.06922378008990719,0.2787717282772064,0.3391306400299072,0.2945646643638611,0.31906455755233765,0.3340834677219391,0.42030981183052063,0.559354305267334,0.539124608039856,0.5136610865592957,0.48109057545661926,0.4528355300426483,0.49687638878822327,0.42093104124069214,95.703125,28.38802412284257,15.905723979281284,18.29460072737666,16.02992850418486,16.137288251214336,16.48439886975106,15.290985303530752,hiphop
-78.83389282226562,51.520469665527344,42.246726989746094,30.081592559814453,20.089994430541992,6.973851203918457,8.016348838806152,6.873312950134277,-4.630008697509766,3.6502490043640137,3.6282668113708496,4.323653221130371,2.5973763465881348,3185.160631320678,7471.421952037413,0.1075113743474478,0.24696117639541626,0.4830396771430969,0.5362859964370728,0.563681423664093,0.4996083080768585,0.3823140561580658,0.3496890664100647,0.3513418138027191,0.3862106502056122,0.3462527394294739,0.3288528323173523,0.301116019487381,0.31670039892196655,95.703125,29.81396624706708,15.999534768666297,18.107608575067825,15.574674688393776,16.541209644782587,18.038894168703518,16.529302900279905,hiphop
-118.05631256103516,102.2069320678711,20.763099670410156,36.99261474609375,24.375978469848633,7.826651573181152,15.940078735351562,-1.5931469202041626,6.758073806762695,-0.7775802612304688,8.574868202209473,1.4911983013153076,-4.211417198181152,1821.46331961173,4003.2772621809745,0.051527455529775716,0.25277790427207947,0.42918604612350464,0.38955944776535034,0.3812042772769928,0.51173996925354,0.5009121298789978,0.479902058839798,0.4693807363510132,0.4510945677757263,0.4137359857559204,0.3737030029296875,0.43666335940361023,0.4189022481441498,99.38401442307692,26.509160367948237,15.761768997194256,18.172368311511235,16.844390908535335,18.2748688429212,16.707285058927308,15.085717415633699,hiphop
-78.21304321289062,70.1844253540039,45.89907455444336,42.07469940185547,15.084577560424805,10.687759399414062,-0.6957337856292725,-0.6118223071098328,0.36743760108947754,-0.3583587110042572,1.092324137687683,-0.6734942197799683,-0.8149564266204834,2566.9254687003345,5932.106021606729,0.08562104239172467,0.300260066986084,0.3359544277191162,0.30698972940444946,0.40310534834861755,0.4597988426685333,0.5423226356506348,0.47725167870521545,0.5247786045074463,0.5161813497543335,0.37038370966911316,0.3128182888031006,0.3796447515487671,0.44112473726272583,92.28515625,25.82998872269743,15.224688497214084,18.42491438042013,16.742973595669277,16.23477340084542,15.275143834689397,14.519571854815963,hiphop
-68.91117095947266,62.39533615112305,24.2762508392334,53.779544830322266,-1.9351078271865845,12.820082664489746,-4.355874538421631,12.355391502380371,-0.21981900930404663,9.055807113647461,-0.9797523617744446,3.9336559772491455,1.9129128456115723,2774.785858823798,5968.685821037558,0.11074241408062645,0.20822197198867798,0.3751368820667267,0.4214461147785187,0.5087844133377075,0.5483675003051758,0.5274145603179932,0.5137701630592346,0.4449717700481415,0.46475622057914734,0.49739593267440796,0.5545449256896973,0.43965771794319153,0.3907555341720581,99.38401442307692,26.916709465056847,14.79741339691806,16.60570252972615,15.666676855707824,15.737425903975819,15.045855289610683,18.135937323976883,hiphop
-94.55955505371094,51.67703628540039,17.531383514404297,28.922719955444336,2.053647756576538,3.7297470569610596,-1.8468494415283203,4.372743129730225,8.770599365234375,2.1283352375030518,-1.3841965198516846,4.6820244789123535,4.068846225738525,3140.9185615259057,6336.75704212587,0.14681442744586234,0.19159333407878876,0.4403139352798462,0.3819408118724823,0.4022692143917084,0.3886044919490814,0.37331560254096985,0.4056682586669922,0.45275330543518066,0.532965362071991,0.538171112537384,0.5294471979141235,0.49253082275390625,0.4755450487136841,92.28515625,24.7454903007134,16.770524102472013,18.365355526249743,16.817747560374844,17.004384148738207,16.339292043720167,15.484705480326433,hiphop
-111.27532958984375,89.93035125732422,4.450366020202637,14.537683486938477,9.92753791809082,-9.475553512573242,2.903545379638672,-0.15854309499263763,-3.079089641571045,3.2574100494384766,-1.511974811553955,1.5706157684326172,2.387639284133911,2328.52633694279,4935.3418761782195,0.09665249782482599,0.2371012568473816,0.5563221573829651,0.5460546612739563,0.49240642786026,0.35911592841148376,0.4001072943210602,0.3836669325828552,0.427141398191452,0.33934757113456726,0.3199189007282257,0.3645423352718353,0.39799317717552185,0.5122034549713135,95.703125,19.764649069072433,15.928659360381088,18.689608805329126,17.446391533521258,17.799080026677974,18.417950228983795,14.817258534765784,hiphop
-25.850149154663086,70.90157318115234,9.568534851074219,17.494287490844727,-1.6235471963882446,-0.5374488830566406,0.26392969489097595,-4.636477947235107,-0.5794758796691895,-3.0673739910125732,-2.4066860675811768,0.3842354118824005,-2.1472790241241455,2987.5950110584854,6404.82061611804,0.1376235619682908,0.23840558528900146,0.5263525247573853,0.44880881905555725,0.4354952275753021,0.5317106246948242,0.4127628803253174,0.3369610905647278,0.38563618063926697,0.5020664930343628,0.4689945578575134,0.44293251633644104,0.5102312564849854,0.5314953327178955,117.45383522727273,23.026196944124347,13.884741269748805,16.705131456618417,16.772785671812397,16.633484003287194,17.200281833248834,15.434819735197259,hiphop
-111.27532958984375,89.93035125732422,4.450366020202637,14.537683486938477,9.92753791809082,-9.475553512573242,2.903545379638672,-0.15854309499263763,-3.079089641571045,3.2574100494384766,-1.511974811553955,1.5706157684326172,2.387639284133911,2328.52633694279,4935.3418761782195,0.09665249782482599,0.2371012568473816,0.5563221573829651,0.5460546612739563,0.49240642786026,0.35911592841148376,0.4001072943210602,0.3836669325828552,0.427141398191452,0.33934757113456726,0.3199189007282257,0.3645423352718353,0.39799317717552185,0.5122034549713135,95.703125,19.764649069072433,15.928659360381088,18.689608805329126,17.446391533521258,17.799080026677974,18.417950228983795,14.817258534765784,hiphop
-79.72857666015625,62.312957763671875,-5.125499248504639,18.23216438293457,12.871768951416016,-14.090275764465332,4.909826278686523,1.679017186164856,-5.772541522979736,0.8208758234977722,-3.799454927444458,2.015117645263672,3.4152286052703857,3212.057081839573,6310.635751250725,0.17229266362142304,0.15472176671028137,0.43953487277030945,0.49402347207069397,0.4557053744792938,0.43344056606292725,0.3819025456905365,0.3654429614543915,0.35714584589004517,0.37228018045425415,0.3870588541030884,0.44847890734672546,0.5280020236968994,0.4658811092376709,103.359375,18.303562395615224,15.566549485567828,18.078436185203785,16.45464192762718,17.195112207886016,20.00228770630502,15.453865222800879,hiphop
-64.02870178222656,50.8101921081543,6.633543014526367,27.823410034179688,6.641088962554932,0.30421921610832214,2.8312952518463135,3.225766181945801,0.1621326506137848,0.6087188124656677,0.09283653646707535,-5.064357280731201,2.664931058883667,3377.550728575826,6893.697603230134,0.15493130075406034,0.14131808280944824,0.3759766221046448,0.33858972787857056,0.3264821767807007,0.3433697521686554,0.3352048397064209,0.3321147561073303,0.3360055088996887,0.40224114060401917,0.5467946529388428,0.5716484785079956,0.5040324926376343,0.432260125875473,95.703125,21.04403219960255,14.795049131039775,18.099135907012588,17.011267413037935,17.027450486602355,17.03373531024124,14.751459623674922,hiphop
-215.99900817871094,122.53192901611328,0.9069909453392029,39.34000015258789,9.27678108215332,26.041019439697266,-4.044795036315918,18.255958557128906,-6.518693447113037,13.916696548461914,-3.074079751968384,8.889010429382324,-4.347989559173584,1470.2938674326106,3279.0005641857597,0.05182163270978345,0.08635041862726212,0.7078928351402283,0.7793778777122498,0.66889488697052,0.4768216609954834,0.4401988685131073,0.38350433111190796,0.3676052391529083,0.3952161371707916,0.5493615865707397,0.4991167187690735,0.45673471689224243,0.5238270163536072,103.359375,18.172519090508153,15.02037482136887,16.845103135034922,16.098005077944357,16.43007141205385,16.689760835347652,36.95786206970944,hiphop
-122.77545166015625,95.02316284179688,-29.38442611694336,46.7772216796875,-16.006793975830078,27.109676361083984,-13.129478454589844,20.25293731689453,-5.389279842376709,15.461106300354004,-6.9193434715271,15.639389038085938,-6.711004734039307,2290.9396470333063,4820.264974713602,0.11330995021268368,0.1022416278719902,0.4633602201938629,0.4717791974544525,0.4644491672515869,0.43790265917778015,0.47133296728134155,0.46507528424263,0.48365518450737,0.5855644941329956,0.5296622514724731,0.5450515151023865,0.6278980374336243,0.4978412091732025,107.666015625,17.721356420927084,13.357970933892627,16.955838407600396,16.93299963177536,15.92989404078113,16.275160045375152,39.88091213988327,hiphop
-121.9977035522461,89.62222290039062,-25.781709671020508,40.95842742919922,-4.291183948516846,27.56009292602539,-15.56806755065918,22.40218734741211,-10.835225105285645,19.812076568603516,-8.643745422363281,19.082935333251953,-8.475935935974121,2367.639173778173,5016.46193218895,0.11083682267498067,0.11062056571245193,0.43693363666534424,0.49669861793518066,0.5070079565048218,0.46149125695228577,0.42132705450057983,0.44679489731788635,0.4256163239479065,0.4249109923839569,0.45188257098197937,0.43099185824394226,0.43392738699913025,0.4365326762199402,103.359375,19.243384162583144,14.611848172707205,17.570846483584454,17.292983402134723,17.70055167166196,17.218830332454456,41.22982671875796,hiphop
-214.28504943847656,100.34032440185547,-33.472843170166016,47.243873596191406,-8.946487426757812,12.985618591308594,-17.30301284790039,11.073051452636719,-11.712202072143555,8.803367614746094,-7.835078716278076,6.259289741516113,-0.1100568175315857,2044.2141770246922,4074.2718831569027,0.10510961970707657,0.0658654049038887,0.4395267963409424,0.4653664827346802,0.4659581482410431,0.5167586207389832,0.5875983834266663,0.6244093775749207,0.5700244307518005,0.5630846619606018,0.514249861240387,0.4677770137786865,0.4808518588542938,0.46380922198295593,112.34714673913044,20.95681589775394,13.437082373212238,15.957194954610774,14.315914893444157,15.973271120259337,17.46934338122817,36.21523250246724,hiphop
-114.32079315185547,80.86040496826172,-18.204160690307617,50.67010498046875,-14.9252347946167,29.26206398010254,-20.069793701171875,18.57425880432129,-17.683847427368164,16.681060791015625,-11.42641830444336,16.298980712890625,-4.461121559143066,2607.8596297145214,5534.641062300609,0.12721671379543698,0.106190524995327,0.42798149585723877,0.4758911728858948,0.4527072310447693,0.4666559100151062,0.4733879566192627,0.45303022861480713,0.4357496201992035,0.47887513041496277,0.493583619594574,0.5155719518661499,0.5554007291793823,0.49037599563598633,112.34714673913044,21.278978263258693,12.492346852459344,17.33454563865622,16.717558287550137,17.06103901027714,16.31918081319948,42.47215155912536,hiphop
-198.9590301513672,92.61326599121094,-19.52155113220215,39.53247833251953,-0.6365576982498169,33.590065002441406,-6.464648723602295,27.523468017578125,-2.397747278213501,14.995195388793945,-2.988018035888672,14.893810272216797,-3.3824238777160645,2083.4389005825383,4479.439167633411,0.07984399168600155,0.07905618846416473,0.44896775484085083,0.434704452753067,0.4244961738586426,0.401140034198761,0.354325532913208,0.3707446753978729,0.47563228011131287,0.568464994430542,0.6628755927085876,0.7085933089256287,0.5001368522644043,0.40686941146850586,99.38401442307692,22.398718636072356,12.103654291237326,15.862392537383101,18.5597080766541,17.90548239791183,16.27877268564236,37.776132992488186,hiphop
-168.28480529785156,70.92850494384766,-3.0489556789398193,54.81575012207031,-12.119344711303711,30.501707077026367,-1.536869764328003,28.829435348510742,-8.9369535446167,18.75313949584961,-6.60419225692749,14.595447540283203,-3.581789493560791,2473.246187433862,5509.702182424594,0.08777506888051044,0.10802321881055832,0.5286175608634949,0.4939247965812683,0.5459309816360474,0.5657166242599487,0.5694302320480347,0.5820760130882263,0.606168806552887,0.6738754510879517,0.6515958309173584,0.6398947238922119,0.6036734580993652,0.5447720289230347,135.99917763157896,21.9599019769592,12.596802396772627,14.118230209118872,14.710395706193639,15.900117370871177,15.059771716202142,39.86142528365179,hiphop
-89.9049301147461,79.77236938476562,-25.733449935913086,47.740089416503906,-10.016579627990723,31.5546875,-22.20848846435547,26.64221954345703,-10.969622611999512,18.825157165527344,-15.55468463897705,14.415654182434082,-10.034326553344727,2694.7841274938905,5599.723628280887,0.14988572783739365,0.11853865534067154,0.4652506113052368,0.4729154109954834,0.48871561884880066,0.4079046845436096,0.46033772826194763,0.463201642036438,0.38478338718414307,0.41205376386642456,0.42830222845077515,0.5193092226982117,0.5223938226699829,0.49752077460289,117.45383522727273,21.33059047075999,12.781543554221546,16.802226578358283,17.00191245637195,17.836626168321587,16.053361552782857,43.04007317197971,hiphop
-103.14578247070312,74.0963134765625,-22.450448989868164,51.5986328125,-7.0803446769714355,32.669761657714844,-14.982949256896973,19.6383056640625,-7.0651373863220215,22.26523208618164,-7.316590309143066,17.61652946472168,-0.03586336970329285,2669.9475361239274,5526.430800010876,0.11757230943058777,0.12068817019462585,0.4926965534687042,0.6314159035682678,0.5254029035568237,0.4732515513896942,0.5105657577514648,0.5473600625991821,0.47860077023506165,0.4680432677268982,0.5431033372879028,0.46147841215133667,0.4193785488605499,0.42964330315589905,129.19921875,21.590470069327186,12.921618399009406,17.650649423353528,16.989099208913924,17.484002772384837,16.44661730946368,42.30205069841347,hiphop
-109.51280975341797,97.39122772216797,-20.617918014526367,37.375572204589844,-3.1134142875671387,28.608015060424805,-14.167000770568848,23.848665237426758,-8.73560905456543,19.89689064025879,-11.290992736816406,17.932451248168945,-3.47413969039917,2272.5405031296214,4964.2193504386605,0.10443931868716164,0.10914599150419235,0.5087378025054932,0.4365955591201782,0.4233528673648834,0.4749522805213928,0.569058358669281,0.5227773785591125,0.45879802107810974,0.45659446716308594,0.46742987632751465,0.4927111864089966,0.4983779788017273,0.481456458568573,117.45383522727273,21.584326715821827,12.52873329141683,16.40662680210453,16.39739332352745,17.455813394998504,16.48421071868619,40.91028925277959,hiphop
-105.53522491455078,76.6729507446289,-24.78174591064453,55.209590911865234,-8.259847640991211,28.897642135620117,-15.744415283203125,26.299291610717773,-8.478252410888672,20.452373504638672,-8.147397994995117,13.909219741821289,-6.56235933303833,2629.0449785113356,5411.5703963348315,0.1385510319992266,0.11357390135526657,0.48931998014450073,0.5058687925338745,0.501240074634552,0.5254784226417542,0.608346164226532,0.6296427249908447,0.5484708547592163,0.5045023560523987,0.5135508179664612,0.5378416776657104,0.5617210268974304,0.4772164821624756,103.359375,20.521406342571503,12.273125539245948,15.694486591194952,15.6667000810203,16.786333121759363,16.687197885534975,42.23158322597975,hiphop
-145.03775024414062,84.07012176513672,10.873836517333984,43.60234451293945,6.2924957275390625,36.12594985961914,-14.647669792175293,26.805591583251953,-10.327141761779785,24.690153121948242,-8.71804428100586,18.786041259765625,-4.39237642288208,2330.136830188641,5836.389018543358,0.07259227873646558,0.1225821003317833,0.4249024987220764,0.40240567922592163,0.38749492168426514,0.4380783438682556,0.4810525178909302,0.41471853852272034,0.39753633737564087,0.4628083407878876,0.5683730244636536,0.6986693143844604,0.5866566896438599,0.47217437624931335,112.34714673913044,22.33679933689778,13.849732458736476,17.763427360462824,17.49483550074358,17.391828277918396,15.529662296812864,41.818873385502975,hiphop
-191.64328002929688,41.318241119384766,5.013655662536621,65.45381164550781,-4.320505142211914,42.63679885864258,-12.251249313354492,23.81313705444336,-4.262661933898926,16.029983520507812,-5.084965229034424,16.429445266723633,-9.367056846618652,3185.5488967360475,6278.469175971578,0.15213151947989173,0.06721186637878418,0.4467432498931885,0.42721664905548096,0.42611488699913025,0.46782881021499634,0.5652684569358826,0.6248209476470947,0.4974614381790161,0.46960869431495667,0.46203574538230896,0.4472387731075287,0.44271185994148254,0.44266632199287415,117.45383522727273,21.827381481560725,15.474788461550498,18.575678156501198,17.269484632394548,17.35505757817274,16.043799381182524,41.233764447779585,hiphop
-169.90744018554688,98.04430389404297,-11.31363296508789,38.255462646484375,5.081349849700928,25.405147552490234,-11.83530330657959,25.126323699951172,-5.54340124130249,19.209190368652344,-2.9169094562530518,18.20797348022461,6.09545373916626,1929.80457391097,4412.4081215559745,0.05418184756863882,0.11072535067796707,0.5308020114898682,0.43079841136932373,0.3529154360294342,0.3429082930088043,0.3517133295536041,0.34076929092407227,0.3639867603778839,0.43125948309898376,0.5367171764373779,0.6152621507644653,0.6039166450500488,0.6072779297828674,151.99908088235293,22.009965717780897,15.7908957687863,18.855717475899496,16.913272481593303,17.5425821749724,16.85960934195667,39.02665237371952,hiphop
-92.64569091796875,77.41155242919922,-32.758094787597656,54.58647537231445,-13.199568748474121,33.66070556640625,-12.07493782043457,28.023540496826172,-11.954623222351074,18.832199096679688,-6.661868572235107,13.044241905212402,-7.0119757652282715,2735.685144773171,5419.747351272476,0.1575562373114849,0.10344427824020386,0.5781043171882629,0.5126537680625916,0.5177215337753296,0.5243709087371826,0.5508192777633667,0.5558743476867676,0.5714832544326782,0.608631432056427,0.6384505033493042,0.6062150597572327,0.5337900519371033,0.5519773960113525,112.34714673913044,18.530652422148563,13.421352192841395,15.209878467467501,15.029933570025442,15.226034965057345,15.744278236824359,42.76069803715271,hiphop
-128.18356323242188,124.55867767333984,-37.181148529052734,43.88912582397461,-12.773453712463379,18.995405197143555,-9.288907051086426,19.78291130065918,-6.878304958343506,13.470523834228516,-5.971914291381836,12.324474334716797,-4.645992755889893,1752.518630056562,3490.593845163863,0.08311732646945089,0.11077146977186203,0.3771169185638428,0.375358909368515,0.4157320261001587,0.48970088362693787,0.5749293565750122,0.5032433867454529,0.3674483895301819,0.34521546959877014,0.40675535798072815,0.4206191897392273,0.4059351086616516,0.4168342351913452,107.666015625,19.897765461724383,12.940682784160245,17.46215997004932,17.089485309502876,16.030044780170556,17.02697979365151,37.34576090112487,hiphop
-111.19161987304688,80.62922668457031,-0.8914610743522644,50.62090301513672,-13.467604637145996,35.32001495361328,-14.84107780456543,21.189828872680664,-13.576960563659668,19.619338989257812,-11.766458511352539,16.967947006225586,-9.359965324401855,2582.0374965474734,5731.720664606293,0.11600512676430781,0.11845380067825317,0.47642579674720764,0.4857245087623596,0.4933778941631317,0.5828275084495544,0.524466335773468,0.43222925066947937,0.40982586145401,0.4069943130016327,0.4403935372829437,0.4444745182991028,0.4967714250087738,0.49466902017593384,112.34714673913044,21.557804419941807,13.833134987923318,17.211393273761587,17.188634018586228,17.274926089682165,16.292719532708034,43.217114517899674,hiphop
-129.8564453125,72.0161361694336,-23.281463623046875,63.21335983276367,-6.884147644042969,34.399253845214844,-12.204700469970703,30.49024772644043,-7.596256732940674,20.596847534179688,-6.21049165725708,14.676088333129883,-2.949455976486206,2538.6441653895045,5353.532335321201,0.10070602523201856,0.11897815018892288,0.5031437277793884,0.5880205035209656,0.6250826120376587,0.5387551784515381,0.4920473098754883,0.4589751660823822,0.4401968717575073,0.4672880470752716,0.5834230184555054,0.6086923480033875,0.5563182234764099,0.5399429798126221,107.666015625,22.403371321866832,13.20476097489865,16.57389888408289,16.308413937833038,16.789715774234676,15.627588869878327,41.77221062173779,hiphop
-138.88059997558594,100.20720672607422,-31.44292640686035,32.44932556152344,-2.7517662048339844,13.091757774353027,-14.506294250488281,13.943220138549805,-15.17435359954834,8.177486419677734,-4.925512313842773,3.5089597702026367,-7.984947681427002,1963.064381362766,3798.4537005147913,0.10151491806844548,0.1536368578672409,0.3765868544578552,0.4517825245857239,0.5966115593910217,0.4718446135520935,0.40831729769706726,0.37610313296318054,0.41972318291664124,0.41676589846611023,0.4459608495235443,0.48085692524909973,0.3732673227787018,0.3529074490070343,107.666015625,17.732295004720648,15.102082413824391,19.008898831578453,17.650223209220236,18.019022141870547,18.171153377842668,38.91856175407454,hiphop
-252.09982299804688,137.90313720703125,-11.12893009185791,8.363253593444824,0.7312538623809814,1.5888378620147705,-3.7318849563598633,-4.134912014007568,-5.499281883239746,-2.631620407104492,-3.532426595687866,-3.1432619094848633,-1.8463441133499146,1503.9322999254405,2799.366367278132,0.07841653373936582,0.04674048721790314,0.44138985872268677,0.3055277466773987,0.3252967894077301,0.4006551206111908,0.4566395878791809,0.33318188786506653,0.21843986213207245,0.3618619441986084,0.38745424151420593,0.32182180881500244,0.28425270318984985,0.2969728708267212,123.046875,16.222563059306218,14.51938552311227,18.801328397271494,19.429776599082953,20.542109946110852,19.63810729747488,16.40691020657943,jazz
-345.7577209472656,146.973876953125,-0.508941650390625,22.634275436401367,5.815545558929443,10.363343238830566,-0.15792401134967804,-1.716018557548523,-6.11984395980835,-0.5228859782218933,1.03854501247406,1.2205255031585693,-1.9355484247207642,1266.4884313587363,2410.6862220852668,0.059293884135730855,0.0227862149477005,0.35416823625564575,0.32344385981559753,0.32724618911743164,0.2978770434856415,0.36571168899536133,0.5555827617645264,0.3733806908130646,0.2771449685096741,0.23290297389030457,0.2572087347507477,0.23892256617546082,0.33280786871910095,135.99917763157896,17.989695591235634,15.14322751430445,19.426763752895614,20.342335383045242,20.897631904040804,19.724847969458573,17.35318893365156,jazz
-256.9818115234375,175.33953857421875,-44.81544876098633,25.638652801513672,-4.257490158081055,-0.226352721452713,-11.319777488708496,-9.18636417388916,-4.102287769317627,-8.307012557983398,-22.5540714263916,-7.609409809112549,-7.6561970710754395,1064.7190883164435,1895.8628076964908,0.05785736296403712,0.08082792162895203,0.3990941643714905,0.32700228691101074,0.22919043898582458,0.1874459683895111,0.12930448353290558,0.23989707231521606,0.2070310413837433,0.1886937916278839,0.24313649535179138,0.3116547167301178,0.44209426641464233,0.30847489833831787,107.666015625,25.15251867712858,21.421237349139197,25.77845555014561,26.039346219215584,28.462142147808446,26.155642321128145,28.3696820087974,jazz
-297.30291748046875,193.074462890625,10.171171188354492,-1.596447467803955,3.3883607387542725,9.993823051452637,-7.256450176239014,4.693567276000977,-5.3910651206970215,-2.8595287799835205,-10.230401039123535,0.37925708293914795,-4.969515323638916,813.4170141933301,1416.9114115066704,0.044649978248259864,0.05944417044520378,0.22569435834884644,0.3234238922595978,0.4925757646560669,0.23903395235538483,0.2726527750492096,0.352927565574646,0.44116371870040894,0.2144048511981964,0.283093124628067,0.2231956124305725,0.3697763681411743,0.3945492208003998,123.046875,23.20122350313893,16.964939901479664,21.758131576089067,23.01452941839226,24.771803858504082,18.67736860283625,26.77016103992514,jazz
-270.3126525878906,137.58981323242188,5.64001989364624,42.490509033203125,-7.959469318389893,9.938035011291504,-6.810832500457764,8.25021743774414,-6.182494640350342,5.475854396820068,-5.440319538116455,-5.177865982055664,-6.99372673034668,1039.4057429757268,1837.7997661687934,0.04775035648685228,0.10870492458343506,0.08935633301734924,0.0780521109700203,0.18301762640476227,0.2726135849952698,0.13272257149219513,0.100789375603199,0.2944043278694153,0.1962001770734787,0.13535575568675995,0.21231649816036224,0.1557607650756836,0.21216890215873718,95.703125,24.12931939110424,23.52447102588425,29.298077472110517,26.867258396346475,23.912344393243437,22.18549382297694,32.777544453825215,jazz
-246.27442932128906,120.21053314208984,-0.9766387939453125,30.69660186767578,0.17293615639209747,23.16143035888672,0.43138760328292847,9.166991233825684,-0.5621412396430969,5.726498126983643,-3.753218173980713,4.230339050292969,-0.2852344214916229,1268.2111446452,2486.5520433040892,0.057875111779775716,0.10749952495098114,0.3030276596546173,0.16451627016067505,0.16631737351417542,0.25752338767051697,0.18290358781814575,0.2249302715063095,0.1724938452243805,0.22814910113811493,0.40398532152175903,0.28505939245224,0.2933051288127899,0.2964526116847992,107.666015625,22.410955109702275,16.043875741189577,25.34984431485596,26.13580016079632,24.811173733475478,21.775820934824406,34.09848953334371,jazz
-234.40953063964844,142.74026489257812,-14.296719551086426,51.96394729614258,-8.197964668273926,12.785138130187988,-4.276249408721924,12.085668563842773,-13.71513843536377,-1.5637431144714355,-3.9804892539978027,4.92726469039917,-3.9477925300598145,1219.5124856006723,2416.473374510586,0.048039624419953596,0.09854782372713089,0.22259266674518585,0.1959875524044037,0.2948666512966156,0.34999150037765503,0.24935735762119293,0.3461799919605255,0.3717776834964752,0.20975902676582336,0.20922884345054626,0.2151523232460022,0.3105984032154083,0.32220813632011414,135.99917763157896,23.254514954214336,20.85128816029078,22.648398815902603,23.818231566159763,23.088502954515626,21.879920895016838,33.68539641280115,jazz
-291.9704895019531,137.69984436035156,2.64733624458313,35.658164978027344,-12.313128471374512,15.604982376098633,-6.7887725830078125,-2.8450746536254883,-3.7737762928009033,-3.461439371109009,-1.7078484296798706,10.411185264587402,8.3025541305542,1169.7729218908692,1958.322419699826,0.06482660539926527,0.09377561509609222,0.24007026851177216,0.25835877656936646,0.16547203063964844,0.25999805331230164,0.17288486659526825,0.27947431802749634,0.1099005937576294,0.11421236395835876,0.11190090328454971,0.1523214727640152,0.335170179605484,0.16640301048755646,99.38401442307692,21.892702758746363,18.381853097198725,29.743913306527187,30.059846871374635,25.90411706544076,21.72854195097028,31.898195797555026,jazz
-189.9823760986328,134.4188995361328,-25.650020599365234,45.7294921875,8.180398941040039,21.443511962890625,-4.585944652557373,14.390953063964844,-12.663227081298828,10.280888557434082,-7.942295074462891,-1.135284423828125,-5.053429126739502,1304.644766298671,2724.341556699536,0.04626700865235885,0.1185242086648941,0.38643157482147217,0.36357128620147705,0.35364729166030884,0.3693614900112152,0.3017827868461609,0.350737988948822,0.3384842872619629,0.3753092885017395,0.30225589871406555,0.31865066289901733,0.45982906222343445,0.3677481710910797,107.666015625,25.43453426602734,18.89066652632101,19.52941103632471,20.78083510558798,21.38403054188649,20.680285241363215,35.71131478254675,jazz
-296.70941162109375,172.3617706298828,16.870981216430664,18.944475173950195,1.371418833732605,14.397394180297852,1.0102300643920898,9.526041030883789,-7.407200336456299,3.5161068439483643,-7.660177230834961,-0.10548140108585358,-7.948270320892334,749.4465657215497,1134.090358088022,0.03168654534029389,0.08531806617975235,0.20210571587085724,0.36754152178764343,0.2614835202693939,0.1975732147693634,0.24138964712619781,0.20311057567596436,0.32710808515548706,0.27825257182121277,0.3481494188308716,0.25812023878097534,0.2589570879936218,0.2592400908470154,112.34714673913044,25.0016330592775,22.564034155349955,24.11745153063561,25.166972393798034,18.87459878269265,18.04872567657929,30.895152945127972,jazz
-318.7561340332031,162.64056396484375,-16.489927291870117,39.124427795410156,31.428144454956055,15.258031845092773,-0.6904928684234619,5.800407409667969,-8.641589164733887,-4.002048492431641,1.3683021068572998,0.07209233939647675,-3.1007142066955566,829.6061468763736,1554.3458730604698,0.03306037920533643,0.06414245814085007,0.2647850215435028,0.2642461657524109,0.43905094265937805,0.3802047371864319,0.3581204414367676,0.24608288705348969,0.2550429403781891,0.4180227518081665,0.33459994196891785,0.36418578028678894,0.32599249482154846,0.305844247341156,112.34714673913044,24.252308909336637,22.618211705569408,25.061911648478915,23.361911650381444,22.252600806412968,21.471409771849814,26.31693630134686,jazz
-192.5086212158203,113.19280242919922,-6.349791526794434,39.58106231689453,-9.18021297454834,17.197965621948242,-19.102737426757812,12.200302124023438,-15.47020149230957,9.694096565246582,-10.955244064331055,12.916770935058594,-7.286330699920654,1825.7919934437014,4011.2377193300463,0.0768886250483372,0.07116314023733139,0.336665540933609,0.19663138687610626,0.369706928730011,0.30696001648902893,0.2082391083240509,0.36876311898231506,0.263762891292572,0.35152119398117065,0.2615226209163666,0.38447120785713196,0.3333311975002289,0.223908931016922,99.38401442307692,19.036845580706537,15.176492961019235,21.241141550380142,21.834574991831754,22.097922411158947,19.133547541950445,37.841347431901276,jazz
-253.17776489257812,122.693359375,-5.6654372215271,40.57578659057617,-5.834477424621582,18.414371490478516,-16.655176162719727,14.596437454223633,-15.156902313232422,8.209847450256348,-13.885358810424805,8.284788131713867,-7.303147315979004,1650.9582872211786,3658.879241589327,0.06368954828886311,0.037519317120313644,0.4413570761680603,0.31007736921310425,0.3311063051223755,0.3532398045063019,0.28808194398880005,0.3685498535633087,0.3435240089893341,0.3831630349159241,0.4158180356025696,0.3714156448841095,0.4378437399864197,0.3212674558162689,112.34714673913044,17.709775643519347,15.504471016605123,20.021352858417817,20.862597585935703,20.934310641510177,18.990502980784438,34.97813529447995,jazz
-217.6363067626953,112.63075256347656,12.674138069152832,39.5185661315918,-9.819438934326172,17.370189666748047,-12.366684913635254,20.70370864868164,-18.293848037719727,16.350719451904297,-10.015159606933594,9.042704582214355,-6.878431797027588,1790.2436399601108,4398.1775553763055,0.06107594076276102,0.05546204000711441,0.3150312304496765,0.2577855587005615,0.2512392997741699,0.24356050789356232,0.2623938322067261,0.2901301085948944,0.30809521675109863,0.387513667345047,0.36964279413223267,0.45249056816101074,0.38674646615982056,0.2477981150150299,151.99908088235293,17.925008108380524,13.457534284372104,19.091212849294223,20.02794770490571,20.101557123398763,18.68308841845627,37.7212995659575,jazz
-358.2756042480469,137.953857421875,-10.996047973632812,20.851852416992188,1.9459161758422852,-3.409778594970703,-11.53309440612793,-3.274732828140259,-11.018584251403809,-8.387628555297852,-7.478257179260254,-0.9960914850234985,-6.737070560455322,1171.8345898377106,2019.0500493945765,0.06491837055297757,0.03929026797413826,0.26815471053123474,0.10611715167760849,0.26331666111946106,0.18190422654151917,0.29161936044692993,0.23056773841381073,0.14039035141468048,0.21374917030334473,0.12743417918682098,0.18792682886123657,0.17040874063968658,0.20221129059791565,129.19921875,16.568755766535688,21.1448459948277,27.25037671325748,26.395375682115024,25.059064967862252,22.88837011252992,27.830618479301304,jazz
-200.00050354003906,117.24072265625,-12.388030052185059,39.11275100708008,-6.355851650238037,16.529462814331055,-17.309965133666992,13.6309814453125,-17.660388946533203,14.041950225830078,-10.207222938537598,12.181232452392578,-6.717840671539307,1782.220467473971,3811.801621864124,0.07355637930201082,0.062371544539928436,0.3386387526988983,0.3029234707355499,0.3083702027797699,0.38268348574638367,0.31482625007629395,0.3364991843700409,0.3379770815372467,0.37192243337631226,0.4007464647293091,0.3696897625923157,0.3085491359233856,0.22279222309589386,117.45383522727273,18.729753935814966,14.548373001267574,19.931466623286365,20.71528945301145,21.170304882079897,19.13580111658382,37.20872322296515,jazz
-259.90985107421875,123.19316864013672,-6.39508581161499,37.571449279785156,-2.978944778442383,13.065516471862793,-14.084049224853516,5.309153079986572,-11.972436904907227,3.5174100399017334,-9.6387357711792,5.337090492248535,-7.837250232696533,1465.8580996844978,2822.465015951276,0.06984498864075793,0.060548145323991776,0.2963356375694275,0.19813527166843414,0.23021259903907776,0.2647809684276581,0.1977982521057129,0.26807165145874023,0.27930986881256104,0.20136220753192902,0.23109501600265503,0.21307125687599182,0.2315257489681244,0.3829832375049591,117.45383522727273,18.13435274860889,18.425700677399718,25.693944819985244,26.008628207039965,24.383116873059404,20.64456790659154,34.234849349037255,jazz
-233.11557006835938,105.91352844238281,-2.663626194000244,37.423095703125,-8.166695594787598,15.727240562438965,-15.060574531555176,8.373821258544922,-16.36957359313965,8.6382417678833,-9.372575759887695,7.094327926635742,-5.996860027313232,1934.3602751013966,4327.366124836862,0.08414373670726992,0.049843065440654755,0.2301374226808548,0.24177904427051544,0.2663477063179016,0.393040269613266,0.26201945543289185,0.2958052456378937,0.2853643298149109,0.2726125717163086,0.37591877579689026,0.5823675990104675,0.600830078125,0.336477130651474,103.359375,18.606674671046918,14.600051316652515,18.100499071356356,18.63104779658343,18.833931416307017,17.943678794329948,36.32988370032473,jazz
-192.11354064941406,105.56804656982422,-26.025104522705078,40.16893768310547,-6.658174514770508,26.505718231201172,-10.386099815368652,18.473989486694336,-13.997672080993652,14.939582824707031,-12.698396682739258,9.57853889465332,-5.1966657638549805,1993.412986778348,4248.252836789443,0.08770822759570766,0.05222417414188385,0.363966703414917,0.23039741814136505,0.33908116817474365,0.23273785412311554,0.3069000244140625,0.3816922903060913,0.41036757826805115,0.5347477197647095,0.4030763506889343,0.37157711386680603,0.2956460416316986,0.3705287277698517,103.359375,19.804203381581164,16.92806317311921,19.83181490543605,20.417658389455404,21.137220557723957,18.881941400139297,37.566156466309266,jazz
-267.31512451171875,129.04580688476562,-14.718589782714844,41.26822280883789,-1.0152896642684937,22.954587936401367,-8.129340171813965,11.185735702514648,-9.07310962677002,11.322412490844727,-5.50223970413208,13.576353073120117,-1.1756658554077148,1352.8857477220752,2713.250208454176,0.05545069907675947,0.05019143223762512,0.3322300314903259,0.29730424284935,0.2611686885356903,0.30294397473335266,0.3282402455806732,0.26575371623039246,0.25545641779899597,0.1697898507118225,0.19954663515090942,0.1889796406030655,0.17567339539527893,0.20159359276294708,123.046875,19.612693045740656,18.724384935479375,23.84954654412658,24.049457721114035,23.08212106788184,20.52606537383632,33.214460270414,jazz
-376.7118225097656,119.15719604492188,-2.9485692977905273,48.4973258972168,13.15625286102295,21.246126174926758,0.022175587713718414,8.012308120727539,-0.40581798553466797,2.3731849193573,-0.034592773765325546,0.8998019099235535,1.6660525798797607,1171.3366948620223,2580.212317376015,0.03296332717034029,0.02711336314678192,0.25556015968322754,0.2439778447151184,0.23436112701892853,0.23536862432956696,0.297884076833725,0.28826555609703064,0.30909958481788635,0.3310743570327759,0.36321496963500977,0.3870178759098053,0.27573978900909424,0.2497067004442215,107.666015625,19.689626775755947,20.180005582186265,23.063652107222627,18.96933445195669,18.285297640545796,16.683688890004756,28.31989169991531,jazz
-174.7207794189453,75.89430236816406,-12.799818992614746,52.61549758911133,-29.407379150390625,22.755056381225586,-22.368854522705078,18.62555503845215,-24.709671020507812,21.171358108520508,-13.808961868286133,13.011256217956543,-7.863234519958496,2915.2020776967365,5865.116609719403,0.18137212695765662,0.04795484617352486,0.324454128742218,0.35743477940559387,0.3968002200126648,0.39622625708580017,0.4444226026535034,0.5544601082801819,0.4905199706554413,0.3984251916408539,0.4588184952735901,0.5152941942214966,0.5024925470352173,0.35400328040122986,123.046875,18.71366005250622,13.17114611143093,16.68229830013035,17.276086245683413,19.083084962332823,18.30200046617697,41.68140053293391,jazz
-298.7561340332031,112.07627868652344,6.4888176918029785,28.389169692993164,-6.770986557006836,16.645587921142578,-11.807552337646484,12.744362831115723,-8.340970039367676,13.89322280883789,-4.237726211547852,2.317612886428833,-4.329582691192627,1451.8621242970448,3047.4311987927786,0.051224215124709975,0.050479739904403687,0.1176549419760704,0.13391095399856567,0.22048319876194,0.18841050565242767,0.16817721724510193,0.19363650679588318,0.13062776625156403,0.20394577085971832,0.3643955886363983,0.2875833213329315,0.22447796165943146,0.18569977581501007,129.19921875,19.66791656235399,20.515668202572883,26.072390340585727,25.74578819458816,23.396068494457275,19.54172448564825,34.60059328422149,jazz
-188.1168975830078,98.61235046386719,-11.27721881866455,47.22146224975586,-20.341472625732422,18.784269332885742,-15.795819282531738,13.686596870422363,-15.463713645935059,17.43075942993164,1.0079585313796997,18.280630111694336,4.641810894012451,1988.7524361987284,4317.182401935905,0.08013779123163187,0.08778411895036697,0.1973133087158203,0.38525259494781494,0.22234486043453217,0.357146292924881,0.2562781572341919,0.31253573298454285,0.17776422202587128,0.16223576664924622,0.18686595559120178,0.14310160279273987,0.10508964955806732,0.1476726233959198,161.4990234375,20.462281008403206,13.163282413224275,22.61640104520222,22.674396843124164,23.591264785290058,20.049375228941297,38.70780103030179,jazz
-202.62045288085938,105.84962463378906,-20.564374923706055,43.892127990722656,-14.276479721069336,25.29875373840332,-15.593871116638184,15.321756362915039,-13.293830871582031,12.276257514953613,-8.766581535339355,10.162179946899414,-1.8646471500396729,2034.4917204627848,4342.462682170823,0.09322282240912606,0.058837890625,0.3592519760131836,0.3113168776035309,0.355024129152298,0.4243350625038147,0.3526292145252228,0.305610716342926,0.2909008264541626,0.33560889959335327,0.34499505162239075,0.35966551303863525,0.3487412631511688,0.40057113766670227,103.359375,19.532955775051317,14.628072484073172,19.302595522677404,20.01619724672246,20.616232543898484,18.382982415299978,37.21557654408822,jazz
-237.67996215820312,108.3123550415039,2.0402796268463135,41.773414611816406,-10.45001220703125,16.938732147216797,-8.598846435546875,12.791258811950684,-9.114673614501953,15.94317626953125,-6.5168304443359375,7.178613662719727,-8.255825996398926,1697.9171784792436,3806.189333037268,0.06359853840390564,0.06933384388685226,0.23227158188819885,0.22540383040905,0.21077705919742584,0.30805614590644836,0.21878616511821747,0.2431132197380066,0.4776157736778259,0.31958693265914917,0.2857191562652588,0.2589505910873413,0.24684368073940277,0.19078747928142548,103.359375,23.113321164127733,16.794855893537797,20.77223097429487,21.428333142268272,20.213852189295405,18.950396234859173,36.36863430447363,jazz
-414.0825500488281,104.8276138305664,-7.832919597625732,37.85291290283203,0.1932883858680725,23.407958984375,-7.296281337738037,5.744217395782471,-1.0660864114761353,8.48875904083252,-5.500467300415039,0.8773019909858704,-1.4534107446670532,1367.435200194701,2631.480659077726,0.05861036591260634,0.031938858330249786,0.1640741378068924,0.2189050167798996,0.11619450896978378,0.13585714995861053,0.35983529686927795,0.30888494849205017,0.1336272954940796,0.14441682398319244,0.2276349812746048,0.287617564201355,0.19687961041927338,0.1278841644525528,123.046875,24.011415287605182,24.984341263619253,28.425466819844786,26.174127558123843,24.5210789694249,20.453908017337024,28.755313857380145,jazz
-262.10797119140625,108.99053955078125,-6.340922832489014,55.17393493652344,-10.668641090393066,18.520814895629883,-4.25078010559082,18.553394317626953,-19.70442008972168,17.577571868896484,-10.986870765686035,11.923827171325684,-3.433858871459961,1769.4282675269487,3966.4393307714618,0.06268088686678268,0.04059417173266411,0.2764347791671753,0.295221209526062,0.31041431427001953,0.3143121600151062,0.2867540717124939,0.34248805046081543,0.40043410658836365,0.47846293449401855,0.40043848752975464,0.3026939630508423,0.27368220686912537,0.22070437669754028,143.5546875,19.448775042189148,15.99672288157791,19.4787317209354,19.798800937262794,19.058075443856545,20.722465893362532,35.28279070767011,jazz
-233.78688049316406,108.44884490966797,-10.692216873168945,38.69777297973633,-10.757061958312988,14.163576126098633,-16.255836486816406,10.371212005615234,-20.810993194580078,10.070446968078613,-12.022905349731445,7.760413646697998,-12.027534484863281,1854.1337840481792,4031.4136478574537,0.07490491166376644,0.048747774213552475,0.22315184772014618,0.2189217358827591,0.23007291555404663,0.2769525647163391,0.2728707790374756,0.29348284006118774,0.23978424072265625,0.30234357714653015,0.3241764008998871,0.3035033643245697,0.3401494026184082,0.29320740699768066,99.38401442307692,23.374451772224425,16.288057689325445,21.09986026309107,21.934289258926423,21.530517209714816,19.885412976668185,36.77784748072969,jazz
-232.95947265625,93.83140563964844,-16.19234848022461,49.591522216796875,-13.951523780822754,13.500869750976562,-11.832385063171387,13.29676342010498,-25.82591438293457,17.382801055908203,-13.318090438842773,9.2868013381958,-5.49476957321167,2235.2480118461262,4683.488333363544,0.09937373114849188,0.036320459097623825,0.3106445074081421,0.39770421385765076,0.36903223395347595,0.39607152342796326,0.31147873401641846,0.2869943380355835,0.2953342795372009,0.26066768169403076,0.27638325095176697,0.24226737022399902,0.24051722884178162,0.26431670784950256,112.34714673913044,21.154342376724383,16.477096821343608,20.017620217440303,19.989929668083736,19.419309373371664,21.057407391923913,36.99574485668209,jazz
-319.0247802734375,115.67262268066406,-23.03746223449707,52.5950927734375,-12.811129570007324,14.634926795959473,-8.212763786315918,0.3054489195346832,-23.86931037902832,10.836662292480469,-9.588441848754883,7.476500511169434,-4.249779224395752,1687.9309171434163,3354.8497317285382,0.08464938913863108,0.029581375420093536,0.2146320790052414,0.25515323877334595,0.26313936710357666,0.21949079632759094,0.30173230171203613,0.21713458001613617,0.14855597913265228,0.12632490694522858,0.22517521679401398,0.3488115668296814,0.28883588314056396,0.21226276457309723,117.45383522727273,23.964702922742244,19.857830112793323,23.828426961413324,22.547060179750527,22.94996041310684,24.385557843497704,32.619058728868616,jazz
-237.51991271972656,115.9436264038086,-15.43163013458252,47.10340118408203,-13.503622055053711,18.200197219848633,-13.963651657104492,15.332401275634766,-17.526098251342773,13.42228889465332,-6.228496074676514,8.632211685180664,-7.2494072914123535,1752.7248668089464,3733.795803273637,0.07237627187258314,0.04357781261205673,0.23491708934307098,0.22107887268066406,0.26774778962135315,0.31440654397010803,0.2902720272541046,0.3153693675994873,0.3119902014732361,0.3422457277774811,0.3297438621520996,0.40050333738327026,0.42908889055252075,0.275983989238739,112.34714673913044,20.261074585549135,14.550780180376721,19.367787676927406,20.75997274725968,20.754127436755773,19.328380665602882,35.18014661883583,jazz
-305.46539306640625,121.93075561523438,2.6112542152404785,36.931583404541016,-8.555871963500977,17.913818359375,-9.265583038330078,10.559932708740234,-9.934749603271484,2.315037488937378,-12.682136535644531,0.3106359839439392,-8.614855766296387,1522.0894311198458,3252.079896860499,0.061381069339713844,0.040505677461624146,0.2460564374923706,0.24294885993003845,0.30612823367118835,0.22925159335136414,0.271192342042923,0.2646385133266449,0.35528993606567383,0.37676694989204407,0.308340460062027,0.29820147156715393,0.22263647615909576,0.24845440685749054,129.19921875,22.017853754491522,15.93265987600783,19.966842668885555,21.31273732899835,17.95279784084066,16.04436611008801,31.828094612896958,jazz
-261.8248596191406,139.5357666015625,-17.112346649169922,49.89006805419922,-5.863274574279785,19.849517822265625,1.8529808521270752,5.711823463439941,-7.836343765258789,-0.42400118708610535,-1.259535312652588,-2.194336414337158,4.457130432128906,1169.439675583144,2443.793730060905,0.04233319134280743,0.06974876672029495,0.24652256071567535,0.2766733169555664,0.2585511803627014,0.28704002499580383,0.24070681631565094,0.22637151181697845,0.23001518845558167,0.23032623529434204,0.31131210923194885,0.36786484718322754,0.35659098625183105,0.25525954365730286,95.703125,16.985950681384168,20.404563798047775,22.21783302260083,20.484289116506957,17.64493482031246,17.876236341732483,31.919999215773895,jazz
-146.3751678466797,118.19465637207031,-34.67339324951172,58.78237533569336,-14.961517333984375,34.299007415771484,-6.591182231903076,13.892899513244629,-14.637520790100098,9.193352699279785,-11.336160659790039,1.0952284336090088,-5.499570369720459,1759.6144140848987,3574.320201475493,0.07934929065158546,0.12999394536018372,0.2584153711795807,0.16904886066913605,0.22402991354465485,0.4129759967327118,0.3530251383781433,0.4651520550251007,0.28718283772468567,0.3269646167755127,0.44179511070251465,0.2851337194442749,0.2930471897125244,0.22309987246990204,99.38401442307692,16.944162529654875,17.376667581804643,21.213038165478622,21.603617994757567,21.39622128540387,20.560496008316974,39.705356761307776,jazz
-261.906494140625,182.52735900878906,-16.89704132080078,49.85529708862305,-1.219253659248352,6.345920562744141,5.99686861038208,-8.876310348510742,-10.314593315124512,-3.203549861907959,-5.370092868804932,-3.545535087585449,-2.895197868347168,844.1729949398201,1608.811720562645,0.037725674303944315,0.09146237373352051,0.40276849269866943,0.2367485761642456,0.32309773564338684,0.20800574123859406,0.2740482687950134,0.20397354662418365,0.18808777630329132,0.23580722510814667,0.1936035305261612,0.30061453580856323,0.257531076669693,0.3506130874156952,123.046875,16.879352379773174,19.924562397099702,23.808106455258983,22.62387758328271,21.593343635076558,22.486790717377374,27.94734931603704,jazz
-196.93746948242188,152.82791137695312,-36.87057113647461,41.801151275634766,-8.697372436523438,4.414522171020508,-11.569147109985352,1.421653389930725,-14.735710144042969,0.4733049273490906,-10.165450096130371,-6.9279656410217285,-6.24993896484375,1481.5814852961128,2657.4937010585845,0.09950288210556844,0.08052675426006317,0.3089280426502228,0.3236205279827118,0.4482334554195404,0.2432018220424652,0.27467289566993713,0.3969675600528717,0.20402589440345764,0.3057502508163452,0.24800248444080353,0.3796035647392273,0.490502268075943,0.2454346865415573,123.046875,16.935552126144437,13.132125959702158,18.35452133456544,20.483902332990002,22.084062344293965,21.888390365726302,33.21295427723087,jazz
-198.47012329101562,140.6879119873047,-18.40506935119629,30.508651733398438,-6.6951494216918945,15.716473579406738,-0.7360028028488159,7.292020320892334,-6.588791847229004,6.072186470031738,-5.131031036376953,3.4454891681671143,-2.8457655906677246,1276.6513099117217,2468.549419500435,0.05150064348897912,0.10659270733594894,0.24355089664459229,0.26897281408309937,0.2704366147518158,0.2840769290924072,0.25442540645599365,0.4189499020576477,0.28919291496276855,0.324504017829895,0.27386006712913513,0.24972446262836456,0.2989228069782257,0.24206586182117462,95.703125,19.833355060963406,19.067106841114928,22.86121193430395,23.226517634478412,20.4832094096237,17.58329422352517,33.89343361435872,jazz
-179.60382080078125,124.33756256103516,-29.74734115600586,45.36680221557617,-10.197358131408691,17.786069869995117,-8.81406307220459,12.764595985412598,-10.758047103881836,8.616040229797363,-12.397631645202637,3.3900299072265625,-12.025344848632812,1554.348779839451,3216.3660885839618,0.06639416569992267,0.0977495014667511,0.39276453852653503,0.23968537151813507,0.17698238790035248,0.16767023503780365,0.24655599892139435,0.3594096601009369,0.25530821084976196,0.36146363615989685,0.3393067717552185,0.2521801292896271,0.31421369314193726,0.32247236371040344,151.99908088235293,19.679512569943345,20.40377435029658,23.02495860315873,22.332608621648166,20.883581891675593,19.26285273224173,36.33627311968993,jazz
-237.32550048828125,146.82420349121094,-24.415498733520508,64.26624298095703,-10.813704490661621,3.27419114112854,-1.3289616107940674,2.707298994064331,5.14397668838501,0.4013015627861023,9.623003005981445,2.5155436992645264,3.119004964828491,1311.144563027034,2723.742024361949,0.07648568916763342,0.08223439753055573,0.2853577733039856,0.23465201258659363,0.18863341212272644,0.27594470977783203,0.24775095283985138,0.3273465931415558,0.2027876377105713,0.22345070540905,0.3028031885623932,0.21505475044250488,0.24282145500183105,0.22520966827869415,99.38401442307692,15.655399644968087,14.547003580332138,21.58021043106511,20.313650349809258,21.849686030166655,21.34971435822729,30.064648824426442,jazz
-179.8000030517578,147.7592315673828,-20.459308624267578,58.603145599365234,-23.800596237182617,2.462270975112915,-3.1939632892608643,-9.31116771697998,-5.763919830322266,-0.4222122132778168,-8.364212989807129,3.093961000442505,-6.859156608581543,1317.026970811459,2778.8906725819315,0.054847239341647334,0.13801351189613342,0.34831011295318604,0.27651748061180115,0.15278282761573792,0.1940540224313736,0.16636911034584045,0.19579516351222992,0.2237747758626938,0.2743971049785614,0.3313341438770294,0.23174704611301422,0.20375725626945496,0.24151960015296936,103.359375,14.248127345106909,19.17867011937893,23.57439265858532,21.575180507710275,19.758974678918758,21.732736037695858,33.23884863202378,jazz
-216.33937072753906,135.02337646484375,-35.48702621459961,61.59968185424805,-14.55785083770752,11.047006607055664,1.2091344594955444,10.954964637756348,-8.300718307495117,-1.4434432983398438,0.11894798278808594,8.27770709991455,-4.579705238342285,1617.409384435443,3103.562413899362,0.10058782567188708,0.07820093631744385,0.32970893383026123,0.20792201161384583,0.3564293384552002,0.4522635340690613,0.3066888153553009,0.29600411653518677,0.23860368132591248,0.3467004597187042,0.22164055705070496,0.2623577415943146,0.40286770462989807,0.2768682837486267,95.703125,15.3937717920053,15.52617715257827,20.03799964166083,22.706069651356973,23.02603310830827,22.40173825859052,32.5577345806067,jazz
-206.7946319580078,141.81704711914062,-13.789802551269531,49.324588775634766,-24.800512313842773,11.800833702087402,-12.790984153747559,-16.55076026916504,-8.390813827514648,-1.214152455329895,-7.660740852355957,-1.3785263299942017,-9.349154472351074,1344.6201262512325,2773.0951933185906,0.061185832366589324,0.09949223697185516,0.2349153459072113,0.1878863275051117,0.2719061076641083,0.28416869044303894,0.2763306498527527,0.37490031123161316,0.3089657127857208,0.32846197485923767,0.20357613265514374,0.2785758674144745,0.35307544469833374,0.3196519613265991,129.19921875,15.85637301322312,18.29423897443977,22.269346446889784,22.07308520045209,21.136813552929883,20.878676804842062,33.710701099795386,jazz
-173.19873046875,111.66873168945312,-35.90760803222656,45.83884811401367,-11.437211036682129,19.691478729248047,-8.076202392578125,17.946382522583008,-8.96049690246582,14.693592071533203,-10.34089469909668,4.678985118865967,-11.800859451293945,1761.2131331366036,3462.7322451421114,0.08571960496423048,0.11169213801622391,0.2916276156902313,0.21511805057525635,0.2580915689468384,0.24818192422389984,0.27069994807243347,0.21136227250099182,0.2226865589618683,0.37797561287879944,0.2521882951259613,0.3206234276294708,0.18808206915855408,0.1930014044046402,151.99908088235293,19.087317820137727,18.876213584227433,22.00984696892251,25.010265710261468,22.108292507879646,20.534672495347024,37.32953466463629,jazz
-246.96923828125,168.015380859375,-19.7974910736084,21.995052337646484,-0.7389042377471924,15.09253215789795,-1.2764796018600464,4.7404022216796875,-2.0533225536346436,6.533862590789795,-1.3891006708145142,5.625460147857666,-0.28566718101501465,1004.7574201659103,1811.2538065545243,0.04966836148975251,0.08646611124277115,0.25078919529914856,0.25030791759490967,0.4333259165287018,0.33391720056533813,0.3277515769004822,0.26114922761917114,0.1830139458179474,0.27972856163978577,0.22747232019901276,0.29736092686653137,0.268438458442688,0.2050427943468094,103.359375,20.96838029587823,18.3310469053119,23.142661925748833,23.515975257447717,23.514593594716416,19.875220002629312,30.760283765875787,jazz
-231.30543518066406,174.3891143798828,-19.74982452392578,47.35616683959961,-1.9784823656082153,6.667477130889893,-1.1242022514343262,-5.498748779296875,-13.734885215759277,-3.691333293914795,-6.308470249176025,-1.4986186027526855,-2.635246992111206,937.3823871861684,1763.0913754350347,0.042621704007153906,0.10030163824558258,0.3794022798538208,0.2856423556804657,0.19926053285598755,0.2563090920448303,0.26819083094596863,0.21252191066741943,0.17805826663970947,0.35575032234191895,0.3406897783279419,0.2685304284095764,0.2949579358100891,0.30467870831489563,123.046875,17.00613545852733,19.946863580300718,23.541059628348332,22.230435982881122,21.697436259083638,21.01661115286508,29.912398127441836,jazz
-204.23126220703125,147.60040283203125,-25.210437774658203,49.35248565673828,-15.65807056427002,2.7013888359069824,-7.8496198654174805,-10.641349792480469,-4.8027873039245605,-3.6693341732025146,-3.5079243183135986,1.564738392829895,1.4762617349624634,1295.2393474800779,2695.60563868547,0.05863604505027069,0.11046954989433289,0.25834921002388,0.19230447709560394,0.19245487451553345,0.3507029116153717,0.22347986698150635,0.2717130780220032,0.24906696379184723,0.25476738810539246,0.21896019577980042,0.19582326710224152,0.3509025573730469,0.24663254618644714,107.666015625,15.919775561646144,15.742915124175937,21.34873453867996,19.56328322421827,21.24990767493233,21.071786950122647,32.148360235345706,jazz
-201.77865600585938,109.28779602050781,-15.50636100769043,44.262638092041016,-11.043766021728516,18.838415145874023,-11.30583381652832,18.402467727661133,-18.903079986572266,11.213676452636719,-11.905747413635254,6.954172611236572,-11.6553373336792,1981.982382184166,4262.017100039879,0.09353588130800464,0.0538925901055336,0.3634231388568878,0.32759344577789307,0.34114304184913635,0.35885852575302124,0.35186100006103516,0.4005736708641052,0.3610353171825409,0.3325671851634979,0.35810258984565735,0.33248159289360046,0.36824965476989746,0.4058983325958252,103.359375,18.245894055146266,15.13063443016433,20.274168258315022,20.878908129641655,20.551648196385383,18.92545841278396,37.57164033681563,jazz
-204.7816619873047,117.43745422363281,-20.93583106994629,42.016048431396484,-10.35555362701416,19.221494674682617,-11.642017364501953,7.983561038970947,-20.26799964904785,8.788082122802734,-11.700528144836426,5.174278259277344,-11.235280990600586,1748.3486883454468,3685.416874365574,0.07930246398878577,0.058648377656936646,0.34032806754112244,0.2581295669078827,0.31544122099876404,0.24932198226451874,0.29380810260772705,0.25010475516319275,0.29750970005989075,0.3440033793449402,0.24357417225837708,0.24927447736263275,0.21848909556865692,0.33139392733573914,129.19921875,20.83936308082272,16.100704309894862,22.221106623648993,21.560670653059038,21.32278674590831,19.357613111460502,36.59508477227146,jazz
-165.5166473388672,87.27494812011719,24.825937271118164,28.404272079467773,-2.7653040885925293,-1.3249931335449219,-14.071616172790527,-4.758403778076172,-19.202238082885742,-0.6024582386016846,-11.948309898376465,-8.327139854431152,-8.228103637695312,2049.705424466469,4562.441089037123,0.06476844970514307,0.18433049321174622,0.1229015365242958,0.10673146694898605,0.18128050863742828,0.18597100675106049,0.27968719601631165,0.3517098128795624,0.20397798717021942,0.2058783769607544,0.2482643872499466,0.361310750246048,0.17972536385059357,0.09169827401638031,123.046875,16.695713374206807,20.362209181530947,26.006569217674844,22.76749232365101,21.58146766636296,18.126455276990324,18.382663727588422,jazz
-54.8978271484375,77.32103729248047,8.338180541992188,31.679048538208008,11.310490608215332,11.735435485839844,7.8756256103515625,13.472066879272461,-2.2141220569610596,5.590560436248779,1.5235484838485718,7.4191575050354,-0.9225682020187378,2486.0099199626684,5797.288135213589,0.08126299096903669,0.19040252268314362,0.3541323244571686,0.45424872636795044,0.6860766410827637,0.4012836515903473,0.30793705582618713,0.34723174571990967,0.38354721665382385,0.5401262044906616,0.425942599773407,0.3908350467681885,0.32286274433135986,0.30931296944618225,151.99908088235293,20.680391893750496,14.299051915650985,16.983702272576892,18.52410456360357,16.684395595334795,17.148531168919664,17.809336956040752,jazz
-260.92547607421875,138.53469848632812,-16.334735870361328,49.14583206176758,-5.2526445388793945,19.349971771240234,2.2014172077178955,5.547832012176514,-7.881401538848877,-0.2059129774570465,-1.6223300695419312,-1.726784586906433,3.9365222454071045,1193.6599936500752,2479.890572886456,0.042435530259087396,0.06975037604570389,0.24650539457798004,0.27663516998291016,0.2585699260234833,0.2870720624923706,0.2407049983739853,0.22639738023281097,0.23005996644496918,0.23037251830101013,0.31133151054382324,0.3678901493549347,0.35657933354377747,0.2552936375141144,95.703125,16.982925069571362,20.400003033974205,22.17957085428605,20.462415773307065,17.675270576999168,17.870930285078973,21.395331264198777,jazz
-91.53225708007812,82.66671752929688,12.093825340270996,36.69266128540039,-0.7732234001159668,13.448074340820312,5.6481614112854,9.667837142944336,-3.743504524230957,1.8151720762252808,1.5047321319580078,1.2590991258621216,0.8051053285598755,2289.4808402193494,5243.550127456044,0.07725502618178325,0.18829980492591858,0.4378190040588379,0.36273154616355896,0.42902740836143494,0.3773382306098938,0.387843519449234,0.39249661564826965,0.33388546109199524,0.398027241230011,0.3264578878879547,0.34666287899017334,0.26541298627853394,0.3392009437084198,107.666015625,21.876125980325565,16.78915450689526,20.985006917040067,19.703748409079576,19.29481607095364,19.508366817415425,18.07930574637677,jazz
-141.05447387695312,110.75529479980469,-27.479686737060547,51.97261047363281,-8.65980052947998,28.61281967163086,-1.6032471656799316,9.65611743927002,-11.17746353149414,6.51175594329834,-9.409138679504395,-0.12349937856197357,-4.926243305206299,1804.7976374158895,3646.755365429234,0.07952338009957463,0.13001708686351776,0.2585233151912689,0.16909392178058624,0.22404004633426666,0.41297850012779236,0.3530203402042389,0.4651479721069336,0.28718021512031555,0.3269363343715668,0.44177737832069397,0.28513702750205994,0.293059766292572,0.22317497432231903,99.38401442307692,16.966792668434124,17.376606219571308,21.21257866557621,21.602341723803878,21.39661017478479,20.560946933972872,23.341997466297837,jazz
-260.3805236816406,180.59884643554688,-15.35195541381836,48.5430793762207,-0.0777212604880333,5.433352947235107,6.595534801483154,-9.157925605773926,-10.286931037902832,-2.9881863594055176,-5.819793701171875,-2.928515672683716,-3.620267391204834,871.7965368873743,1632.701418847883,0.03777854311678268,0.09146158397197723,0.4027560353279114,0.23674921691417694,0.323110431432724,0.20800665020942688,0.274050772190094,0.20396505296230316,0.18809083104133606,0.2358066886663437,0.193603977560997,0.3006191849708557,0.2575320899486542,0.35060030221939087,123.046875,16.89362850368818,19.922356687335586,23.85010035248171,22.62192880324004,21.53861303180316,22.432537161976743,15.915145187571579,jazz
-37.92366027832031,65.09797668457031,14.327613830566406,21.301477432250977,7.493530750274658,6.316901206970215,1.9001935720443726,6.557405471801758,-2.9158833026885986,5.56787633895874,2.443056583404541,2.996021270751953,0.5928095579147339,2976.3136721854653,6860.818077674279,0.11474045973557692,0.19825299084186554,0.3166907727718353,0.3161157965660095,0.3911256790161133,0.3976046144962311,0.4106210470199585,0.4238133728504181,0.38542452454566956,0.3955027461051941,0.3860520124435425,0.31810954213142395,0.3127084970474243,0.4200618267059326,123.046875,21.48238394363317,13.37848637219863,18.01091136188961,19.085834592334045,18.388802130999803,17.8045447868679,17.609077068837678,jazz
-248.0406494140625,125.9637222290039,-12.627049446105957,30.244604110717773,-1.0868209600448608,-2.223785877227783,1.9342353343963623,0.23698270320892334,2.6991629600524902,-4.412510395050049,-6.465382099151611,-6.510919094085693,-3.99531888961792,1378.6753716271073,2584.991922400667,0.06185877682714617,0.07809878140687943,0.3510342240333557,0.30998486280441284,0.2553703784942627,0.24135370552539825,0.13533927500247955,0.1571459323167801,0.12692441046237946,0.2109181433916092,0.23936890065670013,0.21146781742572784,0.35254886746406555,0.21811902523040771,95.703125,20.616143006160495,22.3434988507327,24.99720404200103,24.47540016975787,23.085554127355856,20.943452781500216,16.75812671614124,jazz
-190.61761474609375,144.0196075439453,-28.387868881225586,33.79656982421875,-1.2907626628875732,-2.2981574535369873,-5.647254467010498,-3.646697759628296,-10.532907485961914,-2.8500466346740723,-7.704916477203369,-8.587103843688965,-5.302704334259033,1545.8301777915788,2722.1682519757833,0.099600311774942,0.08052967488765717,0.30893924832344055,0.323661208152771,0.44823095202445984,0.24322660267353058,0.2746896743774414,0.39696285128593445,0.20401781797409058,0.3057272732257843,0.24799607694149017,0.379619836807251,0.4905320405960083,0.24544882774353027,123.046875,16.941114622418187,13.133532170359596,18.33930596811407,20.487533549687573,22.08712815756223,21.879367737503493,16.605729844319278,jazz
-179.79295349121094,114.697998046875,28.397092819213867,36.05839920043945,11.135540008544922,12.761848449707031,3.7982709407806396,8.4786958694458,-0.06284362077713013,5.388268947601318,1.0202453136444092,2.6880953311920166,-3.727062940597534,1391.5959542659566,2913.9606228877096,0.03801713930407464,0.1822865903377533,0.2856657803058624,0.2778463363647461,0.3944612443447113,0.3614110052585602,0.29226478934288025,0.32402557134628296,0.2809140980243683,0.406467080116272,0.3164103329181671,0.25503259897232056,0.3215462863445282,0.2798898220062256,107.666015625,20.71640368485245,17.470297509433582,22.64868057856197,20.686904951512844,17.92644735317661,16.644209658601994,16.38372548106671,jazz
-190.406494140625,129.51292419433594,-7.829625129699707,20.722414016723633,2.199653148651123,7.790332317352295,6.186309337615967,1.3470622301101685,-1.5960288047790527,2.017077922821045,-1.9909496307373047,1.1614683866500854,-1.3529067039489746,1427.9245373060999,2730.2785922092517,0.05241074233855375,0.10660699009895325,0.24361446499824524,0.2690722942352295,0.2705267369747162,0.28413528203964233,0.2544788122177124,0.41896292567253113,0.289172500371933,0.32447558641433716,0.273830771446228,0.24970445036888123,0.2989095449447632,0.2420826107263565,95.703125,19.839232644153295,19.066983574237597,22.862874601296557,23.218545611533646,20.50165208581825,17.407072375355316,14.828069751358214,jazz
-23.7930965423584,82.98355865478516,2.320492744445801,29.463279724121094,6.617260932922363,6.476667404174805,-0.7065421938896179,6.221643924713135,-3.372559070587158,5.657924652099609,-0.36495134234428406,3.1989357471466064,-0.21585415303707123,2455.008879715117,5469.5079601460575,0.09425926647640061,0.23172186315059662,0.44040921330451965,0.4235379993915558,0.3765748143196106,0.41768714785575867,0.34067991375923157,0.3923649191856384,0.3842996060848236,0.4198932945728302,0.3651817739009857,0.30050957202911377,0.291434645652771,0.2924593389034271,172.265625,20.011772767025104,14.510114422676724,18.91495194331429,20.852344610901415,19.375918530814232,17.9035337931529,17.40151930768961,jazz
-168.13131713867188,108.28004455566406,-14.153984069824219,30.439228057861328,3.8875536918640137,4.680405616760254,3.1929495334625244,1.9267529249191284,-1.1429433822631836,0.2342340499162674,-5.252840518951416,-2.5567290782928467,-7.226263523101807,1725.6171874007612,3504.599586716937,0.06751573980085074,0.097770556807518,0.39287564158439636,0.2398277372121811,0.177088662981987,0.1677650809288025,0.24662479758262634,0.35940420627593994,0.25529587268829346,0.3614374101161957,0.3392854630947113,0.2521795332431793,0.3142271637916565,0.3225332200527191,151.99908088235293,19.678834699441662,20.406148545689295,23.026598899511033,22.337837222341452,20.894885782849993,19.231374801675027,16.584979377990614,jazz
-50.61581802368164,85.0483169555664,3.5498576164245605,22.80669403076172,-1.5829428434371948,6.116533279418945,2.3547205924987793,3.650803804397583,-1.8693411350250244,4.322984218597412,1.0399417877197266,0.7945604920387268,-0.7855246067047119,2481.5395079724226,5553.985987672018,0.09874629682721713,0.1624288260936737,0.34141337871551514,0.3951537311077118,0.47092968225479126,0.3975238502025604,0.4220127463340759,0.4714680314064026,0.3591727018356323,0.3739815056324005,0.32296934723854065,0.3745346665382385,0.35082077980041504,0.3139098584651947,123.046875,19.06804331419426,13.503121317491074,17.26054932346632,18.20806808152808,17.61076239373302,16.910787926620273,16.171165752221523,jazz
-69.57057189941406,125.9927749633789,-5.150373935699463,30.774839401245117,8.313545227050781,5.0850725173950195,-3.9134469032287598,5.374506950378418,-10.777910232543945,9.031307220458984,-8.259540557861328,4.789565563201904,-5.124674320220947,1574.959956587146,3339.64492550029,0.055842305926140756,0.21198919415473938,0.4347445070743561,0.3431782126426697,0.4003198742866516,0.3366056978702545,0.3660542070865631,0.36703452467918396,0.34100237488746643,0.5682916045188904,0.41100144386291504,0.4215610921382904,0.28918302059173584,0.27910929918289185,103.359375,19.250913824150288,14.61483104245368,18.556831618407976,18.008165072679542,19.377473711594387,20.041425507495912,20.115057956785243,jazz
-235.76547241210938,144.7672882080078,-22.573074340820312,62.554107666015625,-9.306330680847168,2.031491994857788,-0.33484920859336853,1.9981358051300049,5.536538600921631,0.3064749240875244,9.452853202819824,2.9002881050109863,2.563638925552368,1337.777103820417,2754.5096908533933,0.07649135368329467,0.08223485201597214,0.2853744924068451,0.23614130914211273,0.18812789022922516,0.27551400661468506,0.24711836874485016,0.32777655124664307,0.20390968024730682,0.2217675745487213,0.30308616161346436,0.21596841514110565,0.2428673803806305,0.22428588569164276,99.38401442307692,15.671985926134871,14.551966830448157,21.597238109792947,20.274159650437856,21.831922474872595,21.341602451674866,17.888740208919426,jazz
-118.44430541992188,122.29463195800781,-12.950322151184082,26.842342376708984,4.370559215545654,6.896610260009766,-6.817065238952637,-0.39578500390052795,-8.276582717895508,-5.027433395385742,-4.359355449676514,0.33117374777793884,-4.525175094604492,1579.597166735635,2967.9326156897046,0.0883246111723543,0.17286154627799988,0.35169944167137146,0.21720179915428162,0.25218915939331055,0.2860172986984253,0.18152040243148804,0.29453450441360474,0.22058896720409393,0.3543417453765869,0.19519968330860138,0.26920226216316223,0.30433058738708496,0.16626060009002686,129.19921875,18.677237478007445,19.063250236076986,24.601532603636144,25.176226237048702,24.499242729976167,21.792048146481932,18.96171194600314,jazz
-177.2892303466797,144.3210906982422,-17.24831771850586,55.66754913330078,-21.235042572021484,0.3485291302204132,-1.5764662027359009,-10.412311553955078,-5.180942058563232,-0.5102531313896179,-8.733681678771973,3.8595125675201416,-7.960700988769531,1353.9940370892978,2830.3671852341936,0.054932207076566125,0.13801786303520203,0.3483828008174896,0.27659282088279724,0.15279683470726013,0.19406795501708984,0.16638126969337463,0.1958089917898178,0.22377565503120422,0.27439722418785095,0.33133041858673096,0.23174546658992767,0.20376060903072357,0.2415468394756317,103.359375,14.253363775546097,19.181528328763765,23.565894012411647,21.595059103303555,19.74619960583987,21.736439102517814,17.66080056960397,jazz
-204.4041748046875,138.5618896484375,-10.771317481994629,46.531646728515625,-22.296581268310547,9.67400074005127,-11.094680786132812,-17.79281997680664,-7.586766242980957,-1.6089341640472412,-7.659106254577637,-1.028054118156433,-9.978246688842773,1382.8810942210137,2833.0734075913574,0.06120433645108275,0.0994938388466835,0.23492087423801422,0.18788078427314758,0.27191680669784546,0.2841823697090149,0.27633634209632874,0.37489423155784607,0.30896320939064026,0.3284609615802765,0.2035825252532959,0.2785903811454773,0.3530661463737488,0.31965065002441406,129.19921875,15.872577157996483,18.303638954080572,22.27828051564828,22.072924194864395,21.10236389485744,20.865101032644205,19.594634245450692,jazz
-159.17877197265625,92.01376342773438,-16.731046676635742,27.372528076171875,6.10861349105835,3.2374398708343506,7.151188850402832,4.0272979736328125,3.5904977321624756,3.5372068881988525,-0.5802279710769653,-3.720458507537842,-4.718692302703857,2011.3793005237949,3914.071846450841,0.08750241686001546,0.11173481494188309,0.2917769253253937,0.21536020934581757,0.25837764143943787,0.24845042824745178,0.27094167470932007,0.2113979309797287,0.2226695567369461,0.37796008586883545,0.2522223889827728,0.320635050535202,0.18811428546905518,0.1930791288614273,151.99908088235293,19.092723886945812,18.875582247658265,22.010858268999968,25.013074290634147,22.107336959131008,20.495561145255813,16.677720423185995,jazz
-237.8958282470703,155.8455810546875,-9.223944664001465,13.184576988220215,6.604550361633301,8.891063690185547,3.9869585037231445,0.26179376244544983,1.750625729560852,3.3565165996551514,1.183976173400879,3.619755506515503,1.1614974737167358,1117.2614806332522,1956.4655348209108,0.05004033135150812,0.08647344261407852,0.2508203685283661,0.2503623962402344,0.43337586522102356,0.3339449465274811,0.32777586579322815,0.2611609697341919,0.18301339447498322,0.2797248363494873,0.22746914625167847,0.2973567247390747,0.26844164729118347,0.20506079494953156,103.359375,20.96905855138599,18.33168862406009,23.143409595215815,23.49736424020183,23.449875815561924,19.391570219049736,15.151114531573006,jazz
-228.37425231933594,170.4156036376953,-16.073596954345703,43.94548034667969,1.0996211767196655,3.997020959854126,1.0797171592712402,-7.204537391662598,-12.516270637512207,-4.418201923370361,-6.061727523803711,-1.3315175771713257,-3.1522164344787598,971.5184947924256,1795.6992731293503,0.04257072336620263,0.1003023236989975,0.37973180413246155,0.27892133593559265,0.19814221560955048,0.2568199336528778,0.2649054229259491,0.2099859118461609,0.17925018072128296,0.35773271322250366,0.33692386746406555,0.26701661944389343,0.29632568359375,0.3013156056404114,123.046875,17.00508088199186,19.94873541865039,23.53397659594132,22.19872823309205,21.70903293435335,21.041671810028465,16.081228131756877,jazz
-202.8218231201172,145.7447052001953,-23.561141967773438,47.84892654418945,-14.353487968444824,1.6448873281478882,-7.065910816192627,-11.128286361694336,-4.604305744171143,-3.609320640563965,-3.7902679443359375,2.0428383350372314,0.8476410508155823,1336.3546002724486,2751.88673687645,0.058720635150812064,0.11046992987394333,0.25835269689559937,0.19230780005455017,0.19243957102298737,0.35072484612464905,0.22349174320697784,0.2716911733150482,0.24906054139137268,0.2547616958618164,0.2189631313085556,0.1958416849374771,0.3508940041065216,0.24661917984485626,107.666015625,15.931359194173128,15.742277494569992,21.338727652349082,19.56453789811898,21.235049050723966,21.107187462750417,17.413376083620054,jazz
-84.05484008789062,63.09341049194336,5.613018989562988,24.932239532470703,6.194792747497559,-2.91025447845459,-0.369389146566391,-1.0819332599639893,-4.248424530029297,-2.3233377933502197,1.5739508867263794,1.9415085315704346,1.5482017993927002,2967.826756749952,6414.7878412304235,0.12970003746133024,0.1331322193145752,0.5499796271324158,0.3161851465702057,0.3325721025466919,0.2552160620689392,0.3016919195652008,0.3206561505794525,0.3098958730697632,0.40676602721214294,0.3148873746395111,0.3375847041606903,0.27111244201660156,0.2704434096813202,112.34714673913044,20.73119696531731,15.686871243597881,20.82474382440629,20.453613953556975,20.36394192831233,19.554320351492713,17.368249251189365,jazz
-149.2064208984375,79.08023834228516,2.012953996658325,27.60314178466797,0.3204934000968933,1.7403430938720703,-3.607898712158203,-0.16264431178569794,-5.034276485443115,1.2452917098999023,1.1467863321304321,-0.6147797703742981,1.8223751783370972,2415.076791967096,5136.026999347448,0.09553696587393658,0.11266223341226578,0.22187168896198273,0.23622451722621918,0.47956404089927673,0.302408367395401,0.4053471088409424,0.2799459397792816,0.26533591747283936,0.3998219668865204,0.2376122921705246,0.21130314469337463,0.22575408220291138,0.27367785573005676,83.35433467741936,21.433127155113937,18.61993072974528,22.438311759851942,22.085509744256942,21.57307515604976,21.23814689762273,18.741952444539372,jazz
-78.20655822753906,63.23094177246094,-1.6779568195343018,21.020950317382812,4.460012435913086,-3.5970637798309326,-1.560111165046692,-3.0758893489837646,-6.07666015625,-1.953725814819336,1.7829205989837646,-1.2087538242340088,0.9477779865264893,2902.237371028965,6196.799548651392,0.12648901235015467,0.1468888521194458,0.3851427733898163,0.25358524918556213,0.2846479117870331,0.3600445091724396,0.28319501876831055,0.41046249866485596,0.25308603048324585,0.3362855911254883,0.256281316280365,0.25817355513572693,0.2518455982208252,0.19080054759979248,103.359375,22.305592311037923,16.12314696247939,22.186691406549002,21.231783204051382,20.898944796832843,20.08370311890005,17.417058617624082,jazz
-154.33811950683594,110.6782455444336,-22.296112060546875,21.155048370361328,4.2708611488342285,4.751123905181885,-4.084910869598389,-1.01392662525177,-6.408746719360352,-9.24310302734375,-3.6306064128875732,-5.505904674530029,0.538992702960968,1733.7356811346049,3379.9718020410382,0.06870037884280743,0.1190984845161438,0.42080992460250854,0.30744338035583496,0.41178154945373535,0.3118182420730591,0.39170441031455994,0.2490236759185791,0.17939993739128113,0.2924264967441559,0.25351959466934204,0.28188058733940125,0.19736360013484955,0.34143486618995667,117.45383522727273,26.30885292135909,20.55584734105821,23.71016553921641,23.40093677707136,21.789699364353947,19.28901110958341,17.45199704516427,jazz
-77.04768371582031,64.53717803955078,-2.8516345024108887,28.523897171020508,4.689330101013184,-2.8045923709869385,-5.941857814788818,1.9067208766937256,-5.199493885040283,-2.3196470737457275,-2.9380128383636475,-6.152337551116943,-0.7627094984054565,2777.8434123208845,5813.698384933295,0.1308816554282676,0.1457161009311676,0.2684309780597687,0.256277471780777,0.3228982090950012,0.277794748544693,0.3717002868652344,0.4016522169113159,0.25087571144104004,0.24881821870803833,0.28486278653144836,0.48005467653274536,0.32346248626708984,0.20226077735424042,135.99917763157896,22.26692915607779,14.503275142746231,21.233460827727036,20.759761337308365,22.095026442405278,21.20938720045751,18.93497084740578,jazz
-141.47613525390625,70.876220703125,-0.5249312520027161,33.5633659362793,1.4298356771469116,-9.165379524230957,0.7725241780281067,0.5435524582862854,-9.180862426757812,-2.5613811016082764,4.068378448486328,-2.2332980632781982,-0.6956007480621338,2503.5410170407163,5155.861527515951,0.09586928412606342,0.11916989088058472,0.27222922444343567,0.23656655848026276,0.3434000313282013,0.2709364891052246,0.3795444965362549,0.3355482816696167,0.237663134932518,0.22653162479400635,0.22458893060684204,0.3015534281730652,0.1869894117116928,0.17758697271347046,161.4990234375,22.999739223851638,18.363464886459216,23.270579598542366,21.930571519446143,22.60967539911196,21.801244804306652,17.603571372615633,jazz
-163.56101989746094,65.98094940185547,5.354575157165527,41.90309143066406,7.027951717376709,5.49821138381958,8.927303314208984,2.6824660301208496,-0.1786162406206131,5.162720203399658,10.48486328125,3.334359645843506,3.8368475437164307,2634.043115077565,5561.861495794664,0.1078452031370843,0.06982318311929703,0.29427826404571533,0.3729938268661499,0.21342380344867706,0.3360508978366852,0.3323971629142761,0.23975887894630432,0.3951563835144043,0.3442939817905426,0.33945417404174805,0.4754496216773987,0.3466266095638275,0.37089669704437256,107.666015625,23.06617145285719,17.000100425296594,22.09848500553943,22.164627147891583,21.080554084686867,19.925434934320922,17.863788856647783,jazz
-117.26822662353516,56.985897064208984,-2.1001880168914795,35.61149978637695,4.705522537231445,3.893765449523926,11.592540740966797,6.079530715942383,0.5825819969177246,2.2728044986724854,2.6990621089935303,-1.853266954421997,1.6794041395187378,3029.524006692204,6202.203666527697,0.14034857163573086,0.07571335881948471,0.3747040331363678,0.33801671862602234,0.3711491823196411,0.3177633285522461,0.39100730419158936,0.37546369433403015,0.32327917218208313,0.45818936824798584,0.44753605127334595,0.469880074262619,0.3256818950176239,0.2555381953716278,135.99917763157896,26.442066824275464,15.782316128660028,19.441022703273987,20.80531596930634,19.21807589759186,19.019120588323503,16.756489463756658,jazz
-228.3726806640625,67.55174255371094,37.07073974609375,21.323814392089844,17.059919357299805,10.132070541381836,10.780064582824707,8.017088890075684,2.043980121612549,0.2831209897994995,2.4854750633239746,3.843088388442993,1.5900073051452637,3026.5185290322397,7277.273396715487,0.10012748936581593,0.04322616755962372,0.47935062646865845,0.47601860761642456,0.6895288825035095,0.5267543792724609,0.45123663544654846,0.37620583176612854,0.35073208808898926,0.41831663250923157,0.3552764654159546,0.37228333950042725,0.3443189263343811,0.45950981974601746,117.45383522727273,18.741224232926783,14.854801291073057,18.690076747472258,18.934578104091266,19.299225519097067,17.27207686138095,17.643357502286143,jazz
-158.3534393310547,49.628299713134766,21.610637664794922,16.520689010620117,11.424400329589844,6.255048751831055,5.639000415802002,-0.1856411099433899,-0.23795129358768463,-1.9907087087631226,2.027147054672241,2.6864683628082275,-1.4627907276153564,3905.0663421586682,8036.631063297564,0.2066977988447409,0.04781808331608772,0.4687572717666626,0.36387720704078674,0.4669073224067688,0.3775673508644104,0.4413131773471832,0.41851428151130676,0.4412868320941925,0.4554734528064728,0.3178636431694031,0.3332640528678894,0.34620872139930725,0.387429416179657,99.38401442307692,17.851025231525714,14.434332844173158,18.097052087393966,17.884352815125915,17.795641979504314,16.79171013839425,16.35838325351495,jazz
-125.9823226928711,56.631195068359375,23.469533920288086,23.709396362304688,-0.2991615831851959,7.154332160949707,0.18178780376911163,-0.8391556143760681,-4.1526923179626465,-1.8885246515274048,2.5274884700775146,0.523857593536377,0.9215272068977356,3393.080458875416,7233.19944306482,0.14964517473897912,0.07430314272642136,0.34414345026016235,0.4529336392879486,0.5041472911834717,0.49592188000679016,0.5821706056594849,0.4347192943096161,0.40172263979911804,0.3942488729953766,0.3508831262588501,0.348201721906662,0.3650171756744385,0.4762253165245056,107.666015625,23.192863398252317,14.054927025191073,18.773809560128147,19.012350590976904,18.609374677850287,17.069491470791835,16.35985449803942,jazz
-178.03915405273438,61.93401336669922,1.4865071773529053,36.0452766418457,7.582726955413818,5.154582500457764,-0.90878826379776,2.9489564895629883,1.4483309984207153,2.1402084827423096,5.176123142242432,2.027972936630249,0.518192708492279,2875.155262931994,6139.435961517546,0.11831247281032482,0.05166333168745041,0.46984606981277466,0.4165073037147522,0.4476233422756195,0.38666650652885437,0.3678295612335205,0.3308272659778595,0.3682580590248108,0.4229036867618561,0.31326955556869507,0.4299453794956207,0.3819239139556885,0.3803381025791168,123.046875,21.29679895302755,14.875679541381183,20.972025358022588,19.585931270650676,19.15558078797685,18.04247052446288,16.42134436039959,jazz
-131.905029296875,61.607948303222656,-12.676340103149414,35.073760986328125,-2.1412582397460938,-0.9574647545814514,-4.841936111450195,-4.111721515655518,-3.2795612812042236,2.500875473022461,6.401213645935059,3.414421319961548,-2.899613618850708,2860.6831509039876,5605.1610535092805,0.14755912243812838,0.07137948274612427,0.31511402130126953,0.25115177035331726,0.2427540421485901,0.419271320104599,0.3309100568294525,0.543611466884613,0.48938676714897156,0.3041975200176239,0.2735150456428528,0.21238592267036438,0.30226024985313416,0.22057855129241943,161.4990234375,20.25751706863529,15.856663531337498,20.896201234528643,21.649798130637738,19.993635661354595,19.339143282238922,17.110765567342444,jazz
-156.65345764160156,22.76495361328125,10.47278118133545,24.154430389404297,10.140676498413086,2.9690420627593994,2.4916868209838867,0.4864096939563751,2.6901161670684814,1.2295191287994385,3.320345401763916,-7.813257694244385,1.1047310829162598,4135.738578404693,8257.483788156178,0.26163718097447797,0.0523834154009819,0.3183091878890991,0.22419525682926178,0.3583443760871887,0.33162596821784973,0.4434194266796112,0.2556073069572449,0.28571200370788574,0.5829824209213257,0.2658974230289459,0.34995824098587036,0.2868572473526001,0.3467479646205902,135.99917763157896,18.07113301964627,15.705701664372347,22.47492468023971,22.26670374387419,20.762617088306154,21.369969471664067,19.29567240400362,jazz
-340.921142578125,89.82105255126953,44.52626037597656,28.849882125854492,16.31269645690918,10.603151321411133,6.996852874755859,0.8387714624404907,6.085583209991455,7.125728607177734,5.425999641418457,2.725834608078003,9.359518051147461,1846.8634833838028,4332.179037213602,0.04283468979601701,0.04578752443194389,0.29969272017478943,0.39953961968421936,0.6988497972488403,0.49870216846466064,0.3416039049625397,0.24206939339637756,0.16020260751247406,0.21812541782855988,0.25822606682777405,0.3386457860469818,0.2893584668636322,0.3631783723831177,135.99917763157896,17.956835642488052,15.445534887211444,18.69363028354443,17.495135729243483,17.224771532591866,16.019884837884977,14.521778662616434,jazz
-192.53927612304688,80.96839904785156,25.694562911987305,18.53758430480957,14.170472145080566,1.2607204914093018,4.087108612060547,-1.416406512260437,2.669368267059326,5.248077869415283,3.723306894302368,0.2904212176799774,7.3350019454956055,2428.058768410789,5925.969141984484,0.069027032579273,0.09152035415172577,0.25322771072387695,0.22324056923389435,0.30730459094047546,0.27401524782180786,0.22784414887428284,0.3888939619064331,0.26865139603614807,0.3648488521575928,0.33672773838043213,0.30701929330825806,0.3477779030799866,0.19207164645195007,129.19921875,20.26182439710657,17.977030870118032,22.746401968331952,23.64601455989281,21.358022332812833,18.155077049545184,16.371668717735478,jazz
-322.434814453125,90.67423248291016,27.02073097229004,37.84382247924805,19.696077346801758,4.611148357391357,3.0710325241088867,7.974173545837402,1.9310688972473145,2.0824644565582275,0.4400312900543213,4.890437602996826,13.061074256896973,1787.7638893804722,3905.2287444714325,0.06275188212973705,0.04503297805786133,0.3960948884487152,0.3044074475765228,0.4276962876319885,0.279801607131958,0.2537347674369812,0.15842050313949585,0.14219582080841064,0.1882052719593048,0.2427421510219574,0.2683413028717041,0.27152562141418457,0.4329887926578522,117.45383522727273,21.463451377628182,19.184384818255765,25.343948273324987,21.856112083512993,22.207974960565338,19.254561099741625,16.197301032169154,jazz
-217.63108825683594,105.63394165039062,19.312328338623047,28.348390579223633,8.654818534851074,0.14195957779884338,6.365216255187988,-2.5406360626220703,-12.99041748046875,-11.146649360656738,-6.156669616699219,-7.739080429077148,0.42071104049682617,1875.1521594572132,4292.518307714618,0.054141818324632635,0.06135448068380356,0.27234119176864624,0.23668664693832397,0.486409455537796,0.2643081545829773,0.3180345594882965,0.4052068293094635,0.1721416860818863,0.13389404118061066,0.12536722421646118,0.29185783863067627,0.22209258377552032,0.3125118315219879,135.99917763157896,17.681232096755817,18.304018073425212,23.78853492316259,20.741919651445187,18.272713191201348,17.70376598429528,14.983716752665426,jazz
-299.3579406738281,60.76390838623047,32.084476470947266,25.69098663330078,7.444088935852051,-1.294514775276184,1.8584758043289185,5.254533767700195,-5.537014484405518,-3.092252254486084,3.6521975994110107,-2.301504373550415,0.8900210857391357,2959.1578862773017,6065.55192774797,0.15147972254447023,0.04091695696115494,0.27269256114959717,0.28840315341949463,0.22551120817661285,0.2717738449573517,0.24228951334953308,0.2376447468996048,0.15685969591140747,0.1766195297241211,0.22384428977966309,0.267116904258728,0.22058065235614777,0.1884918212890625,117.45383522727273,17.133417719601965,17.53670401644023,25.87289427000167,24.229742976959066,23.666603023768044,22.093939117240996,19.159985558153846,jazz
-294.05438232421875,84.63629150390625,39.07404708862305,28.610286712646484,14.117953300476074,1.0143455266952515,7.343283176422119,5.207617282867432,-3.7476375102996826,-5.045501232147217,2.2260773181915283,-0.5776969790458679,4.209762096405029,2215.267218635689,5026.545733033643,0.07547665011117556,0.05353498458862305,0.3040022850036621,0.2790672779083252,0.3535752296447754,0.3250983655452728,0.30063214898109436,0.16626013815402985,0.20671245455741882,0.36289727687835693,0.30048853158950806,0.16055291891098022,0.17678242921829224,0.30923864245414734,117.45383522727273,19.60748253287167,19.12698068210177,24.81821853119128,22.881936374711863,19.710614866794838,18.097992262891726,16.118403588358,jazz
-215.37060546875,100.93507385253906,17.10333824157715,12.981270790100098,16.05994987487793,4.768145561218262,4.571938514709473,-3.135014057159424,-4.152949810028076,-2.2979836463928223,-4.922636985778809,-3.3403124809265137,-1.419828176498413,2152.8430463253017,5015.7957851471865,0.08172045690738593,0.04528385400772095,0.3150695264339447,0.1921677440404892,0.19367563724517822,0.31300389766693115,0.2235269397497177,0.28897109627723694,0.24343733489513397,0.41460809111595154,0.3863116502761841,0.19783246517181396,0.2334958165884018,0.23238743841648102,112.34714673913044,23.93892614019328,17.25431180906383,23.924962066518244,23.278738305782728,22.83226471552421,19.898345306347416,16.697379605691058,jazz
-366.40802001953125,131.70680236816406,16.4924373626709,36.311737060546875,5.05856990814209,14.669264793395996,-6.169325828552246,4.7203755378723145,-9.589378356933594,-1.2988942861557007,-2.6979920864105225,1.5731223821640015,-2.2846932411193848,1077.2680007298757,2111.702776065835,0.04150088517498066,0.03976792097091675,0.2872285544872284,0.1999034881591797,0.3059605062007904,0.23871798813343048,0.43741777539253235,0.24338391423225403,0.17095880210399628,0.24454915523529053,0.17179855704307556,0.1809374839067459,0.1578284353017807,0.20950619876384735,123.046875,23.72425790496624,21.501666072115857,27.14129336706937,24.0927875274944,22.489804164375347,18.501947140554513,29.638715188133737,jazz
-219.79693603515625,100.83246612548828,-1.43135404586792,41.2765007019043,-0.9436150193214417,23.378520965576172,-11.509499549865723,20.01531410217285,-15.975561141967773,13.942784309387207,-7.988525867462158,5.734378814697266,-6.879344940185547,1854.6319159219006,4282.218009081352,0.06336251691802011,0.06815121322870255,0.36976757645606995,0.28167861700057983,0.40936779975891113,0.34258562326431274,0.3490108251571655,0.28343117237091064,0.2539040446281433,0.38478517532348633,0.29539403319358826,0.2732140123844147,0.24135997891426086,0.2518773674964905,117.45383522727273,25.446727744499526,18.18162627098414,21.651850562410843,22.38716629973416,22.36321290911093,18.9946342120074,38.2907763539777,jazz
-277.2662048339844,95.78777313232422,-2.948967456817627,43.9184684753418,1.9368113279342651,22.255891799926758,-6.1426472663879395,22.45783042907715,-12.839391708374023,10.778210639953613,-7.53352165222168,3.5946450233459473,-5.0788702964782715,1873.8376247337076,4008.739667923434,0.07771677723801237,0.044383853673934937,0.2758660912513733,0.196408212184906,0.26960963010787964,0.2975991368293762,0.2645409405231476,0.38858699798583984,0.2546841502189636,0.24308201670646667,0.25044670701026917,0.2605217397212982,0.5685629844665527,0.3160049319267273,135.99917763157896,23.08797139041626,17.889312181365664,22.94921277972873,23.56436120456872,23.75016310332017,20.49158035966096,36.62503928071471,jazz
-413.57647705078125,118.27752685546875,31.093847274780273,40.15021514892578,13.094316482543945,13.939774513244629,-3.7187623977661133,4.747172832489014,-9.887994766235352,-3.066446542739868,-6.28899621963501,-3.619384288787842,-5.270100116729736,1176.326568022795,2344.729338112674,0.039907645736658934,0.021176667883992195,0.17542915046215057,0.23192712664604187,0.19195730984210968,0.22957269847393036,0.1947127878665924,0.19869190454483032,0.18008027970790863,0.24040587246418,0.3093101680278778,0.34757405519485474,0.23774228990077972,0.1516159325838089,112.34714673913044,20.75508766447898,20.899905399540838,28.400839354048355,23.356783798430204,18.92396370088222,16.799196030545023,28.250942374410904,jazz
-222.9956512451172,102.87129974365234,-1.6640549898147583,45.214290618896484,-6.754358768463135,25.36249542236328,-14.371585845947266,24.24986457824707,-10.413200378417969,11.150229454040527,-9.152708053588867,6.629903316497803,-7.827207565307617,1885.6190151488076,4357.001341357309,0.058131147887664346,0.06013377755880356,0.37657955288887024,0.3806866407394409,0.42349839210510254,0.33604416251182556,0.29952943325042725,0.31347420811653137,0.31372255086898804,0.2911580502986908,0.2769804298877716,0.32072964310646057,0.29110246896743774,0.31042933464050293,161.4990234375,25.635509869645816,17.580665984612367,20.075602477791303,20.8478668029651,20.100449090803956,17.6755658885795,37.869732176002735,jazz
-315.0382385253906,112.7200927734375,9.75959300994873,38.984004974365234,3.9417922496795654,20.022207260131836,-7.214859485626221,15.278688430786133,-13.67844295501709,10.154261589050293,-4.878445625305176,4.7041120529174805,-2.7004828453063965,1492.5309939204085,3377.149003951566,0.046179019842420725,0.03925510123372078,0.3397635519504547,0.19819502532482147,0.2240874171257019,0.36531561613082886,0.30030325055122375,0.2985173463821411,0.3030693233013153,0.4620610177516937,0.3376869261264801,0.23839132487773895,0.25407975912094116,0.22984090447425842,135.99917763157896,22.920482955177693,17.366266890072353,22.512967388277993,21.803629621666314,21.77844026289196,19.57593155951339,34.17801086557537,jazz
-52.940303802490234,50.09012985229492,-11.4912691116333,46.32493209838867,6.543001174926758,10.116377830505371,5.485528469085693,8.84489917755127,5.929942607879639,6.6251540184021,-4.033034324645996,9.778292655944824,-3.117231607437134,3274.50233695886,6408.00146824246,0.18301936811194897,0.11605347692966461,0.531740665435791,0.5320149660110474,0.6489441394805908,0.48088857531547546,0.4520881175994873,0.45191317796707153,0.4155397117137909,0.5485609769821167,0.4263313114643097,0.43660566210746765,0.4704267084598541,0.45739495754241943,95.703125,15.35640939462064,14.39293117034341,17.755531991738163,17.321057662861893,15.997722369609935,17.223609875809483,31.748383305356928,metal
-80.1985092163086,64.84029388427734,-15.457801818847656,46.84581756591797,7.914340496063232,21.768800735473633,-2.1780025959014893,21.98413848876953,-7.71354341506958,11.146056175231934,-4.287238597869873,11.445662498474121,-10.3648681640625,2922.9188114176472,6037.132429578742,0.1528407168406806,0.09723436087369919,0.4293006956577301,0.5540930032730103,0.5102247595787048,0.5750861763954163,0.45433923602104187,0.4514894187450409,0.46406233310699463,0.404827743768692,0.45336753129959106,0.450913667678833,0.5069907903671265,0.46793514490127563,151.99908088235293,19.403412969621684,14.160665705447757,16.154381284171148,16.491336397305048,16.42877880582829,16.42094031022243,41.4818001402633,metal
-62.23499298095703,115.17359161376953,-42.7843017578125,54.301395416259766,-24.871057510375977,20.127164840698242,-21.635332107543945,20.841629028320312,-8.395901679992676,20.32246971130371,-10.730716705322266,9.666507720947266,-14.542503356933594,2198.9192293914725,4447.472436466793,0.12834093133700697,0.1327282339334488,0.37112897634506226,0.4286954998970032,0.385833740234375,0.3423111140727997,0.45944923162460327,0.4195077121257782,0.5618706941604614,0.5057576298713684,0.46480193734169006,0.47979220747947693,0.3829672932624817,0.3910365700721741,112.34714673913044,21.241999564860016,13.811020681552414,16.042782890696817,17.40091445642022,16.518180344934933,17.12733979923774,41.10462359170517,metal
-43.09596252441406,75.37248992919922,-47.82330322265625,53.02225875854492,-12.325953483581543,36.862831115722656,-8.285683631896973,28.386371612548828,-14.524614334106445,22.091655731201172,-7.344943523406982,15.974337577819824,-13.127126693725586,2752.2932207719223,5234.80827880293,0.16667346408546016,0.15011945366859436,0.3994632065296173,0.39674001932144165,0.42075130343437195,0.46804532408714294,0.6151440739631653,0.5249314904212952,0.43126147985458374,0.5243726372718811,0.5977610349655151,0.6141311526298523,0.446249783039093,0.4130430817604065,99.38401442307692,17.90159013702515,14.624015637575958,16.620956713303684,16.555356740823903,15.511799801609932,16.9343675650999,43.76737428215368,metal
-107.1585693359375,47.660118103027344,-8.623368263244629,38.40495681762695,8.464611053466797,9.544071197509766,1.011234998703003,20.752397537231445,0.7103534936904907,11.781386375427246,1.1649986505508423,11.065438270568848,-2.5376551151275635,3403.076270500999,6902.990354462732,0.19235071357791958,0.06343695521354675,0.5873934626579285,0.6252648234367371,0.6551108360290527,0.5918682217597961,0.5854509472846985,0.6593960523605347,0.603722870349884,0.6508604884147644,0.6981495022773743,0.7171770334243774,0.6510281562805176,0.5914767980575562,135.99917763157896,19.542086855152956,13.051032974430305,14.005137940834944,14.492010400921679,15.873422867166672,15.9741734677764,36.535757092922005,metal
-79.60579681396484,93.46551513671875,-27.727807998657227,64.06657409667969,-18.799423217773438,23.316314697265625,-10.544774055480957,13.3568115234375,-17.534975051879883,16.38961410522461,-10.039801597595215,8.944684982299805,-16.075159072875977,2464.5835110221637,4952.087147440545,0.13431926116589327,0.12173561006784439,0.35933932662010193,0.3713649809360504,0.486592561006546,0.4080365300178528,0.40643975138664246,0.36814945936203003,0.4144413471221924,0.5410574674606323,0.4569782018661499,0.4665142297744751,0.38769662380218506,0.40468037128448486,151.99908088235293,19.21653799820174,15.486666620414773,16.357089411336577,16.26793016637577,15.91102911357005,17.40095648207652,40.89787359167036,metal
-140.77430725097656,55.938419342041016,-12.305975914001465,44.334285736083984,-10.598108291625977,10.867341995239258,-0.9454208612442017,22.247180938720703,-9.377723693847656,15.238384246826172,-3.057163953781128,9.061382293701172,-8.799073219299316,3237.0244682555635,6228.183401156468,0.1980427965487239,0.05043604597449303,0.3460339307785034,0.3539111614227295,0.33965516090393066,0.46343034505844116,0.43104755878448486,0.590579092502594,0.48501625657081604,0.4341258704662323,0.539092481136322,0.4192793667316437,0.4624558389186859,0.342676043510437,123.046875,20.257098676402205,14.519068678994753,17.935466752789576,19.160763735930068,19.00764813301489,18.276025801559236,40.08849129580221,metal
-108.10115814208984,65.76789855957031,-20.839345932006836,47.55382537841797,0.8670945167541504,8.987105369567871,-3.201554536819458,20.969144821166992,-10.341167449951172,7.869069576263428,-8.12182331085205,12.040539741516113,-9.151337623596191,2939.593464244178,5806.928665621374,0.16831088674593966,0.06945513933897018,0.5236151218414307,0.5977526903152466,0.6534449458122253,0.5890310406684875,0.6256994009017944,0.5895875096321106,0.5275747776031494,0.6000053882598877,0.6913754343986511,0.6091155409812927,0.48623597621917725,0.4842694401741028,151.99908088235293,20.449685629130606,13.472444845596902,14.624060051869593,15.147003835639232,16.280410638561943,18.397797413258385,39.89893503227909,metal
-149.9958953857422,67.8711166381836,-6.662219524383545,32.076026916503906,6.094865322113037,12.234471321105957,9.144556999206543,10.183784484863281,3.7711596488952637,10.598272323608398,0.7679857015609741,7.718593597412109,-1.1560500860214233,2966.0022578655708,6189.363682297709,0.14056155742459397,0.058365825563669205,0.5081093907356262,0.4292689859867096,0.47738686203956604,0.505554735660553,0.6534092426300049,0.5277858972549438,0.45598873496055603,0.39995434880256653,0.30652111768722534,0.33935633301734924,0.40984365344047546,0.5866385698318481,117.45383522727273,21.749356383962393,14.607238153675684,18.110866914185298,17.63024482418469,17.730591200623152,18.688109471388106,29.542875979411992,metal
3.6384408473968506,104.7562026977539,-0.8330118060112,55.92049789428711,-29.229419708251953,31.24738311767578,-14.18906021118164,20.21432876586914,-8.272819519042969,15.177010536193848,-14.592083930969238,15.659340858459473,-12.991372108459473,2250.8283209687615,5112.253876794519,0.09464725928074245,0.31265729665756226,0.5583585500717163,0.5471135973930359,0.6457229852676392,0.5097205638885498,0.39822134375572205,0.46589937806129456,0.5296029448509216,0.4946586787700653,0.48222842812538147,0.5395200848579407,0.5471440553665161,0.6058276295661926,112.34714673913044,20.153452899357095,12.065933856034334,15.331814412402425,16.5047315969152,15.32292163956544,15.47329301609644,43.915410898751034,metal
-58.74718475341797,70.53280639648438,-19.414592742919922,73.59739685058594,-27.754701614379883,23.767187118530273,-17.899993896484375,21.221153259277344,-16.954805374145508,16.12974739074707,-15.227396011352539,14.87098503112793,-18.699234008789062,3048.9220500098186,5663.032577762471,0.19649222979505027,0.11807426810264587,0.5420016050338745,0.5038297176361084,0.5052334666252136,0.4858092665672302,0.4923737645149231,0.501227617263794,0.6155632734298706,0.637840986251831,0.5697830319404602,0.5520943999290466,0.5414182543754578,0.55598384141922,129.19921875,21.768897191685515,13.619858268252372,14.619065247250276,14.651739932369075,15.102949654820538,16.329003703134617,43.4318690280772,metal
8.767136573791504,82.82857513427734,-30.575233459472656,66.71375274658203,-16.364315032958984,16.56509017944336,-10.755586624145508,29.541244506835938,-25.093517303466797,16.819787979125977,-11.389716148376465,12.785202980041504,-13.344586372375488,2699.8589074887423,5157.318724169809,0.1714403428315932,0.23059022426605225,0.40858662128448486,0.4278409481048584,0.43762797117233276,0.5762585401535034,0.5699747204780579,0.518970251083374,0.538536012172699,0.6778837442398071,0.6522213220596313,0.4587552547454834,0.44752028584480286,0.4179033637046814,112.34714673913044,20.547747135395753,12.424763953789151,15.067314866295016,15.768067328841171,15.921802431841904,18.13433194055549,45.35794136331541,metal
-64.16983032226562,74.51786041259766,-45.95962142944336,65.8748550415039,-14.65612506866455,23.850360870361328,-13.768389701843262,37.75473403930664,-10.581907272338867,21.380353927612305,-9.340068817138672,17.906585693359375,-10.783355712890625,2803.074835916438,5262.3867663319315,0.1768272972254447,0.11425507813692093,0.6543589234352112,0.6470445990562439,0.6054472923278809,0.5356045961380005,0.6541062593460083,0.6233941912651062,0.5909422039985657,0.6124284267425537,0.6146572828292847,0.5649147033691406,0.5319158434867859,0.625374436378479,123.046875,21.407540299389183,13.55297087383882,14.597868467326009,14.968734071783999,16.33616790806106,16.9889755758079,42.57334699684307,metal
-84.9103012084961,64.64409637451172,-36.3244743347168,65.3685302734375,-13.865839004516602,22.854402542114258,-15.553912162780762,36.28620910644531,-13.659295082092285,21.25470733642578,-9.240200996398926,19.16221809387207,-10.595865249633789,3047.617764168932,5735.609297962587,0.20352264899941996,0.08627960085868835,0.5960687398910522,0.6390540599822998,0.6844150424003601,0.5854604244232178,0.6677007079124451,0.7021045088768005,0.6307989358901978,0.6769261956214905,0.6998230218887329,0.6381477117538452,0.5719805359840393,0.5426397919654846,135.99917763157896,20.38725669062623,13.079341429052114,13.961115846022905,14.168295786440575,16.088979204087615,16.234826656364948,42.65058604151699,metal
-117.90599822998047,65.43347930908203,-51.41981887817383,74.08294677734375,-13.75441837310791,25.731510162353516,-13.124017715454102,32.21792984008789,-10.338712692260742,21.697439193725586,-7.793971538543701,12.340984344482422,-14.446544647216797,2877.5418766654234,5198.586533407048,0.18525232018561485,0.0775434672832489,0.5450292825698853,0.5787039399147034,0.5793807506561279,0.5632209181785583,0.6008368730545044,0.5777426362037659,0.6434813737869263,0.6043499112129211,0.5037363171577454,0.3979993164539337,0.45579349994659424,0.5815911293029785,151.99908088235293,21.989275292458792,15.564137729303901,15.665428640940892,16.8559315670492,16.70310675317137,17.86804847110583,40.86959053945127,metal
-76.82907104492188,68.00132751464844,-11.25452709197998,76.37179565429688,-17.477230072021484,25.340322494506836,-17.897216796875,20.36890983581543,-21.417898178100586,14.218315124511719,-15.766987800598145,12.519556999206543,-18.50328826904297,2986.8439274816596,5817.953399162558,0.16920927892981438,0.11089659482240677,0.45560333132743835,0.366033673286438,0.40542179346084595,0.4740573763847351,0.5209504961967468,0.4653506278991699,0.5756768584251404,0.5987389087677002,0.511572539806366,0.4698044955730438,0.459258496761322,0.5184348821640015,129.19921875,21.111590341773358,13.719102026629722,15.742610534620345,14.388643960875221,15.47043003594129,15.868162893174864,43.06947595045532,metal
26.653409957885742,79.78971099853516,-52.05586624145508,51.31989669799805,-16.369468688964844,22.018020629882812,-17.463214874267578,30.917306900024414,-15.998285293579102,16.13170623779297,-12.19219970703125,11.308361053466797,-12.454751014709473,2743.501897552695,5129.681948774652,0.1795621253866976,0.2696269452571869,0.48670241236686707,0.5485913753509521,0.5200738906860352,0.5120002031326294,0.5186505317687988,0.4052404761314392,0.3524806499481201,0.4580231010913849,0.5383079051971436,0.6641556620597839,0.5784369111061096,0.4399915337562561,123.046875,22.72927155366605,13.372652441079978,14.047834280379098,15.534268237793075,15.504896809394012,16.692057640890084,43.21824814153904,metal
-75.53898620605469,81.8748779296875,-22.043092727661133,69.87399291992188,-11.727046012878418,25.740550994873047,-18.521591186523438,27.030561447143555,-14.075854301452637,22.139402389526367,-12.094864845275879,14.948556900024414,-13.51683235168457,2656.9415562858667,5327.1529124673725,0.15871519721577726,0.11373729258775711,0.4751550555229187,0.4469708800315857,0.5163278579711914,0.5819812417030334,0.6264346241950989,0.6025799512863159,0.6150858402252197,0.6003120541572571,0.5850091576576233,0.6096059679985046,0.6662610173225403,0.6482183337211609,107.666015625,13.546835034002923,13.349293103810693,13.654645824507917,14.10065582282403,14.59384751516416,16.202243873289323,42.879530199428594,metal
-76.37249755859375,123.2447280883789,-89.8650894165039,76.4212417602539,-21.255945205688477,22.292539596557617,-13.65278148651123,14.644065856933594,-6.30882453918457,9.905393600463867,-3.9231297969818115,5.3879618644714355,-2.4860637187957764,2291.710323082219,3886.018729154582,0.18026074898491878,0.11836016923189163,0.5556244850158691,0.7156305313110352,0.6398366689682007,0.5711612105369568,0.5142183303833008,0.45808711647987366,0.4440322816371918,0.5920512080192566,0.6703878045082092,0.5786986351013184,0.4673635959625244,0.45965561270713806,99.38401442307692,21.90088767340556,12.757946301391897,13.824805837901847,13.940118897927217,14.993013020505279,20.875511339061518,37.86359679307935,metal
-89.35648345947266,82.35881042480469,-23.250646591186523,68.10648345947266,-13.075439453125,22.445688247680664,-18.513551712036133,26.229427337646484,-14.345780372619629,21.501033782958984,-13.874236106872559,12.476177215576172,-14.113441467285156,2699.3192596794,5384.857899960121,0.16142736731438515,0.10085117816925049,0.4592054784297943,0.4579804241657257,0.49377378821372986,0.5473556518554688,0.5886266827583313,0.568495512008667,0.6083304286003113,0.5921131372451782,0.5472860336303711,0.5505088567733765,0.6476121544837952,0.6019400954246521,112.34714673913044,15.176090525569307,13.403026608161277,13.746177473326943,14.3190408953551,14.963612990240033,16.798151714981543,42.386993247526604,metal
-75.01481628417969,81.18275451660156,-20.20418930053711,68.3038330078125,-11.353893280029297,23.656469345092773,-19.828418731689453,24.192089080810547,-13.16445541381836,22.281841278076172,-11.552499771118164,13.555419921875,-15.050374984741211,2657.9674957731663,5358.286959831787,0.15234903688128384,0.11726672947406769,0.4011852741241455,0.40652891993522644,0.4494568407535553,0.45470166206359863,0.47893351316452026,0.48735830187797546,0.602619469165802,0.5714330077171326,0.5524833798408508,0.5312257409095764,0.5052794814109802,0.5108862519264221,99.38401442307692,14.83925725825853,13.881428363330937,14.461052576040833,14.408374582525283,15.077077477315543,16.489131732239468,43.049735912959825,metal
-76.30138397216797,61.76604080200195,-37.11394119262695,62.442501068115234,-14.82613754272461,34.56098937988281,-11.486592292785645,30.955881118774414,-12.274118423461914,22.304582595825195,-7.507652282714844,17.84062385559082,-11.123554229736328,3046.6375964393765,5734.984785110933,0.19154597471964424,0.10841584205627441,0.5728366374969482,0.4914616048336029,0.508493185043335,0.5166611075401306,0.5884086489677429,0.4832327365875244,0.5038365721702576,0.5717191100120544,0.5299807190895081,0.4687192142009735,0.4964866638183594,0.5752834677696228,107.666015625,17.606990306735007,14.963946445504167,16.710068169130693,16.332988384652932,16.233286372919284,16.578120589913354,43.911898233858935,metal
-45.85560607910156,107.99908447265625,-11.73764419555664,66.3268814086914,-30.206829071044922,9.242657661437988,-25.77802276611328,21.8715763092041,-17.935884475708008,10.272774696350098,-14.11247444152832,18.74616050720215,-14.231650352478027,2218.825904089443,4780.271171693736,0.10695209783449343,0.1987476497888565,0.2588634192943573,0.39178112149238586,0.3178071081638336,0.39597681164741516,0.6101874113082886,0.3188948631286621,0.24973136186599731,0.25602129101753235,0.43996402621269226,0.6745204925537109,0.3070559799671173,0.21916596591472626,135.99917763157896,22.58124196356578,14.685667729648873,17.0842928301724,17.392398643506226,16.652845863577962,18.027660894209454,45.24127996752623,metal
-43.797508239746094,82.77470397949219,-29.609189987182617,70.39717864990234,-21.58884620666504,31.14413833618164,2.0903713703155518,28.873167037963867,-2.6873273849487305,19.88248062133789,-6.934077262878418,19.12005615234375,-7.3687357902526855,2575.3453604073156,5056.738847701567,0.131706408908546,0.19521450996398926,0.6527073979377747,0.559360921382904,0.5546222925186157,0.5497828125953674,0.5483172535896301,0.5142402052879333,0.4447972774505615,0.5446652770042419,0.5411096215248108,0.4099561870098114,0.46254414319992065,0.5459660887718201,143.5546875,21.632496416839256,15.504914555920328,16.52327632125308,16.101023104459085,16.297097384304173,18.046176679634772,41.487258864997884,metal
-16.719741821289062,94.11849975585938,-32.79254150390625,61.47652053833008,-10.095500946044922,34.224143981933594,-11.964559555053711,28.192855834960938,-15.31869125366211,19.3251895904541,-8.285292625427246,17.942100524902344,-7.449492931365967,2410.87784256885,4950.005437935035,0.12828881779292342,0.23133783042430878,0.4932602643966675,0.40114566683769226,0.4649271070957184,0.45234382152557373,0.48980095982551575,0.4803066551685333,0.603951632976532,0.5234439969062805,0.41098302602767944,0.3952952027320862,0.436969131231308,0.5923221707344055,112.34714673913044,18.60548281732103,14.544712593197247,17.015289721326717,16.794449152183102,16.196337049368907,16.942455507481284,44.32703693611461,metal
-120.14749145507812,91.31721496582031,-38.845890045166016,75.0083999633789,-3.8132598400115967,22.66558837890625,-8.119441032409668,23.65489959716797,-14.63077449798584,13.370975494384766,-9.403306007385254,13.70629596710205,-9.315235137939453,2384.6349581046015,4584.132502084542,0.12607323690061872,0.10041095316410065,0.4205610752105713,0.35271960496902466,0.4387291967868805,0.5885035991668701,0.809106171131134,0.5401576161384583,0.33613601326942444,0.3683133125305176,0.40030160546302795,0.380119264125824,0.42549803853034973,0.5268691778182983,135.99917763157896,18.87152117386596,14.35500698781533,15.568276262870333,14.744588480436013,16.07262358232663,19.146556325229945,39.286679291029266,metal
-61.54559326171875,71.76105499267578,-46.29923629760742,75.41250610351562,-18.515899658203125,35.93107223510742,-12.677865982055664,28.369661331176758,-9.348155975341797,14.502803802490234,-4.263603210449219,11.863775253295898,-16.027109146118164,2870.915156290069,5186.379388866734,0.1981458907337587,0.13815899193286896,0.37568050622940063,0.40471652150154114,0.5891053676605225,0.5365069508552551,0.5279780030250549,0.41500723361968994,0.47379451990127563,0.6074028015136719,0.6199873089790344,0.5177177786827087,0.3564186096191406,0.3913852870464325,129.19921875,17.98595459222107,15.957829753072952,15.621073306304304,16.254144724533983,16.984105433143185,18.04562357319228,42.58891055795626,metal
-36.52052688598633,94.80007934570312,-36.59345626831055,54.99103927612305,-8.21615219116211,29.664180755615234,-13.687590599060059,28.7031307220459,-11.987735748291016,19.36151695251465,-15.656161308288574,13.932657241821289,-11.961837768554688,2398.182089992321,4866.162505891096,0.1282435016676334,0.16501736640930176,0.4240501821041107,0.3960210680961609,0.42175090312957764,0.47817230224609375,0.45384591817855835,0.485614538192749,0.40059784054756165,0.38893720507621765,0.567242443561554,0.6243738532066345,0.5928162932395935,0.4659338891506195,129.19921875,14.270413430720678,13.989633722458361,15.843665758254922,14.724812609674082,15.22405468498671,16.608533728091725,42.978648326051236,metal
-28.094532012939453,84.01356506347656,-43.699222564697266,47.96339797973633,-22.446868896484375,19.900108337402344,-25.177614212036133,24.784860610961914,-13.102411270141602,24.66082000732422,-16.402719497680664,17.54640007019043,-15.407458305358887,2789.433630096567,5346.429542488399,0.17988877912316317,0.14405736327171326,0.4355231821537018,0.4749357998371124,0.3989548981189728,0.5687668919563293,0.5168755650520325,0.5312192440032959,0.5243043899536133,0.44109806418418884,0.4855022430419922,0.45264506340026855,0.5774768590927124,0.36562663316726685,135.99917763157896,19.342343398988568,14.041509158350484,16.679892439820584,16.225939437043415,16.092498682971264,16.736073370541817,44.507923531004664,metal
-103.65422058105469,73.85044860839844,-16.14751625061035,53.169349670410156,-25.084609985351562,33.99891662597656,-13.66181468963623,25.987873077392578,-18.908802032470703,18.671436309814453,-12.78964900970459,9.549379348754883,-16.15424919128418,2954.987188644721,5928.192407736369,0.16328041920436967,0.08897911012172699,0.4251258671283722,0.3527931571006775,0.4108528792858124,0.4405081868171692,0.4531729519367218,0.58245450258255,0.45149126648902893,0.4709610641002655,0.45391055941581726,0.4628644287586212,0.4222176969051361,0.3658239543437958,123.046875,22.941508402505963,14.51106131926302,17.665045844000613,16.846629527448904,15.867103462470368,16.337103217593913,43.13992056919648,metal
-77.42669677734375,130.87869262695312,-23.27522087097168,61.98114776611328,0.90219646692276,30.512102127075195,-8.751036643981934,19.438396453857422,-2.22190260887146,13.104674339294434,-3.296661376953125,8.926948547363281,-8.958979606628418,1525.8197251479974,3501.193909965922,0.051180787171307036,0.23018018901348114,0.6235370635986328,0.5055273175239563,0.41113895177841187,0.4083145260810852,0.6965047121047974,0.5391123294830322,0.320591539144516,0.33001238107681274,0.36274510622024536,0.39845457673072815,0.39112886786460876,0.5621909499168396,129.19921875,24.606330365068317,15.977531065097315,18.201473151082116,17.30298174942577,17.641504333617814,17.279372780093624,39.36645771032886,metal
-12.502043724060059,91.31736755371094,-23.075956344604492,50.965084075927734,-12.095051765441895,30.911148071289062,-14.991018295288086,23.052810668945312,-14.263138771057129,23.069013595581055,-17.673542022705078,13.156189918518066,-15.185922622680664,2566.91858339228,5444.63627012036,0.1251472774071926,0.220391646027565,0.37966275215148926,0.43894827365875244,0.45457571744918823,0.5905762910842896,0.4146421551704407,0.33397671580314636,0.34112539887428284,0.4148394763469696,0.6071280837059021,0.4828614294528961,0.4986782371997833,0.39946994185447693,135.99917763157896,22.11189374793205,14.710459711580077,16.377042758305784,15.787399969889929,15.669711409183314,16.086526621655736,43.742405638400854,metal
-61.91035842895508,93.01313018798828,-39.943180084228516,56.14137268066406,-19.668214797973633,23.387537002563477,-7.644540309906006,17.70783233642578,-19.321178436279297,17.783267974853516,-13.084653854370117,14.295796394348145,-13.077747344970703,2502.977404109766,4762.87640706569,0.1481127344354215,0.13645851612091064,0.40259453654289246,0.3521651029586792,0.5133054852485657,0.4601422846317291,0.5967549681663513,0.4561379551887512,0.4385136663913727,0.4769924283027649,0.39406442642211914,0.3963133990764618,0.3290742337703705,0.42280831933021545,117.45383522727273,20.987934148643777,14.50396265834967,16.740794689745545,17.82767844722525,16.727324524360206,18.614521659287213,41.58112665920828,metal
-35.69507598876953,115.43364715576172,-40.62704086303711,75.36009979248047,-12.551094055175781,21.834949493408203,1.806626319885254,15.60913372039795,-0.1751287430524826,10.240898132324219,-11.757828712463379,15.40356159210205,-12.46796989440918,2030.4879168259463,4224.296523800029,0.09999833840873937,0.2566889226436615,0.5243098139762878,0.3749783933162689,0.43477365374565125,0.5624871850013733,0.7018154859542847,0.5365832448005676,0.2803554832935333,0.2806127369403839,0.38352420926094055,0.42320823669433594,0.5765817761421204,0.686083972454071,123.046875,22.627422566522128,14.192865441602882,14.918824809215376,14.897827952615524,14.965562036819433,23.341181013130896,39.695480181232675,metal
-104.72376251220703,87.75372314453125,-33.24885940551758,48.4742546081543,-28.912521362304688,22.514240264892578,-24.980127334594727,20.53738021850586,-12.062983512878418,18.249126434326172,-15.186173439025879,10.295275688171387,-13.891188621520996,2707.0187382903955,5291.122684345998,0.16082730628866976,0.09046082943677902,0.37174636125564575,0.27363914251327515,0.3346855044364929,0.32051193714141846,0.45817679166793823,0.3925648033618927,0.4619973301887512,0.48481059074401855,0.40107816457748413,0.40894386172294617,0.426183819770813,0.5492376685142517,107.666015625,19.260674246962026,13.779452204487137,16.951654962755633,18.400067721453212,17.01105020466918,17.28476103315005,41.239367406764394,metal
13.474994659423828,78.02255249023438,-32.994720458984375,55.535377502441406,-9.969209671020508,35.403953552246094,-17.637697219848633,29.051128387451172,-11.246763229370117,14.006470680236816,-10.087248802185059,16.530061721801758,-8.482169151306152,2836.9908685116243,5615.31146905815,0.16275324161349575,0.2706926763057709,0.5768528580665588,0.8063709735870361,0.6866703629493713,0.5342514514923096,0.4417082667350769,0.36703988909721375,0.3172682821750641,0.4098118841648102,0.574846625328064,0.49337807297706604,0.37537097930908203,0.4344683587551117,117.45383522727273,19.399314753878656,14.288968723959433,14.55564302576947,14.207979795911612,15.511884470975605,16.50635462277593,46.50663913998516,metal
-71.2906723022461,82.33941650390625,-30.162803649902344,56.4561767578125,-10.867369651794434,26.810651779174805,-15.801575660705566,25.33121681213379,-15.626407623291016,17.750356674194336,-13.0545654296875,14.613809585571289,-14.269171714782715,2685.678092352649,5331.258043612239,0.16043343363302398,0.11215965449810028,0.4490847885608673,0.4512961506843567,0.4824569821357727,0.5703797340393066,0.5923897624015808,0.5793036222457886,0.5443454384803772,0.5288910865783691,0.558060348033905,0.5137302875518799,0.5125853419303894,0.44637149572372437,143.5546875,21.77596175282525,12.789004850262533,14.79070801737799,14.419443144023514,15.198302177693824,17.245980058701083,42.9093176004914,metal
-79.10417938232422,106.8173599243164,-38.74598693847656,39.853370666503906,-26.754459381103516,32.47148895263672,-15.025887489318848,29.701759338378906,-11.370743751525879,13.771313667297363,-14.50649356842041,16.162412643432617,-3.071115732192993,2292.5497866867986,4820.373223607889,0.12360086463167054,0.11196359246969223,0.4224872887134552,0.5922348499298096,0.47538918256759644,0.562798261642456,0.40876221656799316,0.32888466119766235,0.34156033396720886,0.3057386875152588,0.3306550681591034,0.25782546401023865,0.33621737360954285,0.3882124722003937,135.99917763157896,18.76720086136749,14.06228585086835,18.163690564796102,18.095006296196754,17.501749581170134,16.223325896621912,41.93214011970298,metal
-122.13072967529297,62.29414367675781,-34.45550537109375,75.62576293945312,6.2651519775390625,22.035964965820312,-10.95154857635498,23.22869300842285,-12.286276817321777,5.607922077178955,-6.992769241333008,5.608427047729492,-14.39431381225586,2690.7078061431353,5088.622310487964,0.14825774603634959,0.1458260416984558,0.4016682505607605,0.46631765365600586,0.5470633506774902,0.5729191899299622,0.6277728080749512,0.5853472352027893,0.4379124343395233,0.395550012588501,0.40918394923210144,0.4108729958534241,0.4040432870388031,0.3908248245716095,95.703125,24.53572789402008,15.53347806622504,17.282867202940803,16.018095732543493,18.098625461669275,19.94309900397539,40.521309549204155,metal
-99.87088012695312,102.13179016113281,-23.619749069213867,63.05523681640625,-8.763340950012207,30.72507667541504,-9.637297630310059,14.158515930175781,0.3801097571849823,13.219310760498047,-10.08618450164795,9.186030387878418,-4.928890228271484,2098.946281494044,4449.612433838457,0.08823464991782676,0.15425297617912292,0.20818445086479187,0.19662758708000183,0.32316750288009644,0.547641396522522,0.47074824571609497,0.27893707156181335,0.2589224874973297,0.3888775110244751,0.6511042714118958,0.5062341690063477,0.38769224286079407,0.3345194458961487,117.45383522727273,21.413208881701383,16.991807659931922,18.204089374650422,18.989748887001078,16.844682662109875,17.733801105051445,39.76849459149566,metal
-74.11526489257812,80.0852279663086,-46.96148681640625,51.019073486328125,-9.135111808776855,31.777957916259766,-6.38947868347168,24.86172103881836,-19.14633560180664,20.790164947509766,-11.678598403930664,13.847806930541992,-16.471899032592773,2710.685063554155,5083.10161687935,0.1665242985063805,0.10457901656627655,0.41923463344573975,0.38080909848213196,0.4111561179161072,0.5096350312232971,0.675126314163208,0.5767157077789307,0.4819483160972595,0.5415189862251282,0.5462955832481384,0.6196615099906921,0.5289333462715149,0.41932544112205505,107.666015625,20.077865943705266,14.72082257304182,14.923237745205137,15.672856811383431,15.51499841698148,17.15039616051561,41.83816452093374,metal
-100.42342376708984,104.69320678710938,-57.254005432128906,56.57685089111328,-5.555651664733887,22.833269119262695,-6.1715168952941895,23.097108840942383,-19.071958541870117,17.79535675048828,-13.78298282623291,9.962791442871094,-14.858658790588379,2269.1618713103626,4186.5592938841355,0.1373478888727765,0.09754964709281921,0.4421302080154419,0.39692971110343933,0.4344116449356079,0.49933263659477234,0.5587801337242126,0.41302984952926636,0.45349007844924927,0.49047040939331055,0.49833208322525024,0.5149857401847839,0.3701762855052948,0.4124355614185333,117.45383522727273,21.966414604699764,16.020185453731816,16.26555004698331,16.583734774477364,16.128903108635853,19.251797447566904,39.18572422870196,metal
-93.58541107177734,89.86104583740234,-55.87972640991211,51.63357925415039,-5.566610336303711,28.78887176513672,-13.892081260681152,27.35177993774414,-15.314687728881836,22.83026123046875,-12.409005165100098,9.700515747070312,-19.72762680053711,2464.2908932653336,4549.026552983613,0.15186113326566125,0.09362836927175522,0.3506149649620056,0.3373875617980957,0.32574185729026794,0.3942018449306488,0.5721116662025452,0.44505566358566284,0.34896111488342285,0.41862809658050537,0.6007183194160461,0.6407778263092041,0.4436191916465759,0.3626479208469391,129.19921875,20.328960338770386,15.421012056101347,16.585329820207793,18.14815907107614,16.790734358977268,18.176010619010256,41.17769093303544,metal
-110.882080078125,83.17749786376953,-45.26238250732422,56.57573699951172,-7.491790294647217,19.97442626953125,-13.380712509155273,21.21055793762207,-15.712455749511719,18.088773727416992,-18.11153793334961,12.935681343078613,-17.240480422973633,2683.2329169635404,4972.29638332004,0.17726459783449341,0.09044641256332397,0.3910903334617615,0.4331151843070984,0.3734167814254761,0.42017027735710144,0.5013427138328552,0.4846665859222412,0.487905889749527,0.42244353890419006,0.47760704159736633,0.4670574367046356,0.3948119878768921,0.4058215320110321,95.703125,19.881100619681384,14.283440740933653,16.344369714942317,16.881099127780413,16.592446958599027,18.85773873726934,40.343615972649886,metal
-86.23197937011719,76.771484375,-42.36281967163086,53.99219512939453,-8.330779075622559,29.406782150268555,-7.896939754486084,26.65984535217285,-14.230666160583496,18.459009170532227,-17.95420265197754,9.866013526916504,-19.03006362915039,2760.046329477624,5259.580621918503,0.17120583188321734,0.09536698460578918,0.4320269823074341,0.3545733690261841,0.4269157648086548,0.4308835566043854,0.48706233501434326,0.4912399351596832,0.48147156834602356,0.5296459794044495,0.5552485585212708,0.570798933506012,0.40613341331481934,0.471163272857666,117.45383522727273,21.690506416288677,16.400356819840532,16.51093350702621,16.94014545039253,16.092886921313646,17.415178362523562,41.811992154583386,metal
-135.48129272460938,93.34420013427734,-43.3029670715332,59.23185729980469,-8.526451110839844,20.959758758544922,-6.542695999145508,21.90274429321289,-18.98299789428711,17.05289649963379,-15.888565063476562,11.074280738830566,-18.49104118347168,2390.3250702324603,4449.812277950986,0.14432166292053364,0.08802083879709244,0.38055282831192017,0.41361019015312195,0.43982744216918945,0.4558345377445221,0.5282869935035706,0.40460407733917236,0.39771395921707153,0.49244335293769836,0.41864877939224243,0.4784533679485321,0.3570343554019928,0.39745768904685974,123.046875,21.352008497624027,16.459463978091325,17.72607335993852,17.474722742970304,17.46028286099083,19.276561575638702,39.167644263991846,metal
0.3683421313762665,79.70758056640625,-30.644737243652344,61.064266204833984,-17.460554122924805,26.701656341552734,-21.244140625,22.358158111572266,-13.016820907592773,17.870939254760742,-13.373003005981445,19.255020141601562,-10.970987319946289,2795.3269859130346,5455.111432352088,0.16367995637567673,0.21236151456832886,0.5259749889373779,0.5039817094802856,0.500176191329956,0.46169668436050415,0.43768635392189026,0.48942700028419495,0.4083259403705597,0.4359845519065857,0.4379608929157257,0.4651997685432434,0.5925078392028809,0.5297515392303467,117.45383522727273,21.952995173495093,13.563991934536695,16.80952135981922,15.45120800194124,15.240449895327153,16.44464469568605,44.64538278259961,metal
-1.9132977724075317,72.6861572265625,-32.7919921875,63.605472564697266,-18.556350708007812,25.870161056518555,-13.859100341796875,18.07888412475586,-11.946615219116211,19.672183990478516,-13.95425033569336,18.75569725036621,-11.18799114227295,2908.3001309605806,5405.816551261601,0.1781082330336427,0.2174748182296753,0.45681032538414,0.5573738813400269,0.6806556582450867,0.5261906385421753,0.40636521577835083,0.41732847690582275,0.3674323558807373,0.33464673161506653,0.3653082251548767,0.4236893355846405,0.31157177686691284,0.32661160826683044,103.359375,18.524160576331486,13.818720668244472,18.002752287055305,15.368700130445054,15.475696307856623,17.230423388096078,41.88769140165305,metal
9.593645095825195,76.35295104980469,-31.271177291870117,56.885223388671875,-20.743324279785156,27.245622634887695,-16.636316299438477,19.3679256439209,-13.913679122924805,19.664995193481445,-16.06060218811035,17.488630294799805,-12.954190254211426,2889.070230029977,5484.788283062645,0.1765742821925754,0.2243993580341339,0.5218952298164368,0.7678084969520569,0.5200003385543823,0.40405693650245667,0.42505934834480286,0.43696990609169006,0.4094221889972687,0.4350242614746094,0.600914478302002,0.42598915100097656,0.35452333092689514,0.4226990044116974,107.666015625,20.838859322778298,13.378523428508924,16.711646757943896,16.330574376189745,16.56761159840355,16.8031548377634,43.51677210429851,metal
10.019840240478516,74.12789154052734,-32.23573303222656,62.768585205078125,-23.328832626342773,30.02989387512207,-14.879809379577637,20.159202575683594,-12.146162986755371,19.18972396850586,-14.975018501281738,18.799034118652344,-12.281957626342773,2980.0365062158285,5461.947766368185,0.19398775860402165,0.21749426424503326,0.5285235643386841,0.6113492846488953,0.5102490186691284,0.42314863204956055,0.5495691299438477,0.4273473024368286,0.4191877543926239,0.5301145315170288,0.609955906867981,0.6628932356834412,0.5145389437675476,0.5064225196838379,99.38401442307692,20.88809088140166,13.20972300175802,16.49244475712744,15.410058571706307,15.399741620406134,16.56322090193801,44.06625739861868,metal
16.490421295166016,71.1860122680664,-22.35201644897461,60.27137756347656,-18.553722381591797,27.623319625854492,-12.408052444458008,16.954391479492188,-8.729572296142578,17.865869522094727,-13.46914005279541,18.926589965820312,-11.023098945617676,2986.810443330355,5628.376277914733,0.1774496386794277,0.24894611537456512,0.5443352460861206,0.6344396471977234,0.5767461657524109,0.45099759101867676,0.48945870995521545,0.3722836375236511,0.3759647011756897,0.4573342502117157,0.5460196733474731,0.625775933265686,0.4812083840370178,0.47334912419319153,112.34714673913044,20.134827615711778,13.24770363242942,16.315319076665897,15.226757986011217,15.346726993394384,16.58557622924897,40.58811210668093,metal
9.602478981018066,54.68124008178711,-21.033061981201172,60.16366958618164,-21.077375411987305,32.142234802246094,-15.838813781738281,21.446470260620117,-8.722073554992676,19.363521575927734,-12.378996849060059,19.747970581054688,-10.804130554199219,3400.8644228665353,6163.292352450696,0.22838043189288476,0.2261689156293869,0.5936176180839539,0.6893787980079651,0.6243606209754944,0.4919542968273163,0.44348421692848206,0.3703925311565399,0.45161357522010803,0.5418661236763,0.523874044418335,0.5286374092102051,0.4416991174221039,0.49971553683280945,107.666015625,19.92012711492311,13.450182246064777,16.77081968047025,15.98467951667229,15.685405645514637,16.18884244269783,41.478834667199216,metal
4.025636672973633,83.2708969116211,-37.250732421875,62.338951110839844,-14.855973243713379,23.411691665649414,-10.47172737121582,16.797786712646484,-7.9595842361450195,16.292543411254883,-11.260960578918457,13.323188781738281,-7.821478843688965,2716.919668513005,5123.145380927349,0.16219169929427688,0.2398151308298111,0.5368114709854126,0.5265628695487976,0.49875301122665405,0.45020735263824463,0.538544237613678,0.48231223225593567,0.5010238885879517,0.5796941518783569,0.6149697303771973,0.640561580657959,0.5251568555831909,0.5118401646614075,151.99908088235293,19.232734355382355,12.736624226003688,15.849130992169318,15.593280376653732,15.204806269970723,17.057972656739942,37.00041868199757,metal
4.921885013580322,75.08444213867188,-24.73780059814453,57.015220642089844,-21.784542083740234,26.04698371887207,-12.561589241027832,17.442466735839844,-10.241609573364258,18.60519790649414,-13.0278902053833,18.950468063354492,-9.700774192810059,2906.6272868814203,5518.770109030597,0.1725668261794277,0.22736318409442902,0.5137203931808472,0.5911530256271362,0.4806342124938965,0.4248332977294922,0.533824622631073,0.374501496553421,0.3665336072444916,0.4649440050125122,0.5484612584114075,0.6287441253662109,0.5006164908409119,0.48636579513549805,123.046875,20.37327688683927,12.5695489450845,16.96574883434365,15.809433113709586,15.457064492812579,16.457567728977764,41.55434794102667,metal
1.1601229906082153,66.66129302978516,-23.696735382080078,60.959903717041016,-18.879899978637695,29.75010871887207,-17.54132843017578,21.032560348510742,-11.18689250946045,18.812910079956055,-13.062551498413086,19.956680297851562,-10.566299438476562,3113.773135146241,5829.252918358468,0.19571807932134572,0.20701885223388672,0.5804813504219055,0.6014360785484314,0.5336800813674927,0.5431553721427917,0.4326576888561249,0.4034094214439392,0.45567411184310913,0.5227372646331787,0.5972145795822144,0.5211144685745239,0.46696221828460693,0.46590834856033325,123.046875,19.912641307192608,13.730814296609678,16.478109856973415,15.290609032096741,15.20926690018416,16.04854457426559,43.65847710354428,metal
10.45137882232666,63.716392517089844,-28.423778533935547,62.6082878112793,-19.600479125976562,28.830821990966797,-15.23064136505127,19.305824279785156,-10.698308944702148,18.866392135620117,-12.708805084228516,18.04070281982422,-10.834188461303711,3108.521763898349,5699.254323158352,0.19684040869102862,0.23246978223323822,0.5816901326179504,0.5522630214691162,0.5127701759338379,0.44829022884368896,0.4020686447620392,0.4268471300601959,0.5299920439720154,0.4444456398487091,0.4502056837081909,0.47639474272727966,0.5192559361457825,0.646765947341919,112.34714673913044,20.52642019354993,13.87755991005058,17.543781101482168,16.410915804453474,15.490108555548082,16.512501655279085,41.69395608653648,metal
11.953701972961426,69.42063903808594,-23.265295028686523,60.7000846862793,-20.82187271118164,25.098857879638672,-16.187572479248047,15.548445701599121,-10.504552841186523,18.77710723876953,-13.392751693725586,17.37457275390625,-11.054032325744629,3010.922425177517,5633.4556491081785,0.17930646691318639,0.24282900989055634,0.522242546081543,0.5542594194412231,0.45940545201301575,0.41253015398979187,0.4261161684989929,0.3894009590148926,0.4623166620731354,0.4339584410190582,0.4729223847389221,0.4541652500629425,0.4465789794921875,0.5283946394920349,107.666015625,20.03104754038602,13.900901135536069,17.55369397040891,16.063059909520828,15.488667390605597,16.705197333901896,40.737644932578284,metal
-24.98493766784668,77.53269958496094,-30.377948760986328,68.36199951171875,-6.511033058166504,24.695711135864258,-9.80774974822998,19.519594192504883,-11.459885597229004,18.600404739379883,-14.15808391571045,14.448771476745605,-5.925430774688721,2718.6937188160364,5228.837935941126,0.1437182031854215,0.20710793137550354,0.6456051468849182,0.5574986338615417,0.4888099730014801,0.4063221216201782,0.3581916093826294,0.32757681608200073,0.44243907928466797,0.452614426612854,0.4779437780380249,0.48693904280662537,0.5234677791595459,0.6825042963027954,129.19921875,20.12528121933773,14.777699335221921,17.481592313552046,16.454164151754888,16.074809292650322,17.925688583095432,40.83566632891737,metal
-15.672693252563477,100.0849609375,-37.59760665893555,45.951026916503906,-20.771991729736328,25.64026641845703,-18.628997802734375,26.507003784179688,-20.16448211669922,21.11976432800293,-13.650189399719238,10.966075897216797,-15.52978515625,2459.520891914009,5024.347447795823,0.1428334058391338,0.18441163003444672,0.37542611360549927,0.3797580301761627,0.4606218934059143,0.4122034013271332,0.47891318798065186,0.5263028740882874,0.45215967297554016,0.5773600339889526,0.5505326986312866,0.5035445690155029,0.44408848881721497,0.37679776549339294,143.5546875,19.516572791886464,13.04998595760278,16.019690411856264,15.75477044366037,15.787686192635498,16.523661644616674,44.75758351924818,metal
-15.625048637390137,99.1423568725586,-45.63025665283203,55.01213073730469,-18.020164489746094,23.897811889648438,-19.600196838378906,27.337919235229492,-15.103914260864258,18.797401428222656,-16.146686553955078,9.214215278625488,-16.218490600585938,2442.504289617461,4728.594814928944,0.14982190762761022,0.18228553235530853,0.2968847453594208,0.4407038390636444,0.4837421178817749,0.42021653056144714,0.5930987000465393,0.4309428632259369,0.38666707277297974,0.42695116996765137,0.5351651310920715,0.7754606008529663,0.4978325664997101,0.3226144313812256,99.38401442307692,20.626393613315358,13.090374852523512,16.53841757796467,15.915264666344784,15.702073951190835,16.77670032107655,44.188024168407686,metal
-58.264381408691406,105.85010528564453,-43.89204025268555,58.44615936279297,-18.433990478515625,27.973726272583008,-17.970457077026367,21.0462703704834,-15.554038047790527,13.39651870727539,-15.686206817626953,9.363630294799805,-15.322576522827148,2315.2761541025193,4615.882735462587,0.1394849218145785,0.12571139633655548,0.4558599293231964,0.4968305230140686,0.5476559996604919,0.5195029973983765,0.7384588122367859,0.5307108163833618,0.5248516201972961,0.5512351393699646,0.5131087899208069,0.5406012535095215,0.45872190594673157,0.6076163649559021,89.10290948275862,19.429935689390586,12.808560704556196,15.490558620140582,14.589186265567454,15.315209618106596,16.85238969854389,41.76799761834722,metal
-74.11526489257812,80.0852279663086,-46.96148681640625,51.019073486328125,-9.135111808776855,31.777957916259766,-6.38947868347168,24.86172103881836,-19.14633560180664,20.790164947509766,-11.678598403930664,13.847806930541992,-16.471899032592773,2710.685063554155,5083.10161687935,0.1665242985063805,0.10457901656627655,0.41923463344573975,0.38080909848213196,0.4111561179161072,0.5096350312232971,0.675126314163208,0.5767157077789307,0.4819483160972595,0.5415189862251282,0.5462955832481384,0.6196615099906921,0.5289333462715149,0.41932544112205505,107.666015625,20.077865943705266,14.72082257304182,14.923237745205137,15.672856811383431,15.51499841698148,17.15039616051561,41.83816452093374,metal
-100.42342376708984,104.69320678710938,-57.254005432128906,56.57685089111328,-5.555651664733887,22.833269119262695,-6.1715168952941895,23.097108840942383,-19.071958541870117,17.79535675048828,-13.78298282623291,9.962791442871094,-14.858658790588379,2269.1618713103626,4186.5592938841355,0.1373478888727765,0.09754964709281921,0.4421302080154419,0.39692971110343933,0.4344116449356079,0.49933263659477234,0.5587801337242126,0.41302984952926636,0.45349007844924927,0.49047040939331055,0.49833208322525024,0.5149857401847839,0.3701762855052948,0.4124355614185333,117.45383522727273,21.966414604699764,16.020185453731816,16.26555004698331,16.583734774477364,16.128903108635853,19.251797447566904,39.18572422870196,metal
-93.58541107177734,89.86104583740234,-55.87972640991211,51.63357925415039,-5.566610336303711,28.78887176513672,-13.892081260681152,27.35177993774414,-15.314687728881836,22.83026123046875,-12.409005165100098,9.700515747070312,-19.72762680053711,2464.2908932653336,4549.026552983613,0.15186113326566125,0.09362836927175522,0.3506149649620056,0.3373875617980957,0.32574185729026794,0.3942018449306488,0.5721116662025452,0.44505566358566284,0.34896111488342285,0.41862809658050537,0.6007183194160461,0.6407778263092041,0.4436191916465759,0.3626479208469391,129.19921875,20.328960338770386,15.421012056101347,16.585329820207793,18.14815907107614,16.790734358977268,18.176010619010256,41.17769093303544,metal
-110.882080078125,83.17749786376953,-45.26238250732422,56.57573699951172,-7.491790294647217,19.97442626953125,-13.380712509155273,21.21055793762207,-15.712455749511719,18.088773727416992,-18.11153793334961,12.935681343078613,-17.240480422973633,2683.2329169635404,4972.29638332004,0.17726459783449341,0.09044641256332397,0.3910903334617615,0.4331151843070984,0.3734167814254761,0.42017027735710144,0.5013427138328552,0.4846665859222412,0.487905889749527,0.42244353890419006,0.47760704159736633,0.4670574367046356,0.3948119878768921,0.4058215320110321,95.703125,19.881100619681384,14.283440740933653,16.344369714942317,16.881099127780413,16.592446958599027,18.85773873726934,40.343615972649886,metal
-86.23197937011719,76.771484375,-42.36281967163086,53.99219512939453,-8.330779075622559,29.406782150268555,-7.896939754486084,26.65984535217285,-14.230666160583496,18.459009170532227,-17.95420265197754,9.866013526916504,-19.03006362915039,2760.046329477624,5259.580621918503,0.17120583188321734,0.09536698460578918,0.4320269823074341,0.3545733690261841,0.4269157648086548,0.4308835566043854,0.48706233501434326,0.4912399351596832,0.48147156834602356,0.5296459794044495,0.5552485585212708,0.570798933506012,0.40613341331481934,0.471163272857666,117.45383522727273,21.690506416288677,16.400356819840532,16.51093350702621,16.94014545039253,16.092886921313646,17.415178362523562,41.811992154583386,metal
-135.48129272460938,93.34420013427734,-43.3029670715332,59.23185729980469,-8.526451110839844,20.959758758544922,-6.542695999145508,21.90274429321289,-18.98299789428711,17.05289649963379,-15.888565063476562,11.074280738830566,-18.49104118347168,2390.3250702324603,4449.812277950986,0.14432166292053364,0.08802083879709244,0.38055282831192017,0.41361019015312195,0.43982744216918945,0.4558345377445221,0.5282869935035706,0.40460407733917236,0.39771395921707153,0.49244335293769836,0.41864877939224243,0.4784533679485321,0.3570343554019928,0.39745768904685974,123.046875,21.352008497624027,16.459463978091325,17.72607335993852,17.474722742970304,17.46028286099083,19.276561575638702,39.167644263991846,metal
-82.51111602783203,97.34172058105469,-34.36792755126953,71.40850067138672,-3.2920289039611816,17.375370025634766,-9.02628231048584,16.017791748046875,-19.01093864440918,12.084585189819336,-9.567408561706543,13.953285217285156,-14.459842681884766,2254.606986104016,4381.532206170244,0.12011605459686775,0.13622084259986877,0.47129741311073303,0.40974709391593933,0.48877161741256714,0.44260919094085693,0.5039233565330505,0.4273715615272522,0.38984403014183044,0.41093966364860535,0.44852256774902344,0.48860666155815125,0.486308217048645,0.6629772186279297,135.99917763157896,18.42324910196291,14.811131697206996,17.83292644401412,16.01116730544297,16.64780880365672,18.873513270236657,40.06572103160392,metal
-99.95562744140625,106.37162017822266,-40.66634750366211,52.7149658203125,-20.73712730407715,25.275590896606445,-11.828839302062988,22.083070755004883,-12.473505973815918,13.768814086914062,-14.382095336914062,15.966245651245117,-11.722278594970703,2302.533109168331,4598.9875811158645,0.13070114619586234,0.09829889237880707,0.4684496819972992,0.4117896258831024,0.3676620125770569,0.48638343811035156,0.6504555940628052,0.4611012041568756,0.3345257639884949,0.3686595559120178,0.48642438650131226,0.614429235458374,0.4544660151004791,0.45212748646736145,161.4990234375,18.279739904065938,14.101814433358054,15.417789274921601,16.058162225740322,15.688584238327797,17.81821081588018,39.87716396321892,metal
-111.67716979980469,111.15006256103516,-10.645004272460938,69.67325592041016,-4.905362129211426,29.825841903686523,-10.380657196044922,21.256948471069336,-6.636629581451416,20.07621192932129,-7.225974082946777,16.226619720458984,-10.11557388305664,1740.9312223433863,4109.827481511021,0.05375889706593194,0.17353306710720062,0.3134686052799225,0.3825317323207855,0.5668233036994934,0.5867434144020081,0.6902168989181519,0.544440507888794,0.41479384899139404,0.40872785449028015,0.3899432420730591,0.4178946316242218,0.3439280092716217,0.39070239663124084,161.4990234375,18.633660961898467,14.431701961409088,17.174761598165688,17.33451487501388,16.904824798650164,17.880061826591614,40.582698249395875,metal
-197.2598114013672,74.1358413696289,-10.736385345458984,54.70554733276367,-7.6014204025268555,18.409927368164062,-18.8797550201416,11.596195220947266,-14.562566757202148,18.414226531982422,-16.470966339111328,12.57096004486084,-10.469237327575684,2743.073339684432,5626.144685324826,0.14284662304234338,0.048833318054676056,0.3788054585456848,0.3449302613735199,0.3656923174858093,0.3344389498233795,0.4340948164463043,0.35388240218162537,0.4769836664199829,0.4957783818244934,0.4475943148136139,0.5146254301071167,0.40707650780677795,0.42390167713165283,117.45383522727273,17.785923659851424,13.838504554316641,18.096668859273155,17.251224068958358,16.857316759424425,17.825891624501566,38.82833129904361,metal
-78.6478042602539,80.88358306884766,-24.58578872680664,47.03044891357422,-23.746137619018555,27.425704956054688,-17.417694091796875,22.277849197387695,-13.530479431152344,21.572744369506836,-11.10134220123291,15.58534049987793,-9.702447891235352,2807.8057561673,5673.857467191126,0.15372966816511988,0.1152983009815216,0.46133363246917725,0.6036806106567383,0.4981370270252228,0.4968551695346832,0.49481603503227234,0.48822611570358276,0.49296835064888,0.44580313563346863,0.5254522562026978,0.4065748453140259,0.40684598684310913,0.4402085244655609,86.1328125,15.76098632462096,13.368596037213585,16.192179535342152,15.33899802873293,15.275259692153824,15.44000288041346,42.97623291010335,metal
-35.23794937133789,93.94743347167969,-35.179420471191406,62.7963981628418,-11.72390365600586,26.997770309448242,-10.754325866699219,24.073627471923828,-13.03853988647461,13.602749824523926,-12.412999153137207,13.569140434265137,-12.245765686035156,2339.8927465134484,4708.18573493692,0.11677021401295437,0.19426143169403076,0.39413103461265564,0.48582983016967773,0.5708197355270386,0.42647048830986023,0.39076176285743713,0.5113827586174011,0.571803867816925,0.5634438991546631,0.432895302772522,0.35637784004211426,0.3138006031513214,0.32756996154785156,123.046875,20.369580068236527,15.144088896530274,15.812025043514105,15.700924632106462,15.7922395413625,16.81692823203466,42.6438793675342,metal
2.783726930618286,77.06303405761719,-17.55063247680664,57.95127487182617,0.7442919611930847,28.829195022583008,-7.8589911460876465,27.606931686401367,-13.541932106018066,17.28596305847168,-7.569736957550049,13.035099029541016,-8.743486404418945,2642.0924576803404,5567.132384262616,0.1212886093387471,0.29335319995880127,0.34041139483451843,0.44614651799201965,0.5494484901428223,0.6893799304962158,0.4823882579803467,0.329235702753067,0.3395017087459564,0.35111385583877563,0.3700748085975647,0.3922918438911438,0.5119407176971436,0.3590017557144165,143.5546875,20.971264973340087,15.477738770037464,17.236323911021437,16.335920149929947,16.39199435937054,16.340788549984342,40.4048552834264,metal
-201.19769287109375,76.78211212158203,-14.798453330993652,68.73775482177734,-12.944738388061523,36.95658874511719,-10.983901023864746,23.688390731811523,-12.26832103729248,16.6715087890625,-11.07464599609375,15.571093559265137,-11.184891700744629,2725.3111027767286,5496.87885187065,0.13498352003576952,0.04083139821887016,0.546525776386261,0.7442511320114136,0.5967745780944824,0.4380878806114197,0.4037703573703766,0.4406487047672272,0.4102459251880646,0.4304293692111969,0.49618399143218994,0.44353997707366943,0.39277294278144836,0.4599057137966156,123.046875,19.2193866626272,14.599371946597012,16.537721912376462,14.865596087149163,15.451979126576447,16.54536671858434,38.30912509888039,metal
-40.493350982666016,105.29485321044922,-14.107665061950684,54.84363555908203,-1.1911940574645996,20.077199935913086,-11.698836326599121,22.175390243530273,-10.231947898864746,14.189077377319336,-6.911011219024658,13.343559265136719,-9.252238273620605,2068.4834099126797,4439.486998803654,0.08885850190931942,0.2446407526731491,0.3388589918613434,0.37126705050468445,0.3593473732471466,0.47278302907943726,0.32833102345466614,0.3319551646709442,0.46230605244636536,0.5277992486953735,0.7114014625549316,0.5307002067565918,0.4917788505554199,0.45549333095550537,112.34714673913044,19.493829327613955,16.810431690467077,17.865456460092307,16.70597857251737,17.513495116612134,17.233502113365834,39.51629451852752,metal
-100.88904571533203,76.13687896728516,-29.544008255004883,69.70980834960938,-17.342714309692383,21.390840530395508,-12.918476104736328,22.007465362548828,-9.841167449951172,18.42464256286621,-12.04720687866211,8.983144760131836,-20.870851516723633,2792.6082415451833,5321.340779527987,0.16249154098994587,0.09689617902040482,0.40905866026878357,0.35827797651290894,0.4784975051879883,0.5988069176673889,0.7772713899612427,0.5746973752975464,0.3833150565624237,0.4144325852394104,0.5073501467704773,0.4358886480331421,0.4231148660182953,0.5911042094230652,143.5546875,23.46027864178698,15.049804101750372,15.212700460854709,15.769146227622127,15.21545693949366,18.18546588553541,41.59010166257084,metal
-42.0590705871582,86.99414825439453,-27.527782440185547,62.616233825683594,-27.00237464904785,32.33119201660156,-18.95716667175293,22.128767013549805,-14.316716194152832,19.505413055419922,-10.960918426513672,16.760108947753906,-12.377029418945312,2740.9191494780016,5408.697637217228,0.15991871797660479,0.14906156063079834,0.3942010700702667,0.3612993061542511,0.4391361474990845,0.39281657338142395,0.3984830975532532,0.3745352625846863,0.44185158610343933,0.4083315134048462,0.48311442136764526,0.5842980742454529,0.4960465133190155,0.5166139006614685,151.99908088235293,17.484014168079216,13.7893686647865,15.932191515157513,15.915092759807697,15.411744615764508,15.757044968199626,43.772335281049344,metal
-1.6945940256118774,73.40455627441406,-15.908844947814941,55.8044319152832,-1.9026613235473633,34.030216217041016,-8.318227767944336,32.759864807128906,-9.707088470458984,20.836563110351562,-9.037429809570312,13.959176063537598,-9.58564281463623,2814.947126588473,5897.1582824282195,0.13179062137470998,0.26946789026260376,0.5024188160896301,0.5196660757064819,0.5725162625312805,0.6676668524742126,0.566933274269104,0.43595150113105774,0.4712851643562317,0.5626915693283081,0.501947283744812,0.4823809564113617,0.593315601348877,0.5273166298866272,99.38401442307692,20.256679918372846,14.384217200412396,15.333575426462756,14.956269018625058,15.414695415425753,15.661382166765588,39.184508479265006,metal
-74.91183471679688,79.12138366699219,-40.89167785644531,54.720924377441406,-9.68823528289795,37.257720947265625,-14.983510971069336,20.934234619140625,-17.433067321777344,16.575284957885742,-11.098043441772461,15.470943450927734,-11.129679679870605,2710.4946367774082,5323.439142709542,0.14385528446442383,0.12733027338981628,0.44359180331230164,0.4112863540649414,0.47673511505126953,0.6176916360855103,0.6347818374633789,0.41684281826019287,0.38791799545288086,0.37812432646751404,0.42901667952537537,0.5123472809791565,0.4301966428756714,0.5320320725440979,123.046875,24.491202909905954,13.941214882036025,17.632834548647494,16.75033161548385,16.22395987487055,16.525207796040373,42.93251093501919,metal
-73.52994537353516,74.65846252441406,-16.444175720214844,55.645469665527344,-7.734650135040283,36.53866195678711,-18.304912567138672,27.820955276489258,-11.920201301574707,20.062938690185547,-11.357837677001953,14.71152400970459,-7.292049407958984,2847.682766545686,5929.641277552204,0.1440546754156999,0.13984975218772888,0.46165546774864197,0.5373148322105408,0.5321481227874756,0.4865943193435669,0.5778113603591919,0.5721116065979004,0.5314379930496216,0.45490601658821106,0.4080926775932312,0.42144355177879333,0.4682912230491638,0.5131958723068237,161.4990234375,24.14489325280795,13.778118425308687,15.6691776788235,14.996927924145307,16.18054375416641,15.487871526189691,44.41109596087165,metal
-19.165882110595703,118.84071350097656,-52.14488983154297,42.700321197509766,-21.57284927368164,27.67770004272461,-14.611529350280762,27.019527435302734,-17.12796974182129,18.968196868896484,-10.76742172241211,9.38828182220459,-4.661488056182861,2138.144345986772,4201.114606746664,0.12193549702726218,0.1903364658355713,0.4426882863044739,0.6407852172851562,0.44034868478775024,0.4622378945350647,0.5568565130233765,0.48864123225212097,0.7565764784812927,0.574163556098938,0.5103824138641357,0.45959457755088806,0.46969565749168396,0.41028833389282227,151.99908088235293,24.647415591585304,13.282109328023767,15.304300040599975,15.590970223768364,15.890830283523115,17.88512890073662,44.276095745572526,metal
-57.6837158203125,101.41867065429688,-41.4903564453125,55.11407470703125,-23.339160919189453,28.14437484741211,-12.12606143951416,18.141897201538086,-15.424080848693848,11.88204288482666,-10.801528930664062,9.388020515441895,-12.2761869430542,2378.4924001543227,4748.421016259425,0.1412658455384764,0.13156159222126007,0.43559351563453674,0.43338528275489807,0.4780866205692291,0.6681922078132629,0.5800025463104248,0.5248115062713623,0.5074192881584167,0.4909255802631378,0.5826156139373779,0.534717857837677,0.5099784135818481,0.41356930136680603,123.046875,17.83806491668273,13.72398467034395,15.349095550181337,15.636816279734687,15.407648968173346,17.41260818395852,41.315301915036805,metal
-29.381208419799805,101.87547302246094,-29.11232566833496,69.73011016845703,-16.168983459472656,19.438528060913086,-18.33917999267578,19.06260871887207,-18.28299331665039,15.27957820892334,-8.24422836303711,2.4893927574157715,-14.794669151306152,2340.9255025807374,4716.54588031105,0.12287165264887857,0.20857539772987366,0.33919110894203186,0.32997456192970276,0.4032534658908844,0.4604593813419342,0.6956599354743958,0.5916481018066406,0.4987155795097351,0.440151572227478,0.5192455053329468,0.3857060670852661,0.3195381462574005,0.5050982236862183,117.45383522727273,26.64568060506695,13.573107735012309,16.891019018357703,15.930004080211358,15.51715265251936,17.169559922092304,41.83779785013671,metal
0.25672000646591187,94.1856460571289,-32.401512145996094,45.45294189453125,-15.199273109436035,25.886077880859375,-12.390216827392578,19.618541717529297,-6.805022239685059,17.224979400634766,-12.985888481140137,13.681323051452637,-8.688226699829102,2522.1247438723517,5088.755539896317,0.1385170449052591,0.22971004247665405,0.456546425819397,0.4794265627861023,0.5598987340927124,0.5317528247833252,0.5248848795890808,0.4464152455329895,0.41794273257255554,0.4969276487827301,0.40635421872138977,0.47059836983680725,0.5251363515853882,0.4512024521827698,151.99908088235293,20.956036549413742,12.821289237810884,15.797472269106914,14.85733238203633,16.21745472324432,16.509579043995345,39.05487476191023,metal
-46.60955047607422,86.80200958251953,-34.776668548583984,49.884212493896484,-18.167682647705078,28.716508865356445,-23.47431182861328,15.655808448791504,-8.934667587280273,10.588918685913086,-18.180574417114258,12.433220863342285,-13.548778533935547,2647.101020975536,5304.828659730279,0.1577129555781129,0.15188850462436676,0.4268493950366974,0.4362725019454956,0.36472079157829285,0.44504913687705994,0.4622165858745575,0.38153398036956787,0.520238995552063,0.40481677651405334,0.42785805463790894,0.4475669860839844,0.44418445229530334,0.5324419736862183,103.359375,23.807784003296106,13.797547893650114,16.579541822609045,16.22287533458199,18.151385594657146,18.261626958434015,43.52511130248882,metal
-96.3197021484375,90.94971466064453,-32.219547271728516,54.328330993652344,-23.03435516357422,27.715986251831055,-16.943092346191406,21.053058624267578,-18.197134017944336,22.60837745666504,-9.003788948059082,14.271801948547363,-10.993185043334961,2629.8501440745704,5190.917515588747,0.15901012966453984,0.08825738728046417,0.4659911096096039,0.3684196472167969,0.3971497714519501,0.4603424072265625,0.4128512442111969,0.4918248653411865,0.4132174551486969,0.47320660948753357,0.37921708822250366,0.42818117141723633,0.5037103295326233,0.41978025436401367,123.046875,17.31644574547923,14.099232683677867,17.010793833313077,16.35537557279654,16.607446436810612,17.18660775737404,41.30838759321096,metal
22.829608917236328,60.81942367553711,-6.397702693939209,53.16032791137695,-13.251241683959961,27.902629852294922,-14.308225631713867,29.683225631713867,-17.33041763305664,20.300092697143555,-9.741711616516113,17.123071670532227,-8.250260353088379,3338.5301942115357,6670.904725112384,0.18673944436388246,0.26713889837265015,0.4216446876525879,0.49152249097824097,0.5272104740142822,0.5706812739372253,0.6035094261169434,0.58243727684021,0.513633668422699,0.4959019124507904,0.5030328631401062,0.5605281591415405,0.4999050199985504,0.4295142590999603,95.703125,20.09731201481559,12.890917703381085,15.83712686530762,14.879635271211598,14.6769244670137,15.009683086243275,40.296242576159585,metal
-129.66246032714844,104.03298950195312,-26.97075080871582,68.23634338378906,2.4252662658691406,22.5843448638916,-12.082626342773438,17.048145294189453,-5.6711859703063965,13.662890434265137,-2.794212579727173,5.3808393478393555,-2.9976446628570557,1988.3335983380546,4148.097629060325,0.09239202677880898,0.1332734078168869,0.4127190113067627,0.36768877506256104,0.33824965357780457,0.43410417437553406,0.592827320098877,0.4226459264755249,0.2987407147884369,0.3877496123313904,0.4409407079219818,0.5074865818023682,0.4581853151321411,0.3974885046482086,117.45383522727273,18.94257153399948,15.952386469316295,17.931264465346462,16.257006027776345,17.030022390377063,19.22808829328452,38.72027835730042,metal
-90.71682739257812,128.03282165527344,-34.7298698425293,73.73096466064453,4.348352909088135,28.087520599365234,-0.521448016166687,17.345399856567383,4.391153812408447,12.304351806640625,2.2642078399658203,5.675271987915039,-6.760372638702393,1443.8328603987698,3286.428103701421,0.046537772500966745,0.26595938205718994,0.19764529168605804,0.2535597085952759,0.5305768847465515,0.6762836575508118,0.6031669974327087,0.41659510135650635,0.4690570533275604,0.5864333510398865,0.5346536040306091,0.49084359407424927,0.44233787059783936,0.2713211178779602,151.99908088235293,24.18063441414169,13.700634476776196,16.466836125007983,15.317217344629059,16.102440321654466,18.008961572298084,38.0989965999896,metal
-93.54412841796875,100.64615631103516,-23.339111328125,52.49063491821289,-7.746713161468506,39.5909423828125,-7.766726016998291,26.725873947143555,-12.482563018798828,11.733806610107422,-10.551813125610352,23.023441314697266,-9.955352783203125,2141.580203124421,4683.230201384861,0.08463503903228925,0.14654946327209473,0.41406041383743286,0.3222605884075165,0.3653329312801361,0.4330006241798401,0.5035400390625,0.44257667660713196,0.24686698615550995,0.23673051595687866,0.3613368570804596,0.5294716954231262,0.6484130620956421,0.6192222833633423,89.10290948275862,26.173567460153702,14.63107380200003,15.454630210275374,16.689843231035944,17.979292041660816,17.785951690436633,41.79076904810508,metal
-96.65291595458984,101.7248764038086,-16.83579444885254,47.30033874511719,-27.080928802490234,28.283823013305664,-17.18102264404297,21.641132354736328,-17.88521957397461,7.021393775939941,-14.604522705078125,15.22176456451416,-16.001876831054688,2323.601876230782,5018.635236912703,0.1200435487964037,0.11595992743968964,0.3514425754547119,0.40469980239868164,0.28600171208381653,0.3811365067958832,0.5319302082061768,0.45227429270744324,0.428850382566452,0.32886725664138794,0.431844562292099,0.28370726108551025,0.24221855401992798,0.43873685598373413,135.99917763157896,20.1163377829431,16.198197619255158,18.31382353911746,18.975346991924553,19.217087306314678,18.189036775642602,42.36452662907845,metal
-67.92382049560547,108.93853759765625,-33.8289794921875,50.48988723754883,-21.362123489379883,21.491247177124023,-14.870392799377441,11.620576858520508,-19.260173797607422,10.526651382446289,-13.919647216796875,5.553816318511963,-14.43082332611084,2090.1932438829335,4392.865032718242,0.09328588735015468,0.16623125970363617,0.28045085072517395,0.3771418333053589,0.5663641095161438,0.42583516240119934,0.36557215452194214,0.25049176812171936,0.2274092435836792,0.2846207618713379,0.30757126212120056,0.46554139256477356,0.32979467511177063,0.2229427546262741,117.45383522727273,27.071826161039652,16.599402662191885,17.84799144070986,16.44700484525873,16.58544334984128,17.33225047721542,40.73865824410625,metal
-105.01982879638672,80.71131896972656,-28.52495765686035,66.80887603759766,-20.705503463745117,29.1174259185791,-9.361180305480957,22.350223541259766,-12.04578685760498,13.597408294677734,-14.733175277709961,11.056682586669922,-15.270405769348145,2644.877602537062,5176.9201008736945,0.1416087375531709,0.09198470413684845,0.3787464201450348,0.3427693843841553,0.41957181692123413,0.44336599111557007,0.5501290559768677,0.5149906277656555,0.5224714279174805,0.5495093464851379,0.45143163204193115,0.3836543560028076,0.3378147780895233,0.4385918974876404,172.265625,17.77828397920517,15.514381589215272,15.290345778492293,15.683375193469475,15.583586655699731,17.17128781856638,40.68818690746159,metal
-104.72376251220703,87.75372314453125,-33.24885940551758,48.4742546081543,-28.912521362304688,22.514240264892578,-24.980127334594727,20.53738021850586,-12.062983512878418,18.249126434326172,-15.186173439025879,10.295275688171387,-13.891188621520996,2707.0187382903955,5291.122684345998,0.16082730628866976,0.09046082943677902,0.37174636125564575,0.27363914251327515,0.3346855044364929,0.32051193714141846,0.45817679166793823,0.3925648033618927,0.4619973301887512,0.48481059074401855,0.40107816457748413,0.40894386172294617,0.426183819770813,0.5492376685142517,107.666015625,19.260674246962026,13.779452204487137,16.951654962755633,18.400067721453212,17.01105020466918,17.28476103315005,41.239367406764394,metal
-35.46846008300781,94.10063934326172,-24.21721839904785,43.31534194946289,-16.38092803955078,29.513051986694336,-5.864532947540283,28.4454402923584,-13.962112426757812,13.745397567749023,-9.19917106628418,15.588233947753906,-8.497489929199219,2446.248861797538,5192.782727305685,0.12111678569702243,0.1853938102722168,0.5629004836082458,0.6418410539627075,0.5177149772644043,0.4775873124599457,0.5442067384719849,0.5037492513656616,0.5517663955688477,0.49471426010131836,0.5186246633529663,0.4732324182987213,0.52524334192276,0.5399642586708069,151.99908088235293,26.395859957510513,14.538694327302863,16.380471824441095,16.02435347434749,15.771075769875036,16.68029704577869,43.00897821363434,metal
-51.62095260620117,86.17162322998047,-20.27829360961914,59.064002990722656,-10.875287055969238,27.53513526916504,-11.259489059448242,23.944517135620117,-11.56258773803711,13.299591064453125,-9.016209602355957,13.918654441833496,-10.735527038574219,2493.5070129592464,5104.942913011166,0.12817326167343387,0.18817004561424255,0.5053516626358032,0.5261580944061279,0.6645374894142151,0.5875675082206726,0.5357354283332825,0.49162501096725464,0.47487783432006836,0.4406193494796753,0.48182380199432373,0.5455609560012817,0.486668199300766,0.4796886444091797,161.4990234375,24.074661085078585,14.401322934192072,16.19243494271856,15.177380069561954,15.723497937210894,16.948566975412575,42.05972807662485,metal
-82.13018798828125,98.281494140625,-16.52184295654297,68.43462371826172,1.4349230527877808,29.857725143432617,-5.281960487365723,24.396568298339844,-10.477876663208008,14.397420883178711,-7.896055221557617,10.021554946899414,-8.499244689941406,1983.7751575084244,4242.224206061485,0.08622601266434649,0.1860257387161255,0.5764358639717102,0.48624640703201294,0.5236275792121887,0.4309656023979187,0.4727708101272583,0.4437685012817383,0.44019460678100586,0.44641944766044617,0.5295073390007019,0.5790328979492188,0.44605201482772827,0.5272997617721558,112.34714673913044,25.002749541569482,14.606312781066011,17.485389360007186,15.95065266590879,16.35394390221524,17.81327446791825,41.37161347599591,metal
-95.38948059082031,92.07624053955078,-28.034975051879883,52.78475570678711,-3.020197868347168,25.39544105529785,-6.132023334503174,20.092926025390625,-10.223895072937012,12.403390884399414,-8.271536827087402,11.690028190612793,-9.267027854919434,2241.1592830281,4490.771994181409,0.11569735474671307,0.13896144926548004,0.4911890923976898,0.567154586315155,0.5893081426620483,0.4694332480430603,0.49565446376800537,0.5057382583618164,0.5926013588905334,0.6455467939376831,0.4796518385410309,0.42005839943885803,0.4011084735393524,0.4684155583381653,151.99908088235293,24.327525556411523,14.079647597652105,16.42898871768455,15.876154466339575,16.148588325973073,17.587599291180002,40.24998186172113,metal
-66.68023681640625,88.36957550048828,-27.548221588134766,53.18235778808594,-9.19176197052002,27.966815948486328,-8.108184814453125,26.296600341796875,-8.240403175354004,12.689763069152832,-7.128515243530273,13.68277359008789,-8.36914348602295,2375.3719707454475,4898.1542175717805,0.10796566850348027,0.17008242011070251,0.5556800961494446,0.554876446723938,0.6462703347206116,0.5244541168212891,0.5091830492019653,0.5023427605628967,0.4738297462463379,0.506142258644104,0.4822158217430115,0.5378004312515259,0.4386579096317291,0.4635939598083496,143.5546875,24.56111157419578,13.713602476924102,16.780891269087093,15.790403546691797,15.621059997999263,17.018590803299844,41.7620260161201,metal
-94.50770568847656,55.67103958129883,29.266260147094727,27.035043716430664,20.046722412109375,1.1847865581512451,12.946828842163086,-0.7985385656356812,8.866568565368652,-0.6815192103385925,-5.342507362365723,2.2080843448638916,-4.613619327545166,3422.0718638777685,7953.037936394287,0.1267201245891338,0.18578337132930756,0.38352710008621216,0.32721734046936035,0.3898005783557892,0.3257210850715637,0.4620557725429535,0.4804469048976898,0.3397779166698456,0.47913146018981934,0.4007169008255005,0.4114338755607605,0.33825042843818665,0.3377639651298523,135.99917763157896,20.816860184080976,17.115676667890277,20.364610831773263,19.89147905997951,19.0293109194691,18.117199187763127,16.80717484232418,pop
-59.16709518432617,45.31407165527344,36.86272048950195,15.699399948120117,15.664841651916504,1.6692802906036377,7.293103218078613,8.811882019042969,5.8277201652526855,7.989068031311035,-2.279585123062134,1.903961181640625,-0.9152529835700989,3702.062802894826,8072.9693844257545,0.14939442551237433,0.26224416494369507,0.4467497766017914,0.3625298738479614,0.36260631680488586,0.418584942817688,0.40150880813598633,0.5125421285629272,0.4132657051086426,0.5119886994361877,0.4599575400352478,0.35681071877479553,0.3681907653808594,0.34144091606140137,107.666015625,17.730563055296322,15.648287511507652,20.13592936225018,20.199694998219258,19.355986532384406,18.105172487890673,15.982812734934702,pop
-59.60099411010742,62.97367858886719,31.116804122924805,16.918834686279297,8.888801574707031,10.814812660217285,10.55417537689209,5.1616034507751465,5.389708995819092,6.149231433868408,2.2691659927368164,4.246997356414795,4.121748924255371,3214.01967827975,7424.267068318591,0.11886608480761794,0.2150869518518448,0.4758220613002777,0.4334372580051422,0.482867568731308,0.34017330408096313,0.28770333528518677,0.2996880114078522,0.32758066058158875,0.41156378388404846,0.42162591218948364,0.5607322454452515,0.5467191338539124,0.42581307888031006,129.19921875,22.326238715640958,14.9371106572056,19.52468084711363,17.972785946907866,16.482773554504845,15.888376007716026,14.965856531069726,pop
-125.87874603271484,126.59248352050781,-23.164230346679688,36.222904205322266,20.941078186035156,-1.1781331300735474,16.492630004882812,-3.6442105770111084,6.520102024078369,9.341533660888672,-6.403242588043213,3.8655266761779785,-7.9430036544799805,1837.4928259861476,3671.361171784368,0.08532308886794276,0.1293409764766693,0.37302976846694946,0.3387501835823059,0.5640999674797058,0.3675501346588135,0.2707020938396454,0.32195720076560974,0.38615918159484863,0.7105026245117188,0.44133931398391724,0.40239420533180237,0.32879847288131714,0.4135599732398987,92.28515625,24.43062574300197,16.479660012114678,19.29595000681184,19.52961411930135,20.696260822181173,27.088198352560525,20.29357081996644,pop
-20.93232536315918,83.24617767333984,5.052232265472412,16.36214828491211,9.399237632751465,-0.5642671585083008,4.039578437805176,6.204655647277832,9.118701934814453,5.864222526550293,-3.504336357116699,-0.6381916403770447,-3.169013738632202,2753.2347231451085,5986.838327925609,0.12370886806361175,0.211077019572258,0.3801475465297699,0.3578004837036133,0.4270308017730713,0.333430677652359,0.3956971764564514,0.32681870460510254,0.3493560254573822,0.3935334384441376,0.42253702878952026,0.47658196091651917,0.35892632603645325,0.3909797966480255,107.666015625,24.925227195085753,15.165159074827056,17.76289219439138,19.6997109657483,17.8312434689715,17.249719337843615,15.551668699125987,pop
-113.55394744873047,90.01779174804688,-5.54090690612793,25.571491241455078,2.611034631729126,3.191845178604126,1.131387710571289,6.1513776779174805,2.7998387813568115,-1.8603817224502563,-7.114578723907471,-3.446770191192627,-5.915337562561035,2290.14021271062,4748.687475076131,0.10673155935808198,0.13958415389060974,0.2622939944267273,0.4336341619491577,0.2654978930950165,0.2777465581893921,0.21248573064804077,0.2198990434408188,0.5161406397819519,0.31997257471084595,0.30865153670310974,0.24065916240215302,0.38187968730926514,0.43975427746772766,112.34714673913044,24.169014070101557,16.385956411606276,19.025595753112015,20.353499625351184,19.337878203805325,19.50593237842313,19.903983547601822,pop
-169.12945556640625,94.6490707397461,24.480030059814453,27.384008407592773,11.639039039611816,14.885311126708984,4.237239360809326,12.38132381439209,10.709880828857422,5.124197483062744,-0.3483767807483673,1.2524843215942383,-4.1571431159973145,2125.387814463357,4978.558165512616,0.06768001075502707,0.09394184499979019,0.5529875755310059,0.3799915909767151,0.3228166997432709,0.2577659487724304,0.2783620059490204,0.3521840572357178,0.392217218875885,0.6124788522720337,0.3793782591819763,0.27565497159957886,0.26025786995887756,0.42935726046562195,92.28515625,23.43627743154446,15.816878211108564,16.545885340915085,18.69323778791816,17.636909104436832,17.18755646023129,15.555829988736592,pop
-224.4059295654297,107.35061645507812,-1.5871206521987915,13.89054012298584,8.119407653808594,-9.372529029846191,8.114500045776367,9.291044235229492,9.097890853881836,6.0209808349609375,-6.66242790222168,2.0678560733795166,6.1881632804870605,1967.744332450365,4125.7567226471865,0.08230050331109823,0.08430226147174835,0.1829591989517212,0.2834164500236511,0.44781047105789185,0.22137370705604553,0.1272830367088318,0.13074490427970886,0.17604225873947144,0.20240041613578796,0.21219691634178162,0.49763554334640503,0.3331039845943451,0.2055036425590515,129.19921875,19.208875008917833,18.220570476128714,23.54679867015094,25.80774890901152,23.253237378275642,23.878711848124723,17.53201229378505,pop
-52.421504974365234,74.03341674804688,12.680926322937012,24.49555206298828,21.097579956054688,1.903934121131897,6.809505462646484,4.729846954345703,8.409067153930664,8.243972778320312,-2.2749781608581543,-1.1975456476211548,-2.679471254348755,2884.9162662284352,6428.876851163718,0.12125651041666667,0.19541576504707336,0.3686157464981079,0.38456523418426514,0.41135334968566895,0.6037188172340393,0.4557606875896454,0.4011440575122833,0.3386581242084503,0.34271079301834106,0.5286706686019897,0.3714435398578644,0.33800846338272095,0.2999356687068939,172.265625,21.67086601035218,15.67582242209727,18.620844324314966,19.671212718115807,19.519318374347886,18.396098538781626,16.016070257122678,pop
-35.28506088256836,61.2667121887207,14.046018600463867,28.64896583557129,4.323976993560791,-1.3649801015853882,-0.7844542264938354,5.128747463226318,5.351768493652344,1.2258380651474,-7.261650562286377,-0.520430326461792,0.21532706916332245,3279.5319127248636,6952.518387017836,0.1727420485305491,0.15963758528232574,0.41164129972457886,0.5412406325340271,0.4128662049770355,0.4376040995121002,0.4245624244213104,0.37697142362594604,0.523655116558075,0.4097740352153778,0.43249639868736267,0.46730244159698486,0.5129992365837097,0.504783034324646,107.666015625,21.466471930456645,13.392229064690026,16.907452145182976,18.20709538709854,18.083560310774306,16.45110454655437,14.994681422147613,pop
-111.2094955444336,103.16529083251953,10.905522346496582,34.35730743408203,22.33989906311035,17.869792938232422,6.807889938354492,6.331836700439453,5.493647575378418,0.6140276789665222,0.338711678981781,3.830157518386841,2.0371508598327637,1900.384454029494,4189.7318191705335,0.06617287195475638,0.1839577704668045,0.3089395761489868,0.41892245411872864,0.3174811005592346,0.3178686499595642,0.49530839920043945,0.38152819871902466,0.4078611731529236,0.3210037052631378,0.4017965495586395,0.4834008812904358,0.3348454236984253,0.3471400737762451,107.666015625,24.41262464902862,17.589617611871212,21.20143766678961,20.587068613828162,21.338418177156107,19.083820341767233,16.459584285716474,pop
-240.68844604492188,97.1330337524414,0.4079643785953522,-0.2715408205986023,-10.476205825805664,-15.742857933044434,1.377421259880066,-17.87753677368164,-9.086610794067383,-8.762850761413574,-14.263193130493164,-5.500077247619629,-8.35724925994873,2200.3688928200886,4626.45781975058,0.08708475323859242,0.055756837129592896,0.17313838005065918,0.14548958837985992,0.27984821796417236,0.0980217307806015,0.18087360262870789,0.2934262454509735,0.16595852375030518,0.3710117042064667,0.21488535404205322,0.43373537063598633,0.23664066195487976,0.11476320773363113,123.046875,19.78095496282796,22.407180995855484,25.212909265418578,24.243812555691733,21.824050802510165,21.77437761454886,16.92353462797248,pop
-50.826904296875,80.23307037353516,-9.29802417755127,20.28350067138672,12.087593078613281,6.78058385848999,6.277933120727539,3.4262053966522217,-3.9560768604278564,2.573789119720459,-5.701187610626221,0.4910229742527008,-0.5715530514717102,2679.229420619229,5533.5918807098315,0.12588517498066512,0.16415470838546753,0.42021089792251587,0.3592223525047302,0.4113391935825348,0.41325923800468445,0.36195826530456543,0.48717427253723145,0.3376805782318115,0.34639087319374084,0.33451229333877563,0.3910907208919525,0.4163718819618225,0.35075727105140686,99.38401442307692,22.221432225892208,15.900942757428663,18.909906663083696,18.7682864325913,19.284349820088963,18.562567680519283,15.929648976477383,pop
-161.62132263183594,85.57525634765625,53.263668060302734,32.20747375488281,27.1820068359375,11.316001892089844,7.889789581298828,8.760384559631348,1.2601902484893799,13.195226669311523,0.06550408154726028,4.827263832092285,3.107736110687256,2150.030333919017,5224.7411316342805,0.05164452218677494,0.17301951348781586,0.5437066555023193,0.37905532121658325,0.3295861780643463,0.2289411723613739,0.24656203389167786,0.32459840178489685,0.3156605362892151,0.36019936203956604,0.3471965193748474,0.3783988058567047,0.4118204712867737,0.40830111503601074,143.5546875,24.756397374473057,20.541025293857196,22.328423273626843,20.088040158811886,20.123605230371464,19.32801783284864,16.434112636017947,pop
-135.3438720703125,107.81293487548828,-13.434144020080566,19.037147521972656,8.818380355834961,12.483625411987305,1.0202107429504395,11.321146011352539,2.55645751953125,1.2326732873916626,-6.387117385864258,5.866214752197266,2.8857545852661133,1997.9152625255454,4139.121297672564,0.08802619574149265,0.07802550494670868,0.5171506404876709,0.5005013346672058,0.4706856608390808,0.5539350509643555,0.41259294748306274,0.3390912711620331,0.30473852157592773,0.37444794178009033,0.4139179587364197,0.378935843706131,0.41657623648643494,0.4294254183769226,117.45383522727273,15.986978910976816,15.382520884912761,17.78533103612863,16.279433504815614,18.077669861199894,17.104984615317576,16.650299075197854,pop
-45.799072265625,65.26661682128906,12.929743766784668,14.511338233947754,7.017360687255859,4.410113334655762,6.603431701660156,3.2921524047851562,7.733731746673584,4.053466320037842,3.6582374572753906,2.600369453430176,4.050683498382568,3207.617470903022,7020.323829031323,0.1415838136842614,0.19606980681419373,0.5424721837043762,0.42119795083999634,0.4234032928943634,0.4012938439846039,0.3016200065612793,0.3129729926586151,0.36086592078208923,0.44597703218460083,0.34322047233581543,0.3256833255290985,0.36343470215797424,0.3987578749656677,103.359375,23.442346998267848,14.433133210272103,18.54274644051236,17.63641213434086,17.439585912344008,16.126582132604725,15.60506427239171,pop
-97.05398559570312,51.83452224731445,18.751598358154297,20.48731803894043,5.610611438751221,3.575838088989258,5.5739874839782715,0.7409076690673828,7.338095188140869,1.6581377983093262,-2.697901725769043,-0.44195833802223206,-1.0840603113174438,3488.897943286259,7496.760520138486,0.1533135150812065,0.1465684175491333,0.39611130952835083,0.4426928460597992,0.40839916467666626,0.48618707060813904,0.35334503650665283,0.32634207606315613,0.3720000684261322,0.3003985583782196,0.33486807346343994,0.3343522846698761,0.45055505633354187,0.46048080921173096,112.34714673913044,20.60809869420229,17.346992491520624,18.429138548720353,18.216105027988807,17.69879739152071,16.50860776508745,15.238965079725702,pop
-53.10432815551758,78.314208984375,2.2618343830108643,18.830137252807617,3.8708808422088623,2.512383460998535,-3.809051513671875,6.806990146636963,-0.8187624216079712,8.751581192016602,-4.802149772644043,-2.1515331268310547,1.293491005897522,2789.3877172068255,6113.039884987674,0.12616349151682135,0.14306944608688354,0.39986711740493774,0.49120938777923584,0.36899858713150024,0.45550456643104553,0.3702892065048218,0.40680304169654846,0.6273548603057861,0.44456133246421814,0.40188172459602356,0.3903021812438965,0.443855881690979,0.4236867129802704,112.34714673913044,17.374066809471444,15.37867248991434,16.574877665161136,16.819879245748137,16.745714325237614,16.867157492034316,16.74849243574557,pop
-48.960479736328125,62.627906799316406,34.22712326049805,12.32216739654541,16.56319808959961,8.615025520324707,8.765819549560547,5.259592056274414,6.799548625946045,9.06004810333252,-4.0810699462890625,-0.7451284527778625,-0.3800390958786011,3433.9852325067322,7932.862007866879,0.12767176322022428,0.20743432641029358,0.47443845868110657,0.38627269864082336,0.36735817790031433,0.48578158020973206,0.3925994038581848,0.36721479892730713,0.3067304193973541,0.42944976687431335,0.5332220792770386,0.38102155923843384,0.417372465133667,0.37864044308662415,123.046875,22.282596102079104,15.40884231532111,19.580195368113667,19.40673205163242,18.547870113222864,15.990152127840828,14.831899563216918,pop
-25.120616912841797,70.80852508544922,2.9293947219848633,7.533096790313721,1.4523046016693115,2.8564467430114746,1.9144237041473389,-6.821269512176514,0.2993656396865845,-1.9430240392684937,-6.645997047424316,-0.24678155779838562,-0.7579963803291321,3131.3254325021653,6553.363079593242,0.15598678883894046,0.21086522936820984,0.48676174879074097,0.3867388963699341,0.4956474304199219,0.49854421615600586,0.3175034523010254,0.2853391170501709,0.2972627878189087,0.47512513399124146,0.29720327258110046,0.24597425758838654,0.3674590289592743,0.3655936121940613,92.28515625,20.29324484411627,15.376010243261057,18.328971882939452,18.34540675415185,18.79836363791656,17.337539452659776,15.49440597125204,pop
13.437182426452637,58.2346305847168,-2.180756092071533,5.017562389373779,8.057977676391602,-0.4925696551799774,4.0949907302856445,2.251335620880127,4.3020148277282715,3.597891092300415,-0.49684014916419983,2.4198663234710693,1.8900309801101685,3486.4421684913805,7442.561131453016,0.17964142860595514,0.2480057328939438,0.5206365585327148,0.3345378339290619,0.42295190691947937,0.4603126049041748,0.3468056619167328,0.3947715759277344,0.37669938802719116,0.5040978789329529,0.41429728269577026,0.3755456209182739,0.4150615334510803,0.3822040855884552,107.666015625,19.844530625308753,14.422671314575078,17.736340850772635,17.112052157218816,17.571596998263587,16.70113305319938,14.656235835503356,pop
-23.213329315185547,53.82878875732422,-0.6723453402519226,14.730805397033691,4.880046367645264,6.732577323913574,4.846349716186523,4.953851222991943,4.270914077758789,3.1137921810150146,2.5477359294891357,2.987114667892456,4.636804580688477,3501.7665177124118,7199.7089005401685,0.18691957596191028,0.19351787865161896,0.6543007493019104,0.4507969915866852,0.5226454138755798,0.5713005065917969,0.49354949593544006,0.47297176718711853,0.4221669137477875,0.5485239624977112,0.494904100894928,0.44260138273239136,0.48066332936286926,0.49989137053489685,99.38401442307692,17.93612144581252,14.06119787331118,16.244162539021694,15.527824148427563,16.11545120057711,16.130837501778988,15.055293390145302,pop
-45.73050308227539,65.27396392822266,12.928244590759277,14.523944854736328,7.032851219177246,4.39462947845459,6.623768329620361,3.2991151809692383,7.727779388427734,4.0600504875183105,3.662517547607422,2.6021337509155273,4.048970699310303,3206.647958001011,7019.799238235933,0.14153094487142304,0.19603845477104187,0.5441749095916748,0.4202542304992676,0.424197793006897,0.39973241090774536,0.3009492754936218,0.31294092535972595,0.36338090896606445,0.4459863305091858,0.3425821363925934,0.3254237473011017,0.36318057775497437,0.4008638858795166,103.359375,23.427457594901057,14.39237427713462,18.543179928565614,17.70684961308098,17.460988308478786,16.11621392873518,15.600141017657933,pop
-44.2902717590332,51.35346603393555,24.983470916748047,12.159331321716309,10.877900123596191,7.619054317474365,8.214765548706055,-0.7635586857795715,5.949929237365723,4.75514554977417,-2.5091753005981445,1.3244870901107788,-1.9542975425720215,3758.7805887809614,7853.9235834179235,0.1775614184551431,0.21067924797534943,0.45636633038520813,0.36273902654647827,0.4042092561721802,0.40889155864715576,0.4726528525352478,0.40087035298347473,0.3425294756889343,0.4554622769355774,0.36824241280555725,0.3500531315803528,0.31673088669776917,0.38149186968803406,103.359375,21.276160530564514,16.54400056633293,19.537338019691294,18.229398635790947,18.108530979593855,16.497480838639554,15.026621213355012,pop
-40.90408706665039,61.53999328613281,9.868572235107422,10.098779678344727,8.45436954498291,5.371933460235596,8.382929801940918,3.518721342086792,8.250459671020508,5.878693103790283,-0.09783139824867249,-0.5606231689453125,0.5559625625610352,3301.0929850079233,7301.5711100638055,0.14444628226508122,0.20741426944732666,0.3589239716529846,0.4472217857837677,0.3490358293056488,0.39470845460891724,0.4625079929828644,0.3737715780735016,0.4397764801979065,0.42213869094848633,0.5127318501472473,0.44014060497283936,0.3342791795730591,0.39804571866989136,117.45383522727273,23.540845701705045,14.645395200157958,19.146656355837028,18.610427343338742,18.27655279112527,16.59347908730818,15.365955043762085,pop
-106.82719421386719,81.0334243774414,47.80903244018555,13.651415824890137,13.011486053466797,6.8780903816223145,7.586581707000732,-2.6358704566955566,-2.5064446926116943,1.8714426755905151,-5.137115478515625,-2.7479076385498047,-3.6657841205596924,2927.9899764980723,6815.933262942285,0.10568551213263727,0.18959826231002808,0.33465495705604553,0.32049697637557983,0.4364912509918213,0.31975850462913513,0.3421018123626709,0.2535892724990845,0.3360491096973419,0.447381854057312,0.30038705468177795,0.3151165843009949,0.2693767547607422,0.28805068135261536,151.99908088235293,23.734989815977592,18.811218817129166,21.15540932787897,19.425882541792564,18.620501888100517,17.503728393345042,15.824221438496053,pop
-73.37297821044922,97.49156951904297,16.854249954223633,-0.5943871736526489,7.181828022003174,4.867854595184326,0.7571249008178711,-5.54803991317749,0.9984069466590881,4.928650379180908,-5.832594871520996,-4.9275803565979,-0.031149785965681076,2525.5919589591927,5552.801896026682,0.10349447747486465,0.19562603533267975,0.46360689401626587,0.28737494349479675,0.31638020277023315,0.24584953486919403,0.32324156165122986,0.2670743465423584,0.2503437399864197,0.5415582060813904,0.39110609889030457,0.3471083343029022,0.2441636174917221,0.341732382774353,151.99908088235293,23.05419348222171,16.148042456468126,20.404100961892855,20.438198591531567,20.543939809538927,17.858626277131354,15.555748875963232,pop
-75.35942077636719,83.3507080078125,10.695161819458008,14.46049976348877,14.239106178283691,7.397377014160156,5.280898571014404,-0.39323198795318604,5.7210798263549805,3.3658254146575928,-2.5226786136627197,-4.216174602508545,-1.8445048332214355,2682.2841409756757,5956.0789882721865,0.1018672509425754,0.1579022854566574,0.3002365529537201,0.3792578876018524,0.4703218936920166,0.32553136348724365,0.3427848517894745,0.3140673339366913,0.4426756799221039,0.4012274742126465,0.3395589292049408,0.4199552536010742,0.3728894889354706,0.42283692955970764,83.35433467741936,22.257477745810696,15.955906319074455,18.06029938103098,18.04935103235328,18.72027369524662,17.201134480400686,15.138923545184584,pop
-45.62334060668945,74.72908020019531,15.965052604675293,14.79288387298584,8.999276161193848,8.206912994384766,5.683764457702637,5.250795841217041,5.3961920738220215,2.4387598037719727,0.7776869535446167,1.175240159034729,-2.3549675941467285,2945.9657785971135,6654.684044645446,0.12120741794760248,0.19454771280288696,0.3218027353286743,0.2433369904756546,0.3653145432472229,0.4600415527820587,0.3090393841266632,0.3542706072330475,0.3034316897392273,0.4589678645133972,0.34239330887794495,0.30195263028144836,0.43306705355644226,0.2997479736804962,99.38401442307692,21.29323271452337,15.482981042403713,19.255323317683256,18.948777844292927,17.729265968939433,15.698660809863444,14.695529790506884,pop
-40.52333068847656,73.4902572631836,22.620023727416992,12.34980583190918,14.86184024810791,8.94253921508789,5.301320552825928,9.018853187561035,2.085467576980591,4.299256324768066,-3.13757586479187,1.8477221727371216,2.0355570316314697,2988.4872553900304,6919.161073901537,0.11151920799497293,0.2340933382511139,0.3696463704109192,0.4693466126918793,0.33673015236854553,0.3693676292896271,0.3380904197692871,0.3375869691371918,0.32826629281044006,0.3539865016937256,0.4473731219768524,0.3054988384246826,0.32346197962760925,0.2769366502761841,161.4990234375,21.355116140072887,16.937597920830612,19.917245807518654,19.389348565813357,18.740266549932457,16.74057127653005,15.671260880964969,pop
-18.168489456176758,72.28312683105469,-4.891368389129639,-0.37640291452407837,1.6872769594192505,-0.9244457483291626,-1.32867431640625,-0.3421870172023773,0.6516298651695251,-0.18650616705417633,-1.224008321762085,-1.0513291358947754,2.5230042934417725,3070.672740776136,6653.076964907193,0.14867918600154678,0.2030930370092392,0.4007238745689392,0.5337439775466919,0.29123884439468384,0.37242400646209717,0.2601058781147003,0.3724288046360016,0.25671669840812683,0.28970932960510254,0.4684753715991974,0.32156360149383545,0.441122829914093,0.2833118736743927,95.703125,17.128993701014466,15.240058004091189,18.90024370628479,18.534917413908612,18.59857313391601,16.449350903165016,15.306145634179991,pop
-18.84539031982422,71.3256607055664,-3.7668960094451904,-1.4087265729904175,0.7054630517959595,-1.0589547157287598,-1.0548250675201416,-0.24742084741592407,0.6257232427597046,0.42704319953918457,-1.5037423372268677,-1.0761550664901733,2.4198708534240723,3110.8981962269786,6744.988602994489,0.15285733275328692,0.19832180440425873,0.4127974212169647,0.5374293923377991,0.30100199580192566,0.3794880211353302,0.2696349620819092,0.3801683187484741,0.264904260635376,0.30302542448043823,0.4735967516899109,0.3320732116699219,0.44547516107559204,0.29371020197868347,95.703125,17.23386190385255,14.865518132610863,18.241216639267055,18.56331994607732,19.586907503664804,17.00706434135334,15.156098914568132,pop
-113.16300201416016,41.597984313964844,21.517518997192383,11.09809398651123,17.437097549438477,0.6096571087837219,3.029892683029175,0.08525055646896362,3.4522666931152344,0.2873941957950592,0.6187022924423218,1.261582374572754,2.8980767726898193,4225.461048306688,8483.38257685615,0.22864062197892498,0.09786053001880646,0.44361960887908936,0.4933563768863678,0.373925119638443,0.47826337814331055,0.4769025146961212,0.344425767660141,0.3899815082550049,0.40335386991500854,0.49143728613853455,0.38334912061691284,0.39093801379203796,0.4516783654689789,95.703125,18.65761741349112,15.536690252120753,18.645362051414747,17.341269828987894,17.7528631598983,16.97950166568722,15.764407064162812,pop
-68.98023986816406,73.76139831542969,-12.468052864074707,9.550568580627441,-0.04061080142855644,12.724538803100586,3.163581132888794,-0.07432033121585846,2.53292179107666,2.8792171478271484,-1.6728500127792358,-3.0156917572021484,1.6231787204742432,2835.1193752816057,5944.9793131888055,0.1370099061049884,0.13989581167697906,0.5449849367141724,0.3509768843650818,0.3880208432674408,0.33771318197250366,0.3912190794944763,0.43018418550491333,0.4479203522205353,0.5320002436637878,0.4041783809661865,0.4189034402370453,0.3539358973503113,0.4763958156108856,99.38401442307692,18.068244628045893,15.147921246365371,17.45593380793209,17.17473676795108,18.044150244581502,16.158495678689352,15.840534194666699,pop
-59.55325698852539,77.30152893066406,26.37185287475586,3.185246229171753,6.758668422698975,-0.05026804655790329,-0.6197856068611145,-0.6796597242355347,4.14129114151001,-0.443450391292572,-4.536903381347656,-3.5553581714630127,-2.1957290172576904,3141.575395070785,7236.996481202871,0.130993435203983,0.1875195950269699,0.35779955983161926,0.26544561982154846,0.3487511873245239,0.3038535416126251,0.29862159490585327,0.4752451181411743,0.2992289364337921,0.3152228593826294,0.26665180921554565,0.3970298767089844,0.4743725061416626,0.28934043645858765,95.703125,23.89555347758977,15.98349873111369,20.165247237728327,19.721156773904184,19.168202363190716,16.842869382152273,15.25816091601152,pop
24.324636459350586,68.9615249633789,-4.2270355224609375,-1.0471315383911133,5.240407943725586,2.989914655685425,4.333371639251709,4.280864238739014,6.430776596069336,3.631894826889038,0.11112181842327118,-0.010404794476926327,2.062168836593628,3194.0815505953037,6993.553044790458,0.15931563587587008,0.28242227435112,0.3549329936504364,0.43447718024253845,0.3412652611732483,0.47309327125549316,0.37543514370918274,0.2964424788951874,0.41536062955856323,0.3846191167831421,0.531369149684906,0.3547718822956085,0.48756903409957886,0.4939537048339844,107.666015625,18.405759742575487,13.474549629601867,16.94407006798913,18.18218533333327,18.618910848169918,16.45455736575836,14.579208709379628,pop
-44.171142578125,76.1800537109375,22.907930374145508,16.796279907226562,22.996109008789062,3.2776119709014893,6.90578031539917,0.09506850689649582,6.495517253875732,6.542290687561035,0.8548564314842224,2.7227675914764404,4.514956474304199,2944.414729189786,6878.242991861224,0.11505650920823667,0.2565145194530487,0.41780826449394226,0.3586180508136749,0.4490506649017334,0.4081724286079407,0.4762353301048279,0.4027615189552307,0.3568688929080963,0.4176355302333832,0.3593493700027466,0.3840136229991913,0.31053048372268677,0.3944181501865387,99.38401442307692,22.7445634112537,16.130450511181778,20.49320440291008,18.713836601411014,18.618564541256543,17.541091157746326,15.848432560894382,pop
4.7703776359558105,64.47057342529297,-2.4510316848754883,10.431800842285156,3.252835273742676,7.833549499511719,3.1029250621795654,1.4057888984680176,6.74539041519165,4.880411624908447,3.276714324951172,1.748433232307434,3.3328585624694824,3237.8331637065016,6701.355971758991,0.16480568445475638,0.24084238708019257,0.5543098449707031,0.48206454515457153,0.4842319190502167,0.44543933868408203,0.36022713780403137,0.36685091257095337,0.4201533794403076,0.5202144980430603,0.4546140134334564,0.4515778422355652,0.4284689724445343,0.4554726481437683,103.359375,19.08268071063209,12.937188592452571,16.319681841076914,15.669453077715284,16.69150041068512,17.194758169738748,15.716170289038285,pop
-15.759889602661133,59.259124755859375,-1.6016733646392822,12.559829711914062,8.738308906555176,3.9566612243652344,2.043591022491455,4.22416877746582,4.979794502258301,2.8969738483428955,2.3294625282287598,1.9885528087615967,1.715372085571289,3267.766911666797,6921.259437083092,0.14650325671887085,0.22168663144111633,0.32095786929130554,0.44713714718818665,0.33713796734809875,0.410076379776001,0.4888334572315216,0.360750287771225,0.40534088015556335,0.35647812485694885,0.5366020202636719,0.43664681911468506,0.3574898838996887,0.3504827916622162,92.28515625,24.168813641912873,15.121671371628947,18.48416086397716,17.552244100488046,17.65705036609414,16.10885423092388,14.876071360882692,pop
-19.463871002197266,51.930259704589844,36.985618591308594,13.08738899230957,14.581277847290039,3.204186201095581,15.301875114440918,-0.7822042107582092,7.2343645095825195,10.400960922241211,-0.37910374999046326,6.22635555267334,-1.1840757131576538,3934.6761086209804,8525.399801515372,0.18711179186001548,0.27967092394828796,0.39000385999679565,0.3441585898399353,0.3143240809440613,0.4259186089038849,0.44639065861701965,0.3264261782169342,0.3446492850780487,0.3151552081108093,0.45793700218200684,0.38461923599243164,0.3767721652984619,0.4822975993156433,83.35433467741936,21.222074359904244,16.91877281187714,19.919327501805103,19.32255572833861,19.11641561871728,19.24839049631633,17.409316404440716,pop
-76.91048431396484,113.3077163696289,-6.224120140075684,19.930395126342773,15.107154846191406,-3.2840230464935303,4.783031463623047,1.013845443725586,2.294792652130127,-0.014044859446585178,-3.7734737396240234,4.239926815032959,2.301614761352539,1962.10174151712,3820.6530506815543,0.09577563080046404,0.19923730194568634,0.3091225326061249,0.2416347861289978,0.3977442979812622,0.36267003417015076,0.21994304656982422,0.31839680671691895,0.17833346128463745,0.21028386056423187,0.16171061992645264,0.28282007575035095,0.5483586192131042,0.27626097202301025,129.19921875,22.520935174036136,16.509051949837215,20.862014211930536,20.880483078026465,22.678124900434966,21.772016641926655,16.705854931446382,pop
-204.7189483642578,101.62683868408203,26.38164710998535,9.19034481048584,10.47122859954834,5.117076396942139,-9.461806297302246,9.306168556213379,-12.484944343566895,-2.4797275066375732,6.222000598907471,-9.485393524169922,-2.5450127124786377,2053.421991383234,4506.518044881091,0.07533088324149265,0.08331508934497833,0.22793784737586975,0.21573784947395325,0.40689319372177124,0.32730206847190857,0.20763055980205536,0.40905487537384033,0.261819988489151,0.25036942958831787,0.19469106197357178,0.27559927105903625,0.3754805326461792,0.23562487959861755,107.666015625,25.635319987637544,19.60752504518172,23.800871375400945,22.64352092152311,21.515182246069717,20.75900875723269,18.110774424947042,pop
-37.08651351928711,68.898681640625,10.490167617797852,23.945831298828125,15.357447624206543,3.5560462474823,11.680304527282715,2.919626235961914,2.5507562160491943,4.755030632019043,-1.5914154052734375,2.562260627746582,-1.0137555599212646,3001.3998390078727,6442.932553744925,0.14367213179137664,0.22344695031642914,0.35245582461357117,0.4652610719203949,0.3230678141117096,0.409151554107666,0.4956604242324829,0.28689345717430115,0.332459419965744,0.33513861894607544,0.45934993028640747,0.35889923572540283,0.35990336537361145,0.3766908645629883,92.28515625,16.80756693015696,15.429971945922018,19.128714805702238,19.18913281214163,19.959597207397948,19.440821343580108,15.144540432948572,pop
-50.85370635986328,68.05084228515625,12.076207160949707,36.321773529052734,8.664505004882812,19.501598358154297,10.716681480407715,12.310911178588867,1.658845067024231,10.158865928649902,4.832503318786621,1.6959491968154907,2.7262327671051025,2702.9067305248905,5775.678042524652,0.10325052566705337,0.2541884779930115,0.4968131482601166,0.5988526344299316,0.44337376952171326,0.4513609707355499,0.37042054533958435,0.4826967120170593,0.47999414801597595,0.44088223576545715,0.5148811936378479,0.44237789511680603,0.49990686774253845,0.46057766675949097,135.99917763157896,22.622416463032668,14.818618927347535,19.379402479087297,18.269881242823928,18.079424048224006,16.512004742008074,16.76897951150148,pop
-47.97561264038086,54.154396057128906,-3.9600961208343506,21.49443817138672,13.905075073242188,5.998558521270752,13.758749008178711,1.0650277137756348,6.729171276092529,6.220572471618652,1.6177513599395752,0.4570346474647522,2.4155867099761963,3145.363680952142,6691.938317956062,0.13560510622099767,0.2226998656988144,0.4899458587169647,0.44525203108787537,0.47804465889930725,0.5057555437088013,0.3923179805278778,0.3581463098526001,0.43254005908966064,0.5636427998542786,0.47956225275993347,0.40081584453582764,0.4622654616832733,0.46601763367652893,117.45383522727273,24.246338739905685,15.647446106577384,18.95027956158748,17.68825645749698,17.511690093704573,18.535468960631647,15.569790409826487,pop
-71.62303924560547,81.1082992553711,16.360794067382812,8.947615623474121,13.826505661010742,-0.7539970874786377,12.511420249938965,-0.6541831493377686,3.0359156131744385,3.063342332839966,-3.2248902320861816,-1.3291912078857422,-0.6551507711410522,2843.3506413882114,6481.061145047854,0.12496148129350348,0.2022344022989273,0.42126786708831787,0.4014855623245239,0.35996803641319275,0.40662696957588196,0.3887675106525421,0.5051565766334534,0.3611171543598175,0.46833011507987976,0.5160040855407715,0.3773203492164612,0.4040103554725647,0.34372416138648987,117.45383522727273,22.05267947117399,15.737591165106904,19.302264042454997,19.198814525450814,19.403705138818832,19.44543646236994,16.053280365838347,pop
-72.1441421508789,81.28120422363281,16.711231231689453,8.694822311401367,14.17661190032959,-1.047951579093933,12.842172622680664,-0.5259742736816406,3.1425321102142334,3.1586649417877197,-3.4713525772094727,-1.1356595754623413,-0.681559145450592,2838.5120944344094,6486.948219529438,0.1221488604505027,0.20334216952323914,0.4269467294216156,0.4044933319091797,0.3623273968696594,0.40790876746177673,0.3913876414299011,0.49959829449653625,0.3566977083683014,0.4729066789150238,0.5193692445755005,0.38177689909935,0.40925300121307373,0.34866854548454285,117.45383522727273,23.286126331156833,15.785867326630944,19.59630418474272,19.19952110495147,19.41873477137751,19.18414345863143,16.08997667345483,pop
-45.02928161621094,69.75469970703125,11.8738374710083,8.160097122192383,12.59626293182373,7.7551703453063965,11.303385734558105,0.25089412927627563,9.658153533935547,2.805539608001709,3.8566477298736572,-0.8445407748222351,2.099679708480835,3151.3426232441357,7293.569018724623,0.12735455034319412,0.21573293209075928,0.39207127690315247,0.4281582832336426,0.5237887501716614,0.3855544328689575,0.36622679233551025,0.4331127405166626,0.44405582547187805,0.5912672281265259,0.43726691603660583,0.4134067893028259,0.4219754934310913,0.3640044927597046,112.34714673913044,26.155277491395076,15.999002841973498,18.27041689803502,18.272482291123588,18.35681746117423,16.226962117850096,15.919122902510992,pop
-52.642093658447266,47.78413391113281,13.462857246398926,2.2205729484558105,13.260102272033691,9.145648002624512,14.45252799987793,0.8663764595985413,9.462137222290039,6.998185157775879,-0.6944441199302673,1.7346819639205933,8.505542755126953,4052.736284626131,8382.994217662414,0.2106100909947796,0.15650387108325958,0.5633132457733154,0.5011638402938843,0.588146448135376,0.4147763252258301,0.3726293444633484,0.38281798362731934,0.3769952356815338,0.4755672812461853,0.4296554923057556,0.5217753648757935,0.46376219391822815,0.4891572594642639,129.19921875,16.665608865670826,12.493381600535795,16.595583850352693,18.15909612089159,19.202393831817975,18.09013976238848,16.2531621526547,pop
-170.91998291015625,105.89472198486328,31.076892852783203,22.253299713134766,12.815128326416016,-5.158370018005371,11.237187385559082,-2.101557493209839,-0.1528550684452057,5.080048561096191,-11.545418739318848,-3.6124885082244873,1.3871291875839233,1988.190131263531,4267.096471233323,0.06611396099187936,0.1474219113588333,0.27304235100746155,0.39335063099861145,0.25200653076171875,0.31111133098602295,0.22763009369373322,0.3447853922843933,0.41785040497779846,0.2949029207229614,0.3899100422859192,0.31771278381347656,0.3499191403388977,0.30108994245529175,117.45383522727273,21.451387547196948,18.38400317173713,21.692551938360435,21.24619893971377,20.260431557543473,22.817706790287684,16.795732641264806,pop
-78.15640258789062,65.98365020751953,24.558345794677734,25.632707595825195,13.826037406921387,3.5993831157684326,16.210996627807617,0.5761337280273438,3.310032844543457,4.155045509338379,2.7108681201934814,3.6452019214630127,1.3963098526000977,3046.523748324695,6630.777692684164,0.11862590934358082,0.2083025574684143,0.4535827040672302,0.5033271312713623,0.41763609647750854,0.3704126477241516,0.41694262623786926,0.3560253977775574,0.3709631860256195,0.334245502948761,0.40616270899772644,0.4680118262767792,0.4069441258907318,0.463617205619812,143.5546875,25.000564380273737,16.586386008382092,19.972229649990886,18.712884261741745,18.604045156794662,18.44152354593589,15.73300882984564,pop
-14.192339897155762,44.35686111450195,12.703166961669922,10.150148391723633,11.26891040802002,3.966003179550171,12.500946998596191,-2.16764760017395,10.71873664855957,2.2982571125030518,5.04768705368042,-0.8659440279006958,3.80293607711792,4157.988001710874,8677.730976290602,0.23009564723511214,0.2131502479314804,0.4192897081375122,0.4749443233013153,0.547135591506958,0.42121297121047974,0.4414770007133484,0.43262597918510437,0.47654956579208374,0.5810176730155945,0.4197000563144684,0.4015771150588989,0.37573233246803284,0.3730001449584961,112.34714673913044,18.549394464206387,14.329349305823131,17.28230611122512,18.082264067145665,17.984717321347315,16.866022923706346,17.717471531569593,pop
-39.89364242553711,35.58135223388672,8.92684268951416,15.07834243774414,15.204771041870117,10.564199447631836,21.816221237182617,10.004616737365723,13.96925163269043,16.55245018005371,1.4722148180007935,3.2634708881378174,0.06657292693853378,3663.396966933648,7777.549825079756,0.15602568517981438,0.32138827443122864,0.41878631711006165,0.41753149032592773,0.46752920746803284,0.5517488121986389,0.6277549266815186,0.5849552154541016,0.5534483194351196,0.549182653427124,0.5356541275978088,0.5483001470565796,0.5008397698402405,0.5188297033309937,103.359375,20.724619269296753,14.140780183210804,18.488433379105494,17.005094683967613,17.91709469795988,18.86494653946759,14.70213220310131,pop
-145.93051147460938,62.57326889038086,-23.071828842163086,-18.75653648376465,-14.746655464172363,-28.404939651489258,3.140660524368286,-24.918981552124023,-13.63536262512207,-4.609606742858887,-24.374553680419922,-15.802279472351074,-17.456960678100586,2638.945071813565,5625.495191959107,0.10692755159996133,0.1720789521932602,0.2595723271369934,0.20845533907413483,0.2256050556898117,0.2426842302083969,0.26481616497039795,0.2850777506828308,0.36375483870506287,0.2665807008743286,0.23219595849514008,0.2810148298740387,0.3097001314163208,0.38910016417503357,129.19921875,21.286827279971682,20.558065793969007,23.088803278725287,20.49020443265275,20.30035348620769,25.302925609983493,17.153000179271046,pop
-46.888980865478516,55.891517639160156,26.0801944732666,16.541316986083984,7.097384929656982,-3.3452632427215576,9.254672050476074,-0.8496662378311157,8.30774974822998,7.1216864585876465,-0.54325270652771,1.7571971416473389,-1.830214023590088,3497.720405933398,7662.173157446346,0.13598953801720803,0.27340763807296753,0.4995027482509613,0.41633957624435425,0.3598726689815521,0.45219501852989197,0.4149669408798218,0.4168122410774231,0.37051331996917725,0.45781442523002625,0.34064510464668274,0.26827242970466614,0.3310180604457855,0.3554569482803345,129.19921875,18.829214859819544,16.51174437393951,19.981798751264463,19.54944031218799,17.86581353880692,19.110079597973968,17.242375668198537,pop
-56.15306091308594,36.44850158691406,11.979399681091309,-6.415675163269043,3.7821662425994873,5.288355350494385,3.3959648609161377,4.261923313140869,7.989973068237305,5.857593536376953,1.588274359703064,4.853725433349609,0.4957747757434845,3941.417696318185,8260.423161977958,0.16747971348124516,0.2407238781452179,0.45649614930152893,0.41816869378089905,0.3887123167514801,0.368366003036499,0.3409469723701477,0.31135958433151245,0.3306331932544708,0.40704068541526794,0.5303869247436523,0.5701020359992981,0.5233191847801208,0.5513069033622742,103.359375,20.4345690226062,17.928656849275942,18.590919742905918,17.47138703509703,17.419409217121828,15.52050433507324,14.75794167406935,pop
-80.3970718383789,35.97154235839844,20.43450927734375,26.347640991210938,17.400066375732422,4.578968048095703,13.495072364807129,3.6207122802734375,7.326969623565674,5.4819111824035645,3.9622955322265625,5.320307731628418,3.540330648422241,3682.7414342574343,7568.646112782772,0.14555350625966745,0.2499258667230606,0.45166632533073425,0.4741785526275635,0.4499627947807312,0.5491666793823242,0.4755012094974518,0.39702263474464417,0.3794761598110199,0.4539106786251068,0.6138721704483032,0.5616927146911621,0.4454694092273712,0.42683809995651245,89.10290948275862,21.25973882952094,17.324856980816637,18.41709102896725,18.25684974164797,18.53551301338659,18.67094582843367,16.313969705237497,pop
-39.638450622558594,33.950103759765625,9.583242416381836,16.655977249145508,14.907745361328125,11.196752548217773,21.489482879638672,9.884767532348633,14.735057830810547,15.624815940856934,2.0449588298797607,2.5801913738250732,0.36708736419677734,3672.8534749746746,7783.88654881453,0.15405896534222738,0.32924145460128784,0.4064480662345886,0.43925780057907104,0.5190940499305725,0.6068481802940369,0.6056213974952698,0.5533207654953003,0.5430434942245483,0.5266904234886169,0.5475316047668457,0.506385862827301,0.526112973690033,0.441900372505188,103.359375,21.44573498982997,14.34886862932017,18.864079163528586,17.15327378735328,17.364106261636028,17.727036591988085,14.707838563210647,pop
-87.75674438476562,64.35610961914062,-12.972930908203125,16.032888412475586,0.49571216106414795,0.40936774015426636,4.4360785484313965,-2.7249510288238525,-0.31445348262786865,-0.04978523775935173,-5.933358192443848,-4.26922082901001,-3.506903886795044,2939.0735059732497,5748.815663065545,0.14566604130413766,0.16735059022903442,0.4025760889053345,0.536174476146698,0.4005671739578247,0.27948734164237976,0.25308847427368164,0.2312563955783844,0.34641677141189575,0.26547756791114807,0.36662769317626953,0.37179383635520935,0.28120043873786926,0.3445335328578949,99.38401442307692,19.486970417552868,17.5613857438065,19.650256576181047,19.246398419801917,19.252769506430564,19.318807846463102,15.540639295366255,pop
-77.92487335205078,32.373634338378906,20.107263565063477,27.61014747619629,16.271459579467773,5.323757171630859,13.48758602142334,3.5022060871124268,7.344570159912109,5.26912260055542,4.007442474365234,5.2748637199401855,3.7537496089935303,3728.3891590040334,7635.0859533606435,0.14473441729505027,0.25176802277565,0.4556562304496765,0.4763975739479065,0.45314615964889526,0.5538046956062317,0.4802483022212982,0.39994826912879944,0.38061410188674927,0.45291709899902344,0.6125276684761047,0.5636575222015381,0.4473860561847687,0.4308810234069824,89.10290948275862,21.97864603116478,17.535913832824107,18.72057794526369,18.255634695335637,18.347670764202917,17.308976499545146,15.772322511208985,pop
-46.888980865478516,55.891517639160156,26.0801944732666,16.541316986083984,7.097384929656982,-3.3452632427215576,9.254672050476074,-0.8496662378311157,8.30774974822998,7.1216864585876465,-0.54325270652771,1.7571971416473389,-1.830214023590088,3497.720405933398,7662.173157446346,0.13598953801720803,0.27340763807296753,0.4995027482509613,0.41633957624435425,0.3598726689815521,0.45219501852989197,0.4149669408798218,0.4168122410774231,0.37051331996917725,0.45781442523002625,0.34064510464668274,0.26827242970466614,0.3310180604457855,0.3554569482803345,129.19921875,18.829214859819544,16.51174437393951,19.981798751264463,19.54944031218799,17.86581353880692,19.110079597973968,17.242375668198537,pop
-65.17127990722656,65.45415496826172,4.111379623413086,32.7429084777832,16.913875579833984,-5.819828510284424,14.964588165283203,-0.23903235793113708,9.035487174987793,8.436686515808105,-6.5778961181640625,-4.480480670928955,-2.6323750019073486,2949.6800647860855,6068.40803318953,0.11193838215390564,0.2207488715648651,0.5461316108703613,0.43444088101387024,0.3622431457042694,0.3838590681552887,0.32097870111465454,0.33467549085617065,0.3325611650943756,0.4644427001476288,0.5506315231323242,0.567511796951294,0.6294319033622742,0.5414682030677795,95.703125,19.843585345679145,17.534036511477055,18.482041015906706,17.708389704985045,17.29099657358366,19.382711687850176,15.044206817575043,pop
-6.970077991485596,68.91350555419922,3.783315658569336,28.208189010620117,2.2899937629699707,13.620597839355469,1.0365926027297974,5.998480796813965,2.75203800201416,15.027527809143066,-8.769488334655762,0.7971255779266357,-7.2107625007629395,2467.9251572056874,5480.674825079756,0.09815737081883218,0.39773377776145935,0.22601544857025146,0.228737011551857,0.2589641213417053,0.3126819133758545,0.2644982933998108,0.2526406943798065,0.27902862429618835,0.46339622139930725,0.69085294008255,0.40567338466644287,0.28514450788497925,0.2903550863265991,107.666015625,17.94952370521993,17.61892143088962,23.991749785204725,23.72932288326236,22.3665205477937,20.115578494642257,25.741609781027492,pop
-125.97967529296875,117.34161376953125,-0.06749987602233887,10.210601806640625,4.488731861114502,2.17809796333313,-3.6399238109588623,3.3827168941497803,1.7389081716537476,4.557037353515625,0.8408322334289551,2.4257442951202393,-3.111211061477661,1826.4363763466288,3795.9306685941124,0.07461564373066512,0.1260724812746048,0.3621152639389038,0.2513919472694397,0.27391597628593445,0.24291029572486877,0.24911099672317505,0.4368457496166229,0.4057336449623108,0.5009721517562866,0.38340646028518677,0.2240205705165863,0.25158464908599854,0.2179531455039978,123.046875,21.481172155397534,18.18929276492284,21.22485187970796,19.95543961780024,19.733640651272573,18.221596588189943,16.119727586067558,pop
-88.39745330810547,34.34531021118164,-11.279143333435059,2.1954028606414795,-4.8480730056762695,-6.146539688110352,0.32279661297798157,2.4406163692474365,-8.163182258605957,5.639542579650879,-9.395805358886719,-7.356556415557861,-3.950927972793579,3647.914740974154,7113.759278476653,0.20587380063321734,0.16904927790164948,0.3236887753009796,0.23026159405708313,0.2546346187591553,0.312850683927536,0.2645185887813568,0.2121582329273224,0.25080597400665283,0.41068077087402344,0.520612359046936,0.48059988021850586,0.5129790902137756,0.3833690285682678,129.19921875,18.175845969511773,13.755850421137469,18.87780899609582,20.483828794517073,19.555844761035846,19.684794652790572,18.15596201211476,pop
-111.60003662109375,85.56208801269531,3.5251433849334717,16.362411499023438,2.203119993209839,5.977014541625977,-5.035942077636719,-3.964266061782837,-0.10538283735513687,1.5665888786315918,-5.790409088134766,-5.087382793426514,-0.2128252536058426,2519.3455234656853,5497.911379785382,0.10012635646268368,0.13344807922840118,0.35326525568962097,0.2327663004398346,0.23716939985752106,0.23720206320285797,0.28912416100502014,0.45085370540618896,0.3942544460296631,0.49766668677330017,0.39034512639045715,0.37749597430229187,0.3966679573059082,0.2941403090953827,117.45383522727273,18.30207179802601,16.423879255955395,18.907086697813593,18.02708669592022,20.12723434691287,17.30737441882887,17.44460154723749,pop
-63.56813049316406,79.03118896484375,42.745155334472656,16.092519760131836,15.271023750305176,10.789155006408691,13.30831241607666,3.686560869216919,4.926994323730469,10.66427230834961,-0.016068343073129654,3.4758782386779785,3.415135383605957,2844.9380068612104,6841.255177367314,0.0997370154195669,0.24325844645500183,0.3597986698150635,0.3395642042160034,0.40385016798973083,0.3669874668121338,0.42194268107414246,0.4377971887588501,0.2839559018611908,0.3102096617221832,0.34192216396331787,0.35225406289100647,0.32096952199935913,0.31311845779418945,107.666015625,20.362617060231045,17.35533658021935,20.928752887957515,20.445159756100395,20.87123954875186,19.785659494192007,15.746831401531482,pop
-52.58420181274414,37.492366790771484,14.082900047302246,18.178388595581055,16.777841567993164,5.952136993408203,6.420660495758057,2.6906487941741943,-0.44427070021629333,3.2166364192962646,-3.943319320678711,1.6200884580612183,0.31675970554351807,3889.1427979836844,8055.1083168684745,0.1909561098221191,0.19133394956588745,0.37904977798461914,0.3872392773628235,0.5467228293418884,0.48812633752822876,0.5031338334083557,0.42617088556289673,0.42225801944732666,0.5205479860305786,0.3969188332557678,0.41296300292015076,0.4191513955593109,0.46411019563674927,112.34714673913044,17.644777594552153,15.42019482490157,18.63091311544528,17.311663831237485,17.332383668078904,16.923016214223363,15.382297868626518,pop
-29.299528121948242,53.877113342285156,-1.7004120349884033,15.489957809448242,1.0905542373657227,0.5373252630233765,4.897149562835693,-3.22532320022583,-1.6960160732269287,2.2274169921875,-7.136838912963867,-5.999305248260498,-2.9869275093078613,3262.9888381783744,6715.594864776682,0.1549981420388631,0.2455880045890808,0.3457673490047455,0.39692044258117676,0.45723459124565125,0.4441188871860504,0.44702574610710144,0.40205439925193787,0.5572282075881958,0.34792834520339966,0.3246016800403595,0.39150470495224,0.3699715733528137,0.4046436846256256,129.19921875,20.079766646683787,15.883507803396668,18.237794052583496,17.66658604327754,17.992227155522475,17.249154645134688,15.708507224140899,pop
-30.30232810974121,88.46916198730469,-6.565682888031006,32.79241943359375,8.502236366271973,8.387786865234375,2.052032470703125,6.8632941246032715,3.5781381130218506,2.720644474029541,1.291594386100769,3.291895627975464,1.570115327835083,2327.3042883656067,4929.812855731583,0.09544520072022429,0.21548756957054138,0.5173293352127075,0.40375491976737976,0.4470541477203369,0.5138708353042603,0.6827661991119385,0.4751017093658447,0.4212431311607361,0.42367613315582275,0.44540998339653015,0.48375794291496277,0.5091405510902405,0.6401311755180359,107.666015625,19.426253829640377,13.026635935965222,15.415973556823165,14.344233730913343,15.53367316752312,16.17130027822756,15.478119828511103,pop
-91.86156463623047,56.677059173583984,13.784159660339355,15.054889678955078,0.9043136835098267,-4.078766822814941,-0.2301473766565323,0.5669654607772827,-4.586668491363525,-2.6130123138427734,-2.7646896839141846,-3.103954553604126,1.7949007749557495,3142.6674697923404,6826.525000906323,0.13640418056361175,0.167738676071167,0.5118894577026367,0.43821901082992554,0.4906158745288849,0.3427141010761261,0.3490292429924011,0.3887207806110382,0.3473844826221466,0.43188050389289856,0.45568910241127014,0.6308072805404663,0.43421995639801025,0.42685213685035706,123.046875,18.66651461344642,14.685489578044045,18.72668570639895,18.322914510009284,18.02410339199672,17.183500867744144,15.521315726620132,pop
-52.58420181274414,37.492366790771484,14.082900047302246,18.178388595581055,16.777841567993164,5.952136993408203,6.420660495758057,2.6906487941741943,-0.44427070021629333,3.2166364192962646,-3.943319320678711,1.6200884580612183,0.31675970554351807,3889.1427979836844,8055.1083168684745,0.1909561098221191,0.19133394956588745,0.37904977798461914,0.3872392773628235,0.5467228293418884,0.48812633752822876,0.5031338334083557,0.42617088556289673,0.42225801944732666,0.5205479860305786,0.3969188332557678,0.41296300292015076,0.4191513955593109,0.46411019563674927,112.34714673913044,17.644777594552153,15.42019482490157,18.63091311544528,17.311663831237485,17.332383668078904,16.923016214223363,15.382297868626518,pop
9.566637992858887,88.86885833740234,-20.312076568603516,5.1106977462768555,-2.9176502227783203,-0.17563916742801666,0.33215388655662537,1.6097705364227295,-2.2632651329040527,-0.9502328634262085,-6.214681148529053,-2.9705684185028076,-1.8106344938278198,2568.447243315681,5349.868526591502,0.13159538440158547,0.23431743681430817,0.5031803846359253,0.42251065373420715,0.4595002830028534,0.45010241866111755,0.42700856924057007,0.4661715030670166,0.4296860694885254,0.5348107218742371,0.5464292168617249,0.47834616899490356,0.5238175988197327,0.5266509056091309,117.45383522727273,21.796614258014433,12.430446674991922,14.708691506290265,16.22798449542492,16.42915775896954,16.62652848637921,15.280877856602997,pop
-8.573004722595215,54.2957878112793,20.964115142822266,13.1004056930542,9.71585464477539,6.022176265716553,10.73078727722168,6.10681676864624,0.6969413161277771,5.003989219665527,-3.447253942489624,0.8748061060905457,-1.9368966817855835,3669.810466570258,7876.372738725348,0.16179669373549885,0.2597821354866028,0.34423238039016724,0.47734183073043823,0.46131446957588196,0.38329440355300903,0.43053433299064636,0.36027055978775024,0.5956786870956421,0.4065845012664795,0.3541017472743988,0.46461352705955505,0.3705034852027893,0.43413442373275757,129.19921875,20.139989902635932,15.154152301920007,19.015371728607654,19.193348645624155,17.649665477735972,17.269375708208468,15.490462636542398,pop
-93.60379028320312,59.692020416259766,32.112213134765625,13.114083290100098,13.279964447021484,-6.868232250213623,2.330768346786499,-7.890426158905029,2.2889931201934814,4.48865270614624,-4.0437445640563965,2.673201084136963,-3.084853410720825,3420.362078342947,7790.464750851943,0.130859375,0.21034999191761017,0.39070406556129456,0.32434090971946716,0.3921884596347809,0.32203391194343567,0.3503769040107727,0.2880616784095764,0.4484512507915497,0.29588761925697327,0.23591846227645874,0.2973518967628479,0.35252395272254944,0.4948938190937042,83.35433467741936,21.053898851971717,18.02016208297479,20.92494094594912,19.642850734123424,19.159107037334966,17.91788690639306,15.449827131866384,pop
-68.86013793945312,40.489044189453125,25.370588302612305,35.75651168823242,13.383732795715332,2.8279078006744385,12.753464698791504,4.485296249389648,3.3516154289245605,10.027183532714844,-2.3804996013641357,2.9910669326782227,-1.797353982925415,3644.7182707334355,7658.242889899942,0.1591457004060325,0.185598224401474,0.4106879234313965,0.47073495388031006,0.478549987077713,0.38549596071243286,0.41590043902397156,0.3393072187900543,0.46941322088241577,0.3333679437637329,0.3257564902305603,0.3887827694416046,0.40213850140571594,0.491955429315567,95.703125,22.866095229221504,17.64438678184165,20.118748397891967,18.761492287756536,18.791765476326578,18.792614071728636,15.48721900088877,pop
-38.28165054321289,47.846981048583984,20.05611228942871,23.821380615234375,19.781309127807617,13.649930953979492,14.685269355773926,4.558814525604248,7.704076766967773,8.944437980651855,5.423406600952148,1.1563924551010132,1.0875109434127808,3543.3211015342667,7779.922973916038,0.14274050778228925,0.2452586591243744,0.41006457805633545,0.5051612257957458,0.35640236735343933,0.40551069378852844,0.4701376259326935,0.4964796006679535,0.5786793231964111,0.49368348717689514,0.5314856171607971,0.5526344776153564,0.4451303482055664,0.4609729051589966,143.5546875,22.208378004181778,16.907783172127854,19.284465160772672,18.566719599209538,17.64814452121997,17.26707691484364,15.82837518772823,pop
-34.21064376831055,40.40638732910156,17.48912811279297,13.413984298706055,13.248571395874023,7.451952934265137,18.18960189819336,2.7271251678466797,4.349294662475586,5.822960376739502,-1.143541693687439,3.119577169418335,2.4273855686187744,4036.598130555536,8331.018094728828,0.21382753589037123,0.23100164532661438,0.4543763995170593,0.41095197200775146,0.4789232909679413,0.4470202922821045,0.411027729511261,0.4932430386543274,0.42267781496047974,0.5059919953346252,0.4458830654621124,0.4793221056461334,0.425944447517395,0.3672480285167694,112.34714673913044,19.382204719134474,14.836270049456912,17.398081622213965,17.985195341051035,17.99529589206183,17.72378018609395,15.274847499954552,pop
-42.779170989990234,62.836090087890625,4.774425029754639,24.058712005615234,9.644877433776855,-1.87754487991333,9.271585464477539,-2.961521625518799,3.185305595397949,5.930489540100098,-4.7646002769470215,3.0226664543151855,-1.242732286453247,3123.159015699048,6616.363936068011,0.14262155295340295,0.22339482605457306,0.4079272747039795,0.448123574256897,0.44439542293548584,0.49174514412879944,0.3755345642566681,0.3581644892692566,0.46695733070373535,0.46853163838386536,0.6190835237503052,0.5028296709060669,0.45000556111335754,0.4266473054885864,103.359375,20.215100640023643,15.514383403494707,17.519966078728874,16.787132676440372,17.244467109866097,18.92937680676828,15.651944894951601,pop
-273.3180236816406,103.15287017822266,8.712922096252441,31.704931259155273,12.510407447814941,3.4897332191467285,3.9333584308624268,-0.15388502180576324,-3.906158685684204,3.2333571910858154,-6.365484237670898,-1.5428929328918457,-3.217275619506836,1995.1863128060938,4383.364110535093,0.07252581508604021,0.037541914731264114,0.4052804112434387,0.49672582745552063,0.33640360832214355,0.34179016947746277,0.34450027346611023,0.2955045700073242,0.40678802132606506,0.28426888585090637,0.2555334270000458,0.20093852281570435,0.31873780488967896,0.536571741104126,112.34714673913044,25.090741122084513,16.10828283224047,19.18126755728309,17.96628711567408,17.846451556969132,18.580232399609024,15.831688840487947,pop
-44.98688888549805,69.77589416503906,11.84067153930664,8.117905616760254,12.628617286682129,7.812101364135742,11.339221000671387,0.18483150005340576,9.63578987121582,2.840994358062744,3.8533389568328857,-0.8417092561721802,2.132197618484497,3151.406047783485,7294.5599124492455,0.12755734000386698,0.21566186845302582,0.3915124535560608,0.4296973645687103,0.5247282385826111,0.3856978714466095,0.3663402795791626,0.4338560700416565,0.4455972909927368,0.5933117866516113,0.4386860132217407,0.4130147099494934,0.4182513654232025,0.3617900013923645,112.34714673913044,26.118820458965573,15.96710405873077,18.61570759323294,18.31881928533716,18.274899429531008,16.233254774976384,15.976248972003638,pop
-137.74447631835938,100.25637817382812,14.398747444152832,15.412896156311035,2.3271780014038086,-1.0672591924667358,-2.105048894882202,-1.6893662214279175,-5.314716815948486,-1.782849669456482,1.7410486936569214,-6.1848673820495605,-3.0327489376068115,2246.5077750266328,5154.995536361659,0.08596620021268368,0.09214438498020172,0.4504610598087311,0.32306432723999023,0.40916043519973755,0.3304378390312195,0.40690580010414124,0.5362322330474854,0.3543190062046051,0.42104005813598633,0.3167290687561035,0.3798906207084656,0.25377315282821655,0.257694810628891,143.5546875,26.033626507112277,16.124413813307328,18.815293423445926,16.622692541271544,17.06271949908633,18.374855283493456,17.03053879497627,pop
-62.04869842529297,64.20450592041016,29.86741065979004,23.252483367919922,16.257404327392578,7.444108486175537,8.867356300354004,6.414830684661865,7.411365985870361,3.019026279449463,1.468711495399475,2.979093074798584,1.857616901397705,3169.134248059376,7556.0892410455335,0.1003438738640758,0.20792219042778015,0.5788325667381287,0.406024307012558,0.3550989031791687,0.3229580521583557,0.4103894829750061,0.40921854972839355,0.4587831497192383,0.4553736746311188,0.41969186067581177,0.517038881778717,0.5830181837081909,0.6276686191558838,129.19921875,22.234648822694215,14.991622895858312,17.89395424527379,17.00007537793439,17.313225953805535,16.59573652410506,14.800974938492823,pop
-104.46266174316406,86.86334228515625,28.752208709716797,26.619091033935547,8.907511711120605,5.665374279022217,7.75358247756958,0.4625298082828522,6.6260905265808105,6.566946983337402,0.37621814012527466,2.1416807174682617,-0.022565117105841637,2489.447357851833,5976.6962392147625,0.08426080336426914,0.14295633137226105,0.33359575271606445,0.291004478931427,0.24733801186084747,0.43236416578292847,0.27937421202659607,0.28225281834602356,0.1982409656047821,0.34549617767333984,0.31648772954940796,0.23182182013988495,0.36664891242980957,0.25326529145240784,123.046875,21.291240425367942,17.41227899101523,21.29997050582807,21.263493446483114,19.408430054529276,17.510608279353974,15.301526625963332,pop
-112.48632049560547,59.749629974365234,14.4871826171875,19.165525436401367,15.124679565429688,-3.221754789352417,6.0984907150268555,-6.684602737426758,1.464618444442749,-1.1716868877410889,-1.2355337142944336,-0.7678505778312683,1.8864989280700684,3263.2580881824388,6830.038926551624,0.13584263824439288,0.17923316359519958,0.45811110734939575,0.4273305833339691,0.5451744794845581,0.36476171016693115,0.3272574245929718,0.2692111134529114,0.3388868272304535,0.4411754608154297,0.4102410674095154,0.5237699151039124,0.4088757336139679,0.3939059376716614,99.38401442307692,21.282790693546957,18.541468408434035,21.550696768157653,20.047288797660254,19.503446027170057,18.58711766625599,16.268492629298652,pop
-81.73381042480469,78.6106948852539,-17.252422332763672,24.501920700073242,8.414265632629395,2.150655746459961,5.525915622711182,1.9490926265716553,8.798311233520508,-0.1267959326505661,0.49805012345314026,4.6413984298706055,2.39085054397583,2516.3904027255376,5087.9478366081785,0.12202575164346481,0.1952957659959793,0.35904401540756226,0.39587026834487915,0.5568013787269592,0.369006484746933,0.4039130210876465,0.37999582290649414,0.4664067327976227,0.586588978767395,0.49214407801628113,0.5586358904838562,0.38573217391967773,0.3725472092628479,117.45383522727273,19.662142809112755,15.607270130525729,18.939587580883003,18.84189809832455,19.66693557880824,19.046065978972962,16.42846502541585,pop
-50.46290588378906,56.434635162353516,12.56867790222168,11.27336311340332,-2.7383475303649902,1.3627746105194092,4.543149948120117,-0.959572434425354,2.298539876937866,2.7476229667663574,-1.977354645729065,2.589660167694092,-4.024151802062988,3593.7703164134628,7634.611323593387,0.18515413524748647,0.13245591521263123,0.2460414469242096,0.33338531851768494,0.42152294516563416,0.29740896821022034,0.41508948802948,0.2949097156524658,0.47990721464157104,0.5316715836524963,0.4045117497444153,0.5222784280776978,0.3397880494594574,0.36546260118484497,129.19921875,20.53186062740641,15.171049844872298,18.383115850448686,18.560840602187586,18.07572617655123,17.730779206950295,15.329542779698448,pop
-47.04647445678711,55.778438568115234,27.63979148864746,19.186355590820312,15.182662963867188,3.178056001663208,5.622395038604736,1.6052536964416504,4.136432647705078,1.6200366020202637,-1.5827997922897339,-3.003236770629883,-7.630845069885254,3588.1493148981713,7948.000199390951,0.14645907349671308,0.19086910784244537,0.2536511719226837,0.32105132937431335,0.5686090588569641,0.3679697513580322,0.3067137897014618,0.2581830620765686,0.35488057136535645,0.5720515251159668,0.35790273547172546,0.3444209694862366,0.263173371553421,0.26023268699645996,103.359375,23.603246009640184,17.411812388572194,19.139956336938248,19.582023056122928,18.680871706176433,16.660433447715384,15.333461271488558,pop
-42.87884521484375,54.87919235229492,17.034236907958984,19.78973388671875,6.859376430511475,2.7694361209869385,11.82465648651123,1.208795428276062,7.942111015319824,1.1286345720291138,-4.077354431152344,0.12818001210689545,-4.238941192626953,3510.545185903128,7255.865096160818,0.17195732429427688,0.23481187224388123,0.3663840591907501,0.4380362033843994,0.57131427526474,0.44444337487220764,0.4160221517086029,0.40214407444000244,0.42796218395233154,0.4271675944328308,0.3857688009738922,0.5116817355155945,0.40542665123939514,0.38022831082344055,99.38401442307692,15.698116221580944,14.487102334290007,18.244991375109247,18.366451063285012,18.55760787874929,18.22352590940498,15.340199673957995,pop
-47.76214599609375,55.56731033325195,19.230348587036133,24.48204231262207,4.050312042236328,1.5448122024536133,6.953159809112549,-1.043236494064331,3.0896835327148438,1.7900028228759766,-3.0425474643707275,1.9349972009658813,-4.677098274230957,3400.226425763872,7052.723555775087,0.16564063406322505,0.2204989641904831,0.36976441740989685,0.4307520389556885,0.6147609949111938,0.44889992475509644,0.45378658175468445,0.4576348662376404,0.5239961743354797,0.4170585572719574,0.3584895730018616,0.45676591992378235,0.36721092462539673,0.3450494408607483,99.38401442307692,18.23449172494861,14.921659483720154,18.261799784311346,18.574959202355927,18.46004824074377,18.694527779494898,16.293345344915558,pop
-44.74116134643555,55.06153869628906,27.155059814453125,19.49420166015625,14.693745613098145,3.2043869495391846,5.503135681152344,1.4257253408432007,4.495546340942383,1.3721120357513428,-1.658604383468628,-3.5341789722442627,-7.91971492767334,3603.816900374411,7960.298939149507,0.1475236248066512,0.1940290629863739,0.25396326184272766,0.32038113474845886,0.5696119070053101,0.37011653184890747,0.30726608633995056,0.25895363092422485,0.35426977276802063,0.5742343664169312,0.36066463589668274,0.3451349139213562,0.26344069838523865,0.2602638006210327,103.359375,25.68627033777028,17.505005564819417,19.521457290451682,19.75518229707176,18.54496787280128,16.320335732854723,15.42757723995267,pop
-8.45461654663086,42.056640625,8.262311935424805,17.968647003173828,14.042865753173828,7.356530666351318,5.72467041015625,-1.8928555250167847,4.611337184906006,2.078213930130005,-1.0689780712127686,-0.6599500775337219,-2.4383578300476074,3694.9173925155565,7867.8210760767115,0.16674106063901778,0.26519832015037537,0.43268656730651855,0.4921496510505676,0.39429137110710144,0.4292527139186859,0.3577907383441925,0.40629374980926514,0.5192270874977112,0.41812074184417725,0.42847004532814026,0.36396071314811707,0.43487274646759033,0.41776227951049805,117.45383522727273,20.418524475837458,17.282399226746186,18.701519379889724,17.7485172899791,17.335905669171684,15.45699301527885,14.780178914157224,pop
-26.02374839782715,60.92530822753906,6.002044677734375,17.74094581604004,5.11572790145874,10.42711353302002,2.472599983215332,4.931196689605713,8.130399703979492,3.8599815368652344,-0.17782753705978394,7.2514495849609375,4.965223789215088,3270.0808829080115,6880.766023781903,0.14528500821732404,0.2270241528749466,0.5666818022727966,0.468830943107605,0.4536900222301483,0.36323773860931396,0.3965107202529907,0.4366718828678131,0.4897598326206207,0.5611787438392639,0.5136045813560486,0.5050269961357117,0.5247310996055603,0.5689961314201355,107.666015625,23.603793377707266,14.692123089973341,16.960684450195373,16.955085431256013,17.96169801169303,16.440006333033967,15.577457647353162,pop
-20.244306564331055,57.76261520385742,16.799440383911133,18.260643005371094,8.965956687927246,14.902180671691895,2.6743505001068115,3.7542834281921387,1.108635425567627,1.8431586027145386,-5.978664398193359,-3.6034951210021973,-3.650311231613159,3259.351118526445,7269.646013087297,0.13163352547370458,0.24572902917861938,0.6426357626914978,0.44537800550460815,0.464067667722702,0.4200116693973541,0.32585451006889343,0.38233569264411926,0.325024276971817,0.4706130623817444,0.3597943186759949,0.3192075192928314,0.37946975231170654,0.45174285769462585,135.99917763157896,24.51378237575414,15.165578008366845,19.26093772344256,18.81466635172297,17.265406988230207,16.020589192063447,15.859161417486021,pop
-42.2414436340332,82.16851043701172,-2.227360963821411,19.912059783935547,13.85555648803711,0.8531164526939392,7.92289924621582,-0.7122787833213806,6.87274169921875,-1.9014205932617188,-4.689229965209961,-3.1699986457824707,-2.937236785888672,2806.873512822643,6104.063553599913,0.12851841949439288,0.1985882967710495,0.400102823972702,0.26100611686706543,0.284011572599411,0.37083762884140015,0.2199682742357254,0.3371545672416687,0.20648230612277985,0.3626115024089813,0.4067654311656952,0.31779780983924866,0.5386908054351807,0.2903980612754822,151.99908088235293,19.35306531823351,18.23498944986595,20.671319634820307,20.683049713715494,19.86060329954631,19.8790878876647,16.36801077352188,pop
-36.638824462890625,73.07810974121094,39.13519287109375,20.312124252319336,12.493178367614746,2.148360252380371,11.728564262390137,-2.422638177871704,6.6385178565979,3.170588731765747,-5.384551048278809,-3.14259672164917,-5.773088455200195,3047.4927543771933,7385.888671875,0.10640263981535189,0.30359312891960144,0.42610710859298706,0.3333137035369873,0.43071892857551575,0.34950369596481323,0.37269502878189087,0.38706251978874207,0.30697163939476013,0.44110989570617676,0.36758801341056824,0.3640819191932678,0.28440478444099426,0.32620880007743835,103.359375,22.82869592388416,17.356523389692107,19.360288135192974,20.071875446362068,18.532749135447315,17.0353454906946,15.91908271448214,pop
-59.05157470703125,61.004276275634766,27.743501663208008,23.84954071044922,12.297715187072754,7.377119064331055,12.31706714630127,7.139926910400391,13.406534194946289,2.4973201751708984,-1.9689048528671265,-2.4171175956726074,-4.516286849975586,3126.570348199454,6931.9177897513055,0.10530825538959783,0.25110945105552673,0.2887047827243805,0.27573567628860474,0.32040008902549744,0.3279230296611786,0.3239254355430603,0.44378846883773804,0.3910335898399353,0.3432549834251404,0.2635316550731659,0.3507811427116394,0.4595926105976105,0.29041072726249695,92.28515625,24.621103401735343,19.045103965172522,21.772853937513066,21.418590220206656,19.481212320446428,17.69426319685216,15.512764711194485,pop
-125.51831817626953,51.231624603271484,38.50043869018555,14.496833801269531,16.24374008178711,4.643925666809082,12.318209648132324,1.1781601905822754,1.7291409969329834,9.76717472076416,-2.8228533267974854,2.080857753753662,0.8581090569496155,3508.793497842634,7585.041656848173,0.13715000845901004,0.20420928299427032,0.4464219808578491,0.42436522245407104,0.4915868639945984,0.4219071865081787,0.4403463304042816,0.422267347574234,0.40650707483291626,0.5063202977180481,0.54273521900177,0.5935222506523132,0.47721779346466064,0.43256232142448425,99.38401442307692,20.570864358008254,16.018174786177713,18.098834003065125,17.63765688849161,17.671026375146283,17.72574041906993,14.90305700758793,pop
-26.940433502197266,46.74364471435547,8.683472633361816,8.586894035339355,6.084411144256592,12.436070442199707,6.974731922149658,2.4991588592529297,1.1518144607543945,7.257162094116211,-3.135444164276123,1.2637735605239868,3.841010570526123,3633.1617304451615,7532.774094583817,0.18300841671500387,0.2129562348127365,0.48613622784614563,0.3651144206523895,0.42022284865379333,0.3947466313838959,0.42749807238578796,0.2719411849975586,0.29997023940086365,0.41673755645751953,0.38825342059135437,0.4600735604763031,0.38197532296180725,0.4772758185863495,117.45383522727273,20.429926285722367,15.53680023076953,18.365093356141795,18.541738613609436,19.06024118183684,18.025305601166355,15.947159606924288,pop
-119.36959838867188,85.97376251220703,33.87001419067383,9.98080062866211,17.702011108398438,0.5173514485359192,9.578703880310059,-5.315403461456299,4.174862861633301,8.122891426086426,-7.983270168304443,1.5733020305633545,-2.931323766708374,2765.1075887449138,6871.273428436775,0.09597275594547564,0.13809818029403687,0.3551453948020935,0.38723671436309814,0.28135186433792114,0.309578001499176,0.4189360737800598,0.29291683435440063,0.35822582244873047,0.33440715074539185,0.43420958518981934,0.37009963393211365,0.33754321932792664,0.4460764527320862,161.4990234375,20.30153895840086,17.097721842584885,20.450068243569305,19.64119413366837,20.156485781935928,20.106924960435247,15.884451834480213,pop
-159.48033142089844,104.85739135742188,-10.333498001098633,34.64784622192383,-4.978135108947754,26.80373191833496,-21.940200805664062,23.424680709838867,-14.025367736816406,19.575532913208008,-8.296036720275879,9.72955322265625,-10.074868202209473,2133.3521515473035,4801.404686593677,0.09779937342904099,0.09410246461629868,0.25260186195373535,0.44541171193122864,0.3240804970264435,0.24811676144599915,0.4125795364379883,0.371630996465683,0.4203151762485504,0.2717582583427429,0.3011971414089203,0.38434159755706787,0.2660600543022156,0.2504270672798157,123.046875,25.97862508107384,15.979173460300851,20.827839423723724,19.801585890270413,21.02914602592244,19.52959051705234,40.639669369900524,reggae
-190.93719482421875,127.41596221923828,-3.7882678508758545,26.704463958740234,-12.820788383483887,23.924118041992188,-8.222865104675293,9.962504386901855,-12.229612350463867,13.450587272644043,-7.066006183624268,1.6455317735671997,-14.52818775177002,1638.9307245186242,3574.7781775667054,0.06396975299690642,0.08198969811201096,0.39132940769195557,0.5062696933746338,0.25153738260269165,0.18557612597942352,0.2222752571105957,0.44627028703689575,0.3926355838775635,0.39910128712654114,0.5796712040901184,0.30956214666366577,0.2730283737182617,0.23152369260787964,151.99908088235293,29.54280215288745,17.338148635339284,17.22311199630403,18.47628279273496,19.12251679336241,17.585050917364008,35.98715878484566,reggae
-189.09104919433594,110.86749267578125,2.982771158218384,48.362510681152344,-6.42624044418335,20.72869873046875,-12.561619758605957,15.884038925170898,-13.630972862243652,9.418685913085938,-8.04449462890625,8.090904235839844,-10.641822814941406,1796.8948919886877,3925.263116752465,0.07510279207753287,0.09244779497385025,0.384236216545105,0.37537238001823425,0.445619136095047,0.3488731384277344,0.44407811760902405,0.39776095747947693,0.4714915454387665,0.36443397402763367,0.24920327961444855,0.23226463794708252,0.30479952692985535,0.5225844383239746,103.359375,26.064893921106794,14.126321949653578,18.761570121183357,17.43679213103734,18.817147515239437,17.514568019106303,38.228160258770416,reggae
-201.19154357910156,104.1467514038086,-15.439406394958496,30.812820434570312,14.260963439941406,31.423309326171875,-7.8610992431640625,17.967077255249023,-4.053847789764404,16.942230224609375,-11.208056449890137,12.122963905334473,-5.2820725440979,1923.603059591631,4154.2594891966355,0.08490731341840681,0.09414365887641907,0.3111112415790558,0.4648225009441376,0.4211151897907257,0.362522691488266,0.5140894651412964,0.4248710572719574,0.3802759349346161,0.27617567777633667,0.34032753109931946,0.47948578000068665,0.3665291368961334,0.35595664381980896,151.99908088235293,26.265018660023568,16.672378101620463,19.92385845105835,19.170619751742375,21.67526392409368,20.1305134473492,37.76377015904772,reggae
-175.5784912109375,104.87787628173828,-15.688773155212402,27.520797729492188,-8.110774040222168,24.028858184814453,-10.312878608703613,18.85153579711914,-8.380903244018555,11.850701332092285,-7.579115867614746,12.5616455078125,-6.039825916290283,2009.7625946802295,4304.875335339327,0.08445301926237432,0.10105627775192261,0.3541826605796814,0.48644009232521057,0.33248552680015564,0.2907429039478302,0.41026878356933594,0.36812087893486023,0.41583138704299927,0.37915298342704773,0.4877445697784424,0.5609498023986816,0.3908856213092804,0.34547725319862366,123.046875,25.419662431454373,16.345816865627707,20.25973387151211,18.85421132603742,19.577603806648405,18.317559539505762,37.722234106651335,reggae
-176.7651824951172,116.84068298339844,-21.308067321777344,38.76340866088867,-5.450562000274658,26.62083625793457,-8.181732177734375,15.778047561645508,-10.48444652557373,11.04460334777832,-10.051370620727539,9.914849281311035,-3.2497031688690186,1798.3807585425818,3796.5385277697214,0.0730159845079273,0.1002851277589798,0.46734726428985596,0.37569114565849304,0.4067344069480896,0.48783549666404724,0.3860546946525574,0.34389346837997437,0.3532377779483795,0.4869242310523987,0.257846474647522,0.20975863933563232,0.2824550271034241,0.32029834389686584,151.99908088235293,28.219071133640877,15.701626920908494,19.613051957701103,18.46917916987351,18.04363046360473,18.2796417849959,37.34237895137663,reggae
-207.39706420898438,134.70504760742188,-9.093170166015625,38.44704055786133,6.303592205047607,22.59577178955078,-8.299388885498047,16.29550552368164,-8.471837997436523,4.140334606170654,-4.3538994789123535,6.340493202209473,-6.913872241973877,1417.9574886379262,2880.3365402044665,0.06082141519238206,0.10504522174596786,0.338602215051651,0.5046199560165405,0.4318199157714844,0.3244245946407318,0.37443315982818604,0.25325798988342285,0.2683854103088379,0.2245846390724182,0.35669776797294617,0.413219153881073,0.2887694537639618,0.3311937153339386,151.99908088235293,29.390145077788027,16.80343531928465,20.292007492260105,19.542683223462053,18.698600159688855,17.656905879558842,34.861119673278026,reggae
-192.2694091796875,116.49569702148438,-10.950728416442871,29.891136169433594,-0.659650981426239,21.443462371826172,-11.864701271057129,18.651208877563477,-13.079239845275879,14.465651512145996,-7.381227016448975,4.820051193237305,-2.810109853744507,1754.1768111795132,3768.9933475928074,0.07387510271655066,0.09058582782745361,0.41249334812164307,0.3586638569831848,0.4705120027065277,0.4130713641643524,0.35306814312934875,0.4779541790485382,0.3471218943595886,0.30324700474739075,0.2859131097793579,0.34957677125930786,0.4806452989578247,0.3798670470714569,151.99908088235293,26.08732032772345,15.855593349813692,20.763090997470048,19.509677613078825,19.892867555216313,18.503710121148853,37.71514083986028,reggae
-194.541748046875,118.60043334960938,-6.408212184906006,40.80109405517578,-3.293510913848877,25.461584091186523,-9.303606033325195,11.395713806152344,-6.156927585601807,15.344735145568848,-5.162594318389893,5.759955883026123,-6.2791595458984375,1691.3385554367244,3656.0647703378772,0.06943789878190255,0.10192523896694183,0.3597521185874939,0.4166503846645355,0.5451909899711609,0.41968265175819397,0.2840370237827301,0.29334697127342224,0.33251339197158813,0.4295305907726288,0.2904002070426941,0.3549569249153137,0.3805959224700928,0.31940940022468567,95.703125,27.712197042394266,16.69404280064849,20.620870658281092,19.102981356548966,20.411067382923424,19.79696579051072,36.049484998520356,reggae
-232.50473022460938,131.22950744628906,2.646977186203003,18.397951126098633,11.315558433532715,22.92844009399414,-10.467937469482422,16.771238327026367,-15.256650924682617,15.530611038208008,-8.389644622802734,8.022547721862793,-3.781606435775757,1609.8372860104514,3270.9318581424013,0.06057066596577726,0.08665860444307327,0.517486572265625,0.44544386863708496,0.35620322823524475,0.4176107943058014,0.30411258339881897,0.2790263593196869,0.23929928243160248,0.3854237198829651,0.48208087682724,0.4086484909057617,0.3855431079864502,0.3759399652481079,161.4990234375,24.25383309075299,15.87050053021307,20.283895912117345,18.43496220016357,20.367406090596152,18.587298508593648,36.37493256203823,reggae
-233.6426239013672,87.5244369506836,-22.214462280273438,52.04875564575195,-8.575607299804688,24.966367721557617,-18.236242294311523,1.888324499130249,-9.132004737854004,-0.22732636332511902,-17.069841384887695,-3.0311315059661865,-9.79328727722168,2149.1587886569278,4426.5970535455335,0.10275318119199536,0.061650268733501434,0.3170374631881714,0.28672099113464355,0.38844364881515503,0.2770289480686188,0.23611891269683838,0.17640869319438934,0.2084738165140152,0.3872929811477661,0.302042156457901,0.3271418809890747,0.2644980251789093,0.3677811324596405,117.45383522727273,28.906261516572062,20.64414957717215,24.866373999958643,22.31574555857944,22.855252433902347,21.211532189677953,36.70024445644305,reggae
-198.73211669921875,102.4083251953125,-9.996929168701172,30.804916381835938,-3.2927677631378174,20.27937126159668,-5.631608009338379,28.096033096313477,-11.504985809326172,18.203845977783203,-7.360594749450684,12.280451774597168,-4.362417221069336,1995.2769651140734,4557.769732906758,0.07027624709976799,0.07837962359189987,0.4711988568305969,0.4068473279476166,0.5343433618545532,0.4536541700363159,0.48018038272857666,0.3232205808162689,0.3675745725631714,0.3792979419231415,0.33285510540008545,0.38570311665534973,0.3970566391944885,0.49019065499305725,123.046875,22.082768917000767,16.001606342602084,19.4367841313249,18.890509563379357,17.877722964553083,17.499372040610126,38.056464937778806,reggae
-191.19943237304688,96.34123229980469,-17.65896224975586,24.83739471435547,-0.8896690011024475,26.33447265625,-12.934260368347168,19.635568618774414,-9.790512084960938,16.973424911499023,-8.587677955627441,11.422935485839844,-8.20237922668457,2300.04288038141,4920.853178019866,0.11374762845610982,0.07554814964532852,0.44586360454559326,0.3859557807445526,0.3482515811920166,0.3613848090171814,0.49279648065567017,0.3946402072906494,0.36578765511512756,0.49723175168037415,0.5011526346206665,0.5751333832740784,0.38949891924858093,0.3688543140888214,129.19921875,24.41511725631299,14.816111887708018,18.30739966440025,17.976058670407046,18.483558478583618,17.893034804155864,38.62300485587371,reggae
-206.51551818847656,122.59817504882812,-0.5765912532806396,29.354093551635742,10.233527183532715,28.23236083984375,-9.929434776306152,13.37148666381836,-8.455471992492676,11.285513877868652,-7.2900776863098145,7.073110103607178,-10.346016883850098,1608.5066742460235,3436.710876323231,0.07061687330819799,0.11161460727453232,0.31574907898902893,0.38650354743003845,0.501638650894165,0.38122889399528503,0.40750977396965027,0.38593384623527527,0.4423659145832062,0.3158325254917145,0.2833501696586609,0.3071110248565674,0.2801850140094757,0.34049758315086365,123.046875,26.444163655707257,15.839939697456748,19.432511671047486,19.031083612943522,20.271925604499586,19.144180043876055,37.357447829440126,reggae
-209.581298828125,105.26065826416016,2.570521354675293,34.898067474365234,15.326888084411621,25.199398040771484,-6.06322717666626,18.24307632446289,-5.073920726776123,8.950724601745605,-1.0186209678649902,8.250102996826172,-4.027716636657715,1716.0497964664391,3790.5515312318735,0.06409059599767981,0.11416169255971909,0.41056621074676514,0.3352697491645813,0.35345685482025146,0.34618839621543884,0.4262864291667938,0.32856205105781555,0.3048010766506195,0.39049839973449707,0.46838709712028503,0.5934444069862366,0.4123241901397705,0.37108859419822693,129.19921875,18.220258892854098,17.7019533169384,20.52277673547884,19.477044815811045,19.85944083765032,18.60083756186583,36.37616878862996,reggae
-157.8172149658203,109.85029602050781,8.465337753295898,41.794090270996094,5.1190032958984375,25.751970291137695,-12.951750755310059,22.064224243164062,-15.503763198852539,14.36729907989502,-11.917588233947754,11.595213890075684,-10.62703800201416,1923.1216152231768,4492.270825025377,0.06818641845514307,0.1318567842245102,0.3287483751773834,0.3455013632774353,0.4472699761390686,0.4185452163219452,0.328939288854599,0.4146960377693176,0.3091287612915039,0.3216858506202698,0.28558093309402466,0.30155181884765625,0.4480740427970886,0.35395506024360657,129.19921875,18.805617265162226,16.54704807716215,19.54330727943187,18.83364320060138,18.625027458533552,17.756459970447292,40.584889927120734,reggae
-76.08658599853516,101.11207580566406,-11.623927116394043,46.250247955322266,-11.212148666381836,31.397367477416992,-9.473126411437988,22.474390029907227,-16.81224250793457,15.97439956665039,-9.512782096862793,11.821730613708496,-7.846168518066406,2118.551041160394,4853.047736006381,0.07924770700406032,0.18555831909179688,0.47252941131591797,0.48101872205734253,0.5099742412567139,0.38687047362327576,0.40953516960144043,0.36317089200019836,0.419575959444046,0.2887813150882721,0.3295961320400238,0.3748977482318878,0.3942306935787201,0.6034424304962158,143.5546875,20.833808750667217,15.955658778783024,18.43339899668856,18.54337171958181,18.652544444120515,17.758945623030193,42.043534820726606,reggae
-154.80096435546875,110.02114868164062,-18.44538116455078,36.652042388916016,0.5233886241912842,31.57809829711914,-10.43226432800293,18.818374633789062,-7.174977779388428,13.144800186157227,-5.248939037322998,8.900308609008789,-6.710664749145508,1803.9538105585716,3779.060494761456,0.07795204345514307,0.13969922065734863,0.4117656946182251,0.4433601200580597,0.3663822114467621,0.3039458692073822,0.4126265048980713,0.3566407561302185,0.47220975160598755,0.41040724515914917,0.4617972671985626,0.5118246674537659,0.4623689651489258,0.49731916189193726,129.19921875,18.894704303308185,15.581892373598814,20.034380831279982,19.004196639039098,21.10040422642904,18.30680331593978,38.70443290265005,reggae
-170.86712646484375,107.73831176757812,-1.7606568336486816,46.44626235961914,-0.19452211260795593,24.93752670288086,-10.676092147827148,18.083887100219727,-10.790389060974121,11.160344123840332,-7.255220413208008,6.207866191864014,-6.469769477844238,1907.6056942036873,4220.649368746374,0.07740447360788863,0.10637722909450531,0.4152703583240509,0.36248552799224854,0.41755470633506775,0.39484572410583496,0.44183242321014404,0.4119439125061035,0.31759005784988403,0.313130646944046,0.33323073387145996,0.5299214124679565,0.42169126868247986,0.3774344027042389,151.99908088235293,17.528697206137387,14.91010911767331,18.585821437030102,16.473744484325344,17.68884988889072,16.80913358715467,38.60646491137706,reggae
-184.58187866210938,106.21409606933594,4.000761032104492,38.70890808105469,8.41152572631836,30.451196670532227,-3.343836784362793,20.298871994018555,-1.5424038171768188,15.916830062866211,-6.512815475463867,13.191903114318848,-1.7114567756652832,1754.0198285353752,3840.3376957656615,0.0712822650812065,0.1386721134185791,0.444074809551239,0.48700159788131714,0.38909101486206055,0.28376859426498413,0.29650166630744934,0.38424167037010193,0.32903313636779785,0.31089913845062256,0.3937980532646179,0.4126095473766327,0.49342605471611023,0.5038593411445618,143.5546875,18.835617688355896,17.053929942127702,20.14440728585491,20.378081512157397,20.954227670512555,18.57530386456651,38.553331619333974,reggae
-177.704345703125,113.62593078613281,2.321532964706421,35.830684661865234,1.597782015800476,34.69095993041992,-8.738595008850098,16.286312103271484,-9.326431274414062,14.18676471710205,-2.072920799255371,13.133845329284668,-7.2501749992370605,1637.6883378852463,3595.620253135876,0.056755803485112145,0.13923603296279907,0.33227968215942383,0.334261029958725,0.5398728847503662,0.4342644214630127,0.41758474707603455,0.3308675289154053,0.34429025650024414,0.3946189880371094,0.31444185972213745,0.3169611394405365,0.30360615253448486,0.3872823417186737,129.19921875,20.131537000475518,16.515005744693166,21.63826672153259,20.100262264961614,20.220435627324235,17.899417478482345,38.31659579068717,reggae
-88.07561492919922,109.43931579589844,-25.164966583251953,40.39529037475586,-8.778366088867188,24.7145938873291,-11.525629043579102,18.510265350341797,-8.29180908203125,17.03091812133789,-8.43327808380127,9.79904556274414,-12.903515815734863,2006.8493639042415,4323.369242586282,0.09282441814095127,0.15509752929210663,0.38112673163414,0.3573665916919708,0.4654269516468048,0.3829432427883148,0.4076489508152008,0.3972418010234833,0.43935415148735046,0.4993228614330292,0.368243545293808,0.35744452476501465,0.2840406596660614,0.34114640951156616,151.99908088235293,15.63353345371267,15.367430971440038,17.267023028739562,17.561749217870435,17.50306127564158,17.594705166235954,40.52363503133413,reggae
-91.4528579711914,98.79366302490234,-23.196144104003906,46.87300491333008,-6.847095012664795,29.294330596923828,-9.95794677734375,25.666126251220703,-10.203301429748535,19.62326431274414,-8.207199096679688,13.411508560180664,-6.494057655334473,2059.02477480452,4553.198298832656,0.07230036736272236,0.18215873837471008,0.4595962464809418,0.5348516702651978,0.46966907382011414,0.415274053812027,0.4530263841152191,0.40301141142845154,0.38555824756622314,0.37327295541763306,0.456948459148407,0.5553932785987854,0.4715602695941925,0.4878983795642853,151.99908088235293,19.813564217449375,15.421317915712761,18.46637789783493,17.890736800136356,18.04502774686839,17.083859580582768,41.51375159935963,reggae
-161.7779083251953,78.69161224365234,-19.24317169189453,55.11003494262695,13.188936233520508,30.961427688598633,-7.010763168334961,24.29537582397461,-12.827424049377441,21.51841926574707,-13.527458190917969,12.775018692016602,-7.452332019805908,2354.8865441845633,5050.202279854263,0.12024747136020882,0.10782551020383835,0.31983059644699097,0.3647240400314331,0.4150962829589844,0.4991753399372101,0.3586951494216919,0.37985992431640625,0.45276540517807007,0.40069133043289185,0.45452985167503357,0.5086637735366821,0.5628016591072083,0.4257515072822571,129.19921875,18.71105209874681,14.715375324779433,18.005812584396075,18.598351784530305,18.29647965532642,18.536817950622545,40.57184221456286,reggae
-169.15335083007812,110.45999908447266,-8.576199531555176,43.88425064086914,0.27496960759162903,26.63741683959961,-14.368151664733887,13.034432411193848,-11.149249076843262,8.130108833312988,-7.692966461181641,10.910651206970215,-8.175924301147461,1811.4103936654164,3854.8513744380803,0.07214969124613302,0.12366478145122528,0.41204404830932617,0.3333141803741455,0.3895793855190277,0.37035882472991943,0.30895131826400757,0.3867908716201782,0.288708359003067,0.3299849331378937,0.24352923035621643,0.2976820468902588,0.42281803488731384,0.4018924832344055,135.99917763157896,19.96482895649023,17.050832121703678,21.10992319733481,19.301230590043716,20.55335475759482,18.597363006000073,38.304348820891825,reggae
-177.2835693359375,110.98926544189453,-15.664685249328613,36.7674560546875,0.05347718298435211,24.459619522094727,-3.758826732635498,18.421552658081055,-3.3568942546844482,13.789158821105957,-2.092428207397461,8.603011131286621,-5.942914009094238,1708.9705332649198,3582.5804247933584,0.07374708466260634,0.12680219113826752,0.3644011616706848,0.299287885427475,0.4167633354663849,0.36611804366111755,0.44442152976989746,0.38237375020980835,0.32411473989486694,0.42601659893989563,0.36670684814453125,0.3340183198451996,0.2715051770210266,0.3537263572216034,123.046875,20.629425438768052,17.649122006814295,21.07119782745214,19.985163791276577,20.407499350093968,18.67383226397641,37.11986612523866,reggae
-171.62008666992188,99.35643005371094,-8.280707359313965,49.61246109008789,1.0821393728256226,31.125253677368164,-7.139069080352783,15.894790649414062,-1.3649510145187378,12.743274688720703,-5.194912910461426,11.808011054992676,-5.326038837432861,1840.8628555568264,4007.2907981075987,0.07454389319895592,0.13430091738700867,0.39181241393089294,0.38576698303222656,0.41657599806785583,0.3705092966556549,0.4738517105579376,0.4232518672943115,0.4651300311088562,0.406228244304657,0.2970588505268097,0.31322312355041504,0.36173978447914124,0.5287308096885681,135.99917763157896,19.601041290868363,15.960862822686295,20.346289843152903,20.02452221883381,20.814238606408868,19.397842326801612,38.1733076731581,reggae
-177.52110290527344,89.96063995361328,4.589544773101807,40.16101837158203,0.16618753969669342,23.184371948242188,-9.906549453735352,12.780388832092285,-7.307859420776367,18.74725341796875,-5.744415283203125,6.122314453125,-9.918660163879395,2086.3916625200486,4678.8586114232885,0.08734909730278423,0.12778882682323456,0.47804829478263855,0.3908454477787018,0.36026644706726074,0.33143186569213867,0.45238205790519714,0.45815518498420715,0.3897968530654907,0.4625495672225952,0.3789837956428528,0.3477213382720947,0.35043013095855713,0.44667792320251465,135.99917763157896,18.805949413456016,15.832066712131908,19.728416893885953,18.70657190758564,18.796819846527846,17.680248446732215,38.791713899534884,reggae
-256.2340087890625,104.23236846923828,-7.269489765167236,56.26861572265625,11.037997245788574,27.32465362548828,5.8307719230651855,17.7820987701416,-1.2737303972244263,14.674842834472656,-3.4666900634765625,10.861863136291504,-2.460355520248413,1640.7106468821482,3497.346910799739,0.06780765117459396,0.07284604012966156,0.4337012767791748,0.5005648732185364,0.4533405900001526,0.5050739645957947,0.4727628231048584,0.46946388483047485,0.47356700897216797,0.5166536569595337,0.6500693559646606,0.5154505968093872,0.46347180008888245,0.3951472043991089,151.99908088235293,27.880184035716066,16.2831908061659,17.18065944649873,16.788057918427697,16.55526682098308,17.828069927071684,33.86710430753811,reggae
-202.0449676513672,111.10006713867188,8.902878761291504,51.81521987915039,1.3010833263397217,30.039167404174805,-4.50827169418335,22.444955825805664,-7.142241954803467,11.495427131652832,-4.753539085388184,10.595638275146484,-2.635942220687866,1585.361927340042,3735.8608591031034,0.04365755510440835,0.10382235795259476,0.6396760940551758,0.46139439940452576,0.34296101331710815,0.32357877492904663,0.3863806128501892,0.5529167056083679,0.5318926572799683,0.4629048705101013,0.31630203127861023,0.2774893641471863,0.37272998690605164,0.47795888781547546,151.99908088235293,29.40813110370222,15.389588357133624,16.46915659897655,15.704515837709875,16.41549599357361,15.787911565103615,37.165662098129104,reggae
-239.2930145263672,98.96102905273438,19.215805053710938,50.779666900634766,2.8353829383850098,32.23978805541992,-1.4994840621948242,16.728490829467773,-7.447702407836914,16.71643829345703,1.5062196254730225,16.054792404174805,2.8095521926879883,1814.1339363070715,4069.00099468895,0.07047110643851508,0.08045949041843414,0.4079302251338959,0.5510483980178833,0.6696710586547852,0.6247256398200989,0.5564546585083008,0.4001699388027191,0.37622103095054626,0.41707471013069153,0.47284793853759766,0.5538657903671265,0.42831721901893616,0.3956500291824341,151.99908088235293,28.227293086454086,16.028299713496995,15.682929554422522,16.722848803386416,17.070142188227962,15.734455429206715,35.88980699826484,reggae
-226.4379425048828,103.31864166259766,0.11767049133777618,43.95405197143555,10.618827819824219,35.184146881103516,8.42348861694336,21.13106918334961,-3.3074750900268555,15.531950950622559,-3.013962507247925,11.09414005279541,1.7773501873016357,1579.8511126280443,3541.995416273927,0.05865832547853828,0.09194102138280869,0.6489452123641968,0.5207538604736328,0.5427122712135315,0.3968876898288727,0.4153624176979065,0.3964201807975769,0.5037699341773987,0.6018973588943481,0.4398241639137268,0.3847123384475708,0.3982754945755005,0.633082389831543,161.4990234375,27.578911148670493,17.386235777770203,18.867145755014555,18.032404079539138,18.65744809902583,17.350263918632397,35.50026982065229,reggae
-243.82345581054688,123.33696746826172,-15.560957908630371,38.88987731933594,6.496987819671631,25.51103973388672,3.038435697555542,17.182750701904297,-0.2187878042459488,8.984406471252441,-2.490307331085205,6.76583194732666,-3.447550058364868,1510.7924591573858,3319.1775576421114,0.06583149047757154,0.06388380378484726,0.4302211105823517,0.43749845027923584,0.6471956372261047,0.47680559754371643,0.49230319261550903,0.522028386592865,0.4187344014644623,0.4254469573497772,0.4894088804721832,0.6109006404876709,0.5003846883773804,0.391173392534256,151.99908088235293,27.618014191970033,16.030768812776035,15.971277629463177,15.498614776415812,17.564759762925515,17.523385225608788,32.97306378906906,reggae
-249.37835693359375,111.50118255615234,11.242058753967285,41.338905334472656,-2.882327079772949,34.5541877746582,0.42828336358070374,22.32777976989746,-9.970537185668945,10.22595500946045,-2.7978456020355225,8.755895614624023,-1.4459750652313232,1615.8305954532223,3560.6641871193447,0.059114130172080434,0.07418757677078247,0.4261152744293213,0.42046236991882324,0.4955526888370514,0.6317955255508423,0.5038027167320251,0.4366092085838318,0.32740703225135803,0.4227728247642517,0.4198213815689087,0.37599119544029236,0.48258331418037415,0.4174363911151886,117.45383522727273,28.822858690474476,15.184393973516647,16.8960811558263,16.03201830441886,16.998594091547922,17.047139219752733,36.33269288600518,reggae
-238.91705322265625,132.32330322265625,-0.10172224044799805,41.22397232055664,2.420530319213867,19.089252471923828,7.958700180053711,19.936880111694336,-0.6286659836769104,11.096807479858398,-1.7136847972869873,9.9411039352417,3.0233516693115234,1291.4990686418096,2827.5527139827436,0.04460126341357309,0.0824471265077591,0.5477600693702698,0.46003100275993347,0.5595837831497192,0.5442347526550293,0.4765777885913849,0.4974586069583893,0.46969643235206604,0.5396566390991211,0.4633980691432953,0.3491073548793793,0.32421863079071045,0.4146949350833893,184.5703125,28.049899787241497,16.231671523477946,17.64693010511894,17.82774676295463,17.833575792828714,17.95338683291695,33.0435936980485,reggae
-223.38548278808594,114.23246765136719,-4.41199254989624,40.19879150390625,-5.0810465812683105,24.66690444946289,0.7201274037361145,17.045570373535156,-2.362455129623413,11.148086547851562,-3.0845999717712402,6.123610973358154,-5.687236785888672,1699.3251213149977,3786.1216534041473,0.06128250676720804,0.07321162521839142,0.49226632714271545,0.5516282916069031,0.7257148027420044,0.46036967635154724,0.38299641013145447,0.4588690400123596,0.45794224739074707,0.44766271114349365,0.34092411398887634,0.39457207918167114,0.3775169551372528,0.4113616943359375,107.666015625,27.610943945684486,15.266091249167665,16.32312551878664,16.243140252092438,16.97497965624789,16.204238246922056,34.506111730060596,reggae
-236.6493682861328,91.68958282470703,1.881668210029602,45.46815490722656,1.2822023630142212,32.2618408203125,9.052180290222168,19.61058807373047,-5.0543060302734375,10.958242416381836,-4.002636432647705,7.53121280670166,-0.33062657713890076,1811.1579026505945,4119.003657011311,0.0592051400570379,0.07996058464050293,0.4771117568016052,0.5200576782226562,0.387972354888916,0.31214091181755066,0.34885600209236145,0.4325481653213501,0.6967393159866333,0.4995155334472656,0.34709620475769043,0.42348456382751465,0.3310878574848175,0.43881213665008545,86.1328125,27.475009693662106,18.48687424188003,19.831668939990163,17.727064875906198,17.853840638301097,17.557072796117946,36.36819761836563,reggae
-242.43836975097656,98.31111907958984,-3.8230080604553223,46.033687591552734,3.267761707305908,29.203752517700195,8.860404014587402,26.99290657043457,4.714049339294434,13.135102272033691,-0.6497430205345154,12.060078620910645,3.002152919769287,1709.7371262036543,3838.08944949971,0.06325753456109823,0.08632519841194153,0.5248551368713379,0.516173779964447,0.5787059664726257,0.5342114567756653,0.5183140635490417,0.42779216170310974,0.42918750643730164,0.4686200022697449,0.5618970394134521,0.5803931951522827,0.5398249626159668,0.5353360176086426,151.99908088235293,26.411166103318735,15.283497896872806,15.903947931360293,15.973541300304309,17.10978992803224,16.415289833667263,34.29810493461106,reggae
-239.98526000976562,108.75726318359375,-8.204984664916992,32.18833541870117,-8.809303283691406,18.63970947265625,-4.675817489624023,15.522416114807129,-3.7181525230407715,14.518621444702148,-4.797606945037842,6.407276630401611,-2.9404187202453613,1701.0178296815602,3693.693751359484,0.06552258555684455,0.07575556635856628,0.2454100251197815,0.2609679102897644,0.26719993352890015,0.35393083095550537,0.4756227135658264,0.4493683874607086,0.5278995037078857,0.5046995878219604,0.4926503002643585,0.34406742453575134,0.26187750697135925,0.30291303992271423,95.703125,30.230774559138464,16.67656988245416,18.75927940767993,18.895607314203158,18.771339073200053,18.806270516851683,35.53434407232429,reggae
-300.4529724121094,99.25204467773438,53.02273178100586,43.228580474853516,18.889394760131836,24.840747833251953,-7.948949337005615,22.167064666748047,1.7830724716186523,24.789506912231445,8.392867088317871,20.708576202392578,2.805034875869751,1312.5009449202728,2648.3175255582946,0.025934796137857694,0.10379727184772491,0.5472298860549927,0.5944220423698425,0.5065693259239197,0.4924701452255249,0.4679411053657532,0.48092758655548096,0.5274201035499573,0.5221249461174011,0.4871279001235962,0.5170311331748962,0.45568686723709106,0.4920386075973511,151.99908088235293,25.778718632330246,17.156983880880446,20.76030270937075,18.303025623622133,17.736456892249926,16.74852774243215,35.47309863617684,reggae
-296.1459655761719,93.16973876953125,-31.418373107910156,29.494478225708008,-18.943124771118164,1.9469985961914062,-19.490215301513672,-6.239070415496826,-24.016157150268555,-7.100018501281738,-14.198105812072754,3.280731201171875,-10.582573890686035,2032.5080275306436,3839.0303821962007,0.1010474067092034,0.039047129452228546,0.19712091982364655,0.2793523371219635,0.3551636338233948,0.36602118611335754,0.33771398663520813,0.32179778814315796,0.39756524562835693,0.3967701494693756,0.1939082145690918,0.27129167318344116,0.25633156299591064,0.2571266293525696,92.28515625,22.708376167530524,18.35388365499896,20.232376886394036,18.705317445120578,18.362871927970033,18.71509739689272,32.276841760083244,reggae
-177.4196014404297,89.65581512451172,9.641183853149414,65.46586608886719,-0.9979086518287659,15.532965660095215,8.030997276306152,16.351896286010742,0.2724184989929199,2.637974739074707,2.8926405906677246,0.6466755270957947,2.585582971572876,1930.4048085685063,4120.219375362529,0.05900574910576179,0.1199120283126831,0.39353761076927185,0.3260327875614166,0.35235506296157837,0.29914137721061707,0.3154846727848053,0.4138338565826416,0.2834678888320923,0.2596070468425751,0.30992719531059265,0.44907212257385254,0.6395823359489441,0.4432346522808075,143.5546875,25.259312768673386,17.933174236250895,21.15500469288684,19.334752357540776,18.699267655289955,17.893683503776384,17.81933017885087,reggae
-174.87034606933594,79.32584381103516,-24.30524444580078,17.9700984954834,24.484270095825195,15.731203079223633,7.471101760864258,4.228035926818848,3.9252238273620605,4.808933734893799,2.764936923980713,1.72539222240448,-2.34260892868042,2479.991063724072,5047.412789116879,0.105634531491686,0.07124088704586029,0.46122220158576965,0.4680177569389343,0.4848004877567291,0.41136741638183594,0.42820000648498535,0.31353074312210083,0.43808817863464355,0.4630471467971802,0.4153404235839844,0.507256031036377,0.4003674387931824,0.4117581248283386,123.046875,20.750224051139856,15.801703129758538,18.927033927401475,19.13061302128601,19.473063087990884,18.672504113302352,15.349159077157367,reggae
-164.63868713378906,142.70457458496094,-41.48604965209961,41.2175407409668,16.174034118652344,-5.5804338455200195,7.631643295288086,5.613570213317871,0.7995733022689819,-10.474629402160645,-2.337158679962158,-0.49053865671157837,-3.068358898162842,1484.7799129182074,2775.1852296621228,0.0760128909271075,0.11060819029808044,0.6161965131759644,0.2477908879518509,0.22486045956611633,0.2670646607875824,0.49256259202957153,0.4308165907859802,0.32661986351013184,0.48527491092681885,0.22732749581336975,0.2225174754858017,0.14148645102977753,0.33445173501968384,151.99908088235293,24.178542782944028,15.968074669835755,20.0649004977675,19.520939054465398,19.41037536843558,21.781716026572656,15.398543485967975,reggae
-104.17263793945312,83.90962219238281,18.85296630859375,28.910249710083008,10.62236213684082,9.324544906616211,9.320573806762695,6.528050899505615,3.003523826599121,2.4854519367218018,2.7980239391326904,-0.19782687723636627,3.1041364669799805,2455.426131281741,5584.577109918793,0.08757227921983758,0.15240074694156647,0.4204530715942383,0.3964283764362335,0.5055891871452332,0.6581076979637146,0.4698929190635681,0.3830869197845459,0.3413771390914917,0.5060251355171204,0.46536770462989807,0.3818552494049072,0.4790988862514496,0.38329336047172546,172.265625,23.069184903151637,15.078994943045812,17.550121240532633,17.220585802206053,17.417902667121744,17.1889390732074,15.339000220143015,reggae
-120.34941864013672,16.420616149902344,25.026824951171875,37.23860549926758,9.279793739318848,13.024576187133789,3.2330543994903564,5.978342533111572,4.086191654205322,1.7150487899780273,1.9000333547592163,2.675161838531494,2.021357774734497,4281.984674096292,7925.459448865284,0.2237736701227765,0.09118425846099854,0.4850628674030304,0.44783303141593933,0.47293776273727417,0.45782238245010376,0.5116194486618042,0.5171605348587036,0.377000093460083,0.4008120596408844,0.3494286835193634,0.4743957817554474,0.5456981062889099,0.45279914140701294,161.4990234375,19.678097257815566,15.365549019066826,19.25377124707297,17.759120137361787,18.29263152326644,17.136808252622576,15.90894714138986,reggae
-169.06036376953125,79.51624298095703,15.222343444824219,42.73927688598633,7.678778171539307,17.02875518798828,-5.98288631439209,0.539121150970459,0.058045048266649246,-0.9593686461448669,0.8281723856925964,-1.5911511182785034,-2.891855478286743,2322.2154852399008,5227.597237075841,0.08096405524941995,0.09343517571687698,0.41269901394844055,0.36188679933547974,0.3193913996219635,0.3800734579563141,0.2805640995502472,0.2857707440853119,0.32044273614883423,0.24225839972496033,0.2632511556148529,0.23761913180351257,0.3648320734500885,0.42442479729652405,172.265625,24.813579855117766,16.910545740484658,20.06383294875711,17.940208031246257,18.416876243688524,17.63354274128259,16.58446915401299,reggae
-140.3340301513672,69.64920806884766,-9.967759132385254,52.151145935058594,3.2525928020477295,4.558452606201172,-3.4963841438293457,2.917757749557495,-6.563016414642334,-2.655315637588501,-1.7345277070999146,-6.945272445678711,-5.833262920379639,2478.0490603630687,4759.937033243909,0.1149432188950116,0.10924848914146423,0.40896642208099365,0.32129544019699097,0.3708752989768982,0.30532872676849365,0.3172094523906708,0.3890201449394226,0.3489193916320801,0.46874725818634033,0.3485024869441986,0.29395705461502075,0.24559961259365082,0.2913016974925995,143.5546875,21.648968042203517,17.28210894581232,21.312920868911586,19.10189701317294,19.36226559011962,18.60777588457984,17.082519133244162,reggae
-123.69994354248047,66.20999908447266,8.186224937438965,49.73067092895508,8.534509658813477,25.871931076049805,-5.387690544128418,12.882779121398926,-2.5431156158447266,6.80886697769165,-3.566335916519165,7.638636589050293,-2.051774263381958,2673.223822306729,5608.450154527987,0.11116763038959783,0.12015829980373383,0.313830703496933,0.3176025152206421,0.43824777007102966,0.3091048002243042,0.2664228081703186,0.390657514333725,0.43060940504074097,0.5717817544937134,0.47362375259399414,0.35186058282852173,0.4648306369781494,0.3527015745639801,89.10290948275862,21.526841631541625,16.39016368281092,21.568198524310034,19.161397688037795,19.300235568078403,17.645834332697344,20.85660618345108,reggae
-121.54207611083984,89.58557891845703,23.78901481628418,32.782005310058594,8.866973876953125,-2.6041195392608643,6.634385108947754,1.7822744846343994,-2.938577651977539,-3.0915277004241943,-0.6919334530830383,-5.426301002502441,-6.542258262634277,2322.240523866596,5450.573305630075,0.08068951505703789,0.13285553455352783,0.4992101788520813,0.484451562166214,0.39482614398002625,0.5203184485435486,0.3837323784828186,0.31028738617897034,0.25222328305244446,0.32612890005111694,0.3848636746406555,0.2471877634525299,0.29251837730407715,0.33985358476638794,95.703125,24.625107188471063,16.51145166395781,19.015863665000243,19.062846650301495,17.644287643249502,18.142735659014697,16.19220301642142,reggae
-104.97808837890625,66.42008972167969,-2.311486005783081,24.598464965820312,8.404792785644531,6.762863636016846,1.679235816001892,5.180795669555664,1.0479258298873901,2.1903607845306396,2.9473705291748047,4.57408332824707,4.200725078582764,2955.030353182864,5869.496526518997,0.12703658219740913,0.13098739087581635,0.43784835934638977,0.4775347113609314,0.45184406638145447,0.5551214814186096,0.46533647179603577,0.3826960623264313,0.4614100158214569,0.3854137063026428,0.39122679829597473,0.34505754709243774,0.5316219925880432,0.6386932134628296,95.703125,22.546545144543927,16.436285447075445,19.146740376529635,18.03856499215986,17.47975210903152,17.46208480808769,15.253796174713052,reggae
-154.95240783691406,-1.471577763557434,22.345401763916016,30.435306549072266,2.1002306938171387,28.603309631347656,16.997474670410156,13.430587768554688,8.50512981414795,6.496805191040039,9.778131484985352,10.906737327575684,2.177259683609009,4274.292786512983,7674.580146099188,0.27463082463263727,0.11737683415412903,0.5589644908905029,0.501919686794281,0.5313607454299927,0.6005164384841919,0.6098116636276245,0.5380030274391174,0.530797004699707,0.5064993500709534,0.5418416857719421,0.5199795961380005,0.6215652227401733,0.77528977394104,129.19921875,16.903377408897562,11.891007796637867,13.909965747270537,14.802754027011137,15.564452913445505,15.89647961876285,16.108771686361436,reggae
-85.3402328491211,60.939640045166016,34.79256057739258,19.793851852416992,16.717466354370117,7.9690656661987305,9.3023099899292,11.351190567016602,1.3844680786132812,-0.08300847560167313,6.404622554779053,3.6226322650909424,5.658960819244385,3289.1034005754636,7286.299689131381,0.1340670014017788,0.18993304669857025,0.44598856568336487,0.575752854347229,0.48912546038627625,0.49555203318595886,0.6392694711685181,0.6639769077301025,0.6321098804473877,0.5147056579589844,0.43661266565322876,0.3881610929965973,0.34725040197372437,0.39591020345687866,99.38401442307692,15.876512308637487,14.34771674837504,17.816946450899273,17.35243426047694,16.960242832922738,16.532661936242434,14.858584162894426,reggae
-251.3311767578125,105.83570098876953,2.162297010421753,32.47584915161133,16.53575325012207,8.277351379394531,10.35033130645752,5.496450424194336,0.8677845597267151,8.34278392791748,-0.6285378932952881,9.88725471496582,-1.84756600856781,2004.6584158276357,4159.813490157338,0.08975349538379737,0.06302909553050995,0.4415503144264221,0.4675457179546356,0.5610445141792297,0.5122526288032532,0.5282869935035706,0.4758695960044861,0.3867565989494324,0.41467294096946716,0.41819071769714355,0.500238835811615,0.44367948174476624,0.4814821183681488,151.99908088235293,21.27553469924486,12.806843621309843,16.27753326485377,15.868418600375511,16.677805522462737,19.550680718659702,21.42927415201734,reggae
-182.21279907226562,83.50316619873047,4.8831586837768555,12.692699432373047,30.064579010009766,17.20295524597168,6.104851722717285,7.696018695831299,7.146987438201904,8.881940841674805,-2.1440815925598145,5.718442440032959,1.4553061723709106,2542.483268553463,5477.693817067865,0.10157722774071926,0.09683504700660706,0.3223225474357605,0.474362313747406,0.4264354109764099,0.3763792812824249,0.5232106447219849,0.4272756576538086,0.3784430921077728,0.2779303789138794,0.3482336103916168,0.47714439034461975,0.3674602806568146,0.3579064607620239,151.99908088235293,19.352734589737683,16.495415430251825,19.52202657377112,18.611979961875512,21.802523022977315,21.062383538405278,15.821495894010834,reggae
-130.3849639892578,84.30335998535156,29.343412399291992,23.83000946044922,8.269281387329102,13.85476016998291,2.230090618133545,2.9289231300354004,2.5831263065338135,0.09725004434585571,2.3351213932037354,2.7418041229248047,3.752688407897949,2525.5469562709054,5595.360365157338,0.08219627622293117,0.11288440227508545,0.5474355816841125,0.4053661823272705,0.4820392429828644,0.41106757521629333,0.4093931317329407,0.32997825741767883,0.3673388361930847,0.5012602806091309,0.45207348465919495,0.4912433624267578,0.5042577385902405,0.6401046514511108,129.19921875,20.39134077385922,15.247529233626894,18.191792146137598,16.857825400988038,16.83964123589532,16.94327283202625,15.542824159705503,reggae
-162.5001220703125,98.50553131103516,-1.639286994934082,20.811336517333984,12.054912567138672,11.739405632019043,6.087686061859131,4.953259468078613,1.6935802698135376,3.0457839965820312,-0.8581664562225342,4.114119052886963,3.4215340614318848,2173.8734628702273,4658.516146135441,0.08315697807907967,0.10047587752342224,0.47382208704948425,0.38117656111717224,0.412663072347641,0.49651721119880676,0.39458054304122925,0.34829601645469666,0.3552466034889221,0.48842376470565796,0.2641710042953491,0.21646885573863983,0.2875337302684784,0.32688623666763306,151.99908088235293,18.868734397097636,15.347127093280191,19.193841204447807,18.09544928137268,18.032934473193805,19.174426145973552,16.169860477827054,reggae
-177.44117736816406,98.3211669921875,14.72994327545166,21.14199447631836,14.945245742797852,10.197005271911621,4.980916976928711,0.8440795540809631,4.833774089813232,6.865349292755127,3.5423429012298584,-0.3503008782863617,0.5797671675682068,2169.6559456996456,4773.88448693083,0.07884288295146945,0.10329818725585938,0.3646789789199829,0.4167974293231964,0.5463567972183228,0.4319875240325928,0.2935435175895691,0.3000137507915497,0.3315109610557556,0.4321035146713257,0.29553908109664917,0.3549221158027649,0.38421204686164856,0.3261389136314392,95.703125,19.145034635254138,16.212762959220484,20.195096264421007,18.573230303791888,20.282112671990273,20.91195390062274,15.414602612732102,reggae
-169.3655242919922,83.94522094726562,11.218589782714844,12.120246887207031,21.056636810302734,9.510336875915527,0.93732750415802,2.199739933013916,0.8741441965103149,1.655863881111145,-0.40982696413993835,0.732944130897522,-4.780016899108887,2631.1187832454702,5698.113546349333,0.11195424279775715,0.09113358706235886,0.3164176344871521,0.37428009510040283,0.4847017526626587,0.3950192332267761,0.41459304094314575,0.3730197846889496,0.4619830846786499,0.3256034851074219,0.2862493097782135,0.3256619870662689,0.3146957457065582,0.38878583908081055,123.046875,18.234052165321433,15.231197475635028,18.5959032953845,18.327097187138236,19.13883569276376,19.083634544136796,16.451185683849815,reggae
-93.51898193359375,80.19956970214844,-0.3210922181606293,15.246740341186523,4.335902690887451,9.050053596496582,1.6788755655288696,2.5456697940826416,-4.296264171600342,0.9993396997451782,-1.6968483924865723,-2.9973220825195312,2.262345552444458,2671.481384342479,5699.20436213022,0.11736196708236658,0.12638019025325775,0.41440823674201965,0.3488907516002655,0.49021822214126587,0.3626687526702881,0.34237921237945557,0.4655281603336334,0.30234313011169434,0.2925279140472412,0.2666749954223633,0.3858657777309418,0.4989595115184784,0.33985528349876404,151.99908088235293,18.4895031425595,15.572004210374727,19.753642005056307,18.567049970524394,18.800925165172977,17.713526957423838,16.20215585207402,reggae
-301.4973449707031,77.2353744506836,-13.607271194458008,39.30775833129883,1.6184664964675903,16.896568298339844,-7.2505950927734375,-3.6030778884887695,1.1652854681015015,-3.2659785747528076,-8.429975509643555,-3.6008188724517822,-2.606485605239868,2395.5102135646594,4791.645632431844,0.11850204526778808,0.025821609422564507,0.3164924681186676,0.297208696603775,0.38437342643737793,0.24242731928825378,0.2384038120508194,0.1709180772304535,0.2437165230512619,0.39640572667121887,0.2953397333621979,0.34668415784835815,0.2691255211830139,0.38964545726776123,112.34714673913044,21.19482448658904,19.99690958126828,24.075308525546323,21.721564477302586,22.71331884818234,21.212520222614234,19.754035587466966,reggae
-74.10668182373047,57.9962043762207,9.13595962524414,29.254283905029297,12.531283378601074,-0.18686556816101074,0.15999481081962585,1.3688496351242065,-5.0895094871521,1.3554950952529907,2.846724271774292,-1.5618767738342285,0.8844494223594666,3123.715745645115,6474.557884552639,0.13354284488592422,0.18092696368694305,0.44218823313713074,0.5115274786949158,0.41174307465553284,0.43621107935905457,0.4281683564186096,0.43328502774238586,0.3535793423652649,0.3859594762325287,0.44159838557243347,0.31841716170310974,0.28804275393486023,0.2963624894618988,92.28515625,25.93908474397359,15.831405405879657,20.314054281394753,19.495612011505763,19.419470247186204,18.35724945425316,16.038209055641993,reggae
-265.698486328125,80.6396255493164,9.737632751464844,36.64745330810547,27.827783584594727,12.08629322052002,15.011353492736816,15.113030433654785,6.559152603149414,6.2827467918396,7.484470367431641,5.643650531768799,4.348831653594971,2112.968318838473,4785.22564031685,0.06084407325502707,0.057308778166770935,0.3786787688732147,0.3678451478481293,0.31679272651672363,0.31937581300735474,0.4164249002933502,0.5002654194831848,0.6848886609077454,0.5938624739646912,0.45722696185112,0.4381996691226959,0.412423700094223,0.4531981647014618,151.99908088235293,19.556521691255817,16.010705176766944,19.282133640597827,18.4573677136992,18.544594831733573,17.628148835984973,14.779562874451896,reggae
-168.58929443359375,109.53915405273438,-20.654815673828125,38.94364929199219,7.957733631134033,0.3369375765323639,6.048094749450684,4.08280611038208,-1.364237666130066,0.12043600529432297,0.24269433319568634,0.3473123610019684,5.3022565841674805,1910.8838166956766,3940.2847325442285,0.08333522150522042,0.09753626585006714,0.479243665933609,0.5035213232040405,0.589501678943634,0.4458133280277252,0.3622542917728424,0.4038951098918915,0.33229559659957886,0.35747283697128296,0.3506225347518921,0.4617842435836792,0.3947274386882782,0.3121448755264282,92.28515625,17.271673627904587,15.536331296419354,19.82925379739353,19.34051388534429,20.293843999954785,21.044164556183578,16.031129145589478,reggae
-70.07770538330078,54.365875244140625,15.587820053100586,19.808748245239258,27.01523208618164,13.240906715393066,0.6896495223045349,10.069890022277832,6.682559967041016,-0.30866408348083496,2.9699032306671143,6.021378517150879,1.0961132049560547,3094.4494679187587,6975.225674303944,0.10086425403615623,0.2676790952682495,0.4447745084762573,0.47014573216438293,0.3888315260410309,0.4182138741016388,0.49524450302124023,0.4212309420108795,0.37614157795906067,0.33284255862236023,0.37925097346305847,0.40200912952423096,0.3788457214832306,0.4939555823802948,172.265625,28.023086665205494,18.222526975140077,20.82142352968108,18.609742949275123,20.00824810691244,18.461524608649054,16.85566032084417,reggae
-66.10892486572266,97.8838119506836,-18.831674575805664,26.931943893432617,14.003507614135742,6.007767677307129,9.442090034484863,10.566116333007812,-0.14225956797599792,8.125618934631348,10.533843994140625,8.000865936279297,3.8141555786132812,2081.187059476724,4365.952692231003,0.08282126111755607,0.2980298399925232,0.46844807267189026,0.34496691823005676,0.24709877371788025,0.2881283164024353,0.3840179443359375,0.5553571581840515,0.4158947765827179,0.37318915128707886,0.3183119297027588,0.29718026518821716,0.45995575189590454,0.3594803810119629,89.10290948275862,18.936508276521522,16.907612790111063,19.48698899235176,18.371979013622976,17.873601886134484,19.25692239860604,16.001435306849125,reggae
-147.10287475585938,120.10908508300781,-21.602928161621094,39.639434814453125,6.94243049621582,15.083756446838379,-1.0146863460540771,15.940521240234375,2.5470614433288574,4.496181964874268,0.015698378905653954,4.326937198638916,4.640974521636963,1629.2960017192215,3258.641445221868,0.06708825768561485,0.12909263372421265,0.29722481966018677,0.2915652394294739,0.41664400696754456,0.4329138696193695,0.5892977714538574,0.4391748011112213,0.3329955041408539,0.39026883244514465,0.34617879986763,0.4316374957561493,0.33241599798202515,0.3697259724140167,161.4990234375,24.07427839116936,16.822876701242503,20.00917639940889,19.280433743279843,18.97039410767245,18.124182269699403,21.52928924744765,reggae
-132.9563446044922,117.10543823242188,-2.7939982414245605,22.532909393310547,25.915470123291016,0.28717517852783203,13.512288093566895,3.4034061431884766,4.527342796325684,0.5465050935745239,-0.06926864385604858,5.095456123352051,-0.15438732504844666,1728.9380569839393,3519.6045488326567,0.06046832704949729,0.14006787538528442,0.33726319670677185,0.34481242299079895,0.4655652344226837,0.38569414615631104,0.4197990894317627,0.4129260182380676,0.39118674397468567,0.4319632053375244,0.4438170790672302,0.49607330560684204,0.31728222966194153,0.3089312016963959,161.4990234375,18.02565446005064,16.278725401006447,19.349276419401054,17.660943796285995,19.475901383264766,18.985810664201534,15.573833857442828,reggae
-194.7790985107422,83.05220794677734,-0.7635784149169922,32.33564376831055,2.809826612472534,23.16437339782715,2.972536325454712,14.224822044372559,8.545867919921875,10.442086219787598,7.072536945343018,8.811518669128418,1.4220292568206787,2104.695061638517,4381.024269050899,0.07783120045436968,0.09531278163194656,0.31068357825279236,0.33997440338134766,0.49857187271118164,0.40830498933792114,0.40275877714157104,0.3265644609928131,0.3003101646900177,0.41933900117874146,0.3135310709476471,0.34166646003723145,0.2902386486530304,0.35022085905075073,135.99917763157896,21.034818447423035,18.17127414034401,22.316724754624058,21.475541521742304,20.277780389489994,17.71573184679067,18.021925624217335,reggae
-142.864990234375,83.64266967773438,21.93134307861328,33.857208251953125,4.630733013153076,4.171854496002197,1.9529550075531006,21.814586639404297,-5.948422908782959,0.4980754256248474,17.41832160949707,-11.42819881439209,10.545863151550293,2460.5870773027177,5286.859343278712,0.08037456798627224,0.12571118772029877,0.36462298035621643,0.30167704820632935,0.3258002996444702,0.2700159549713135,0.32273054122924805,0.48719322681427,0.3226528763771057,0.2686300277709961,0.2982832193374634,0.4041370451450348,0.592521607875824,0.3927013576030731,143.5546875,23.312287628940698,16.812310167247198,20.70608289119761,19.87934833113324,18.75254309223569,18.479883259961017,16.621095472747296,reggae
-136.7908935546875,75.60449981689453,-5.326231479644775,23.45625114440918,0.7752963900566101,12.28790283203125,4.473608493804932,5.164086818695068,-0.06254430115222931,9.036550521850586,4.886802673339844,2.3323922157287598,5.495945453643799,2288.627178100081,5005.570428056119,0.060985686146558395,0.1489950716495514,0.31675708293914795,0.3879254460334778,0.5712274312973022,0.3869219124317169,0.2865651547908783,0.27725523710250854,0.3679620623588562,0.4565654397010803,0.36568596959114075,0.38409721851348877,0.432858407497406,0.3346115052700043,172.265625,29.170620047868027,17.125630929909814,19.98140820324667,19.36142026957789,18.281474777394262,18.241571721476983,16.5131663176697,reggae
-141.76858520507812,44.18373489379883,21.729690551757812,43.29262924194336,21.7321720123291,11.185504913330078,3.5456066131591797,15.014225959777832,-1.7388556003570557,6.430994987487793,6.913938522338867,0.7089671492576599,3.9630043506622314,3109.7327645271375,6393.12140869707,0.12158920630317092,0.150790274143219,0.5133218765258789,0.42924532294273376,0.4195035398006439,0.36535951495170593,0.3836486041545868,0.3782786726951599,0.36201754212379456,0.4293335974216461,0.38778412342071533,0.43389374017715454,0.39842891693115234,0.4078720808029175,143.5546875,26.878147041529278,16.928720564097038,20.62037850085891,19.64468974122037,18.918369454170502,17.747562393526724,16.294179219302677,reggae
-94.26048278808594,68.13410186767578,4.029074192047119,7.6326212882995605,12.799715042114258,-3.186748504638672,-3.9116668701171875,3.817122220993042,-6.116797924041748,-0.35358279943466187,0.3277284502983093,-4.678537845611572,-3.011047601699829,3089.7484730911488,6574.88795588022,0.13615569714327147,0.1428464651107788,0.3682393431663513,0.46333590149879456,0.48200303316116333,0.41940733790397644,0.47160273790359497,0.44650012254714966,0.5130807161331177,0.4041763246059418,0.39293473958969116,0.4832132160663605,0.3706223666667938,0.37894654273986816,112.34714673913044,25.99133481171459,15.127412873005031,17.74968135922459,17.76529471693202,17.40323416147384,16.6029010825959,15.205288431244886,reggae
-105.91555786132812,88.0167236328125,19.373737335205078,30.624731063842773,10.023094177246094,18.01323127746582,3.6694536209106445,8.916311264038086,5.817336559295654,8.875632286071777,5.665060043334961,10.551831245422363,5.903658866882324,2152.9019278799583,5073.059450224768,0.05103162159222738,0.19216161966323853,0.5267974734306335,0.42443475127220154,0.3722931146621704,0.3334765136241913,0.36692020297050476,0.3981108069419861,0.34820881485939026,0.3786933124065399,0.4198000431060791,0.55903160572052,0.6761757135391235,0.5908964276313782,172.265625,24.891877416588546,15.060804191934261,19.471338225858222,17.92154269926659,16.711413793552957,15.558075235542747,16.206816875107155,reggae
-105.8951187133789,88.19100952148438,19.303367614746094,30.58720588684082,10.000638961791992,17.93559455871582,3.6842968463897705,8.918493270874023,5.854394435882568,8.842855453491211,5.6089677810668945,10.507835388183594,5.925192356109619,2148.49442922645,5063.999850456787,0.05099348052010828,0.19215399026870728,0.4885537028312683,0.3998502194881439,0.3552992045879364,0.3425334095954895,0.40026044845581055,0.3731585144996643,0.35726198554039,0.39790764451026917,0.4761279225349426,0.6482974886894226,0.6591902375221252,0.5566046833992004,172.265625,24.87947125679524,15.062446030204894,19.3696440141562,17.906022230054354,16.710585237782496,15.535201637056923,16.215553854683336,reggae
-63.82023239135742,88.24267578125,-27.58249282836914,18.59844398498535,-3.585768222808838,5.20340633392334,0.9885983467102051,8.04487419128418,-4.402099609375,2.2726659774780273,4.1477813720703125,-2.203778028488159,10.26839828491211,2481.5194522237502,4847.385486151392,0.13501222024845322,0.17089733481407166,0.4212895631790161,0.39163148403167725,0.48712342977523804,0.37690815329551697,0.32059988379478455,0.35633334517478943,0.3311026394367218,0.39621374011039734,0.31905481219291687,0.45865771174430847,0.4080268144607544,0.4096847176551819,143.5546875,20.379890540457264,13.509108054370126,18.002664244214557,18.824150814902186,18.748216751522115,19.7539062120381,17.72701547994786,reggae
-105.7021255493164,76.07130432128906,19.506235122680664,36.742977142333984,3.7592551708221436,11.673693656921387,0.0749008059501648,7.103166580200195,7.682288646697998,10.456472396850586,0.980607807636261,-2.189112424850464,-1.5151199102401733,2456.3701094702765,5054.457294083527,0.08823842626160093,0.21068963408470154,0.3591814339160919,0.26566609740257263,0.2616816461086273,0.34735313057899475,0.5596065521240234,0.3983234465122223,0.39365777373313904,0.468851774930954,0.5490238666534424,0.7328477501869202,0.5046467185020447,0.4467182457447052,161.4990234375,20.512164426906452,16.556072938067338,19.25395175275129,18.69537119439348,17.878380723527584,16.7304098815545,16.781653719790476,reggae
-151.81317138671875,105.13033294677734,-6.16091775894165,47.94136047363281,11.341760635375977,15.082947731018066,11.639795303344727,6.618643760681152,6.823285102844238,2.3987531661987305,-1.0343650579452515,-0.21745535731315613,-0.637147843837738,1778.172233591523,3821.7855006525524,0.06088825647718484,0.11649220436811447,0.4898734390735626,0.3732357323169708,0.35110074281692505,0.32976266741752625,0.37841933965682983,0.29786670207977295,0.33145612478256226,0.37247979640960693,0.3731735646724701,0.47442716360092163,0.4506525695323944,0.5248976945877075,143.5546875,20.28305203353749,16.34852414924065,17.303284420780976,16.321191527944205,16.45191925735641,18.94692344210483,16.045261777918515,reggae
-175.51058959960938,78.04631805419922,-2.5339324474334717,52.8558349609375,15.844184875488281,24.744449615478516,5.29890251159668,8.659985542297363,6.651281833648682,9.800028800964355,-3.353282928466797,4.116686820983887,2.3600361347198486,2316.9096279606247,4680.049349260441,0.09374924473124517,0.09431865066289902,0.5009934902191162,0.4935796558856964,0.5350974202156067,0.4777984917163849,0.4035739004611969,0.37689393758773804,0.3812169134616852,0.5246754884719849,0.42352980375289917,0.3984178304672241,0.4992471933364868,0.41880133748054504,161.4990234375,18.837448336703126,17.411271684022683,19.290950446746987,19.44414482981114,20.300907665892396,19.835431446268615,17.781840898145166,reggae
-155.62472534179688,57.04592514038086,-35.2984504699707,33.29460144042969,-14.1870698928833,25.26350212097168,2.5250751972198486,4.250631332397461,8.485697746276855,4.572159767150879,2.8271405696868896,2.580775022506714,2.825826644897461,3002.6481938382785,5293.021203415024,0.1863670968677494,0.08061415702104568,0.5322126150131226,0.701478898525238,0.5198724269866943,0.5879063606262207,0.5318098664283752,0.4191824793815613,0.4062831401824951,0.4172420799732208,0.4558812975883484,0.38716769218444824,0.375505656003952,0.3816514015197754,151.99908088235293,22.732788644116482,12.833948312830149,15.077519258881502,14.565386410372195,15.590426986919347,18.29085512693465,18.660441099276152,reggae
-103.16382598876953,67.22570037841797,2.2265329360961914,28.500446319580078,4.17234468460083,11.872511863708496,14.247097969055176,14.287373542785645,3.257277011871338,15.844996452331543,8.03518295288086,4.460183143615723,8.67322063446045,2539.081379106247,5260.713071889501,0.09429756984725444,0.19564288854599,0.5270684957504272,0.473092645406723,0.39352694153785706,0.33345746994018555,0.3272267282009125,0.3700803220272064,0.4275765120983124,0.4144110083580017,0.5163706541061401,0.5695077180862427,0.6745724081993103,0.6957945227622986,99.38401442307692,19.451462260169357,14.784672032592962,18.325418429224477,18.212761592248526,17.727596352989828,17.76574149702208,15.908083106990597,reggae
-115.75506591796875,67.0791244506836,1.883468508720398,29.096538543701172,4.00648307800293,12.040892601013184,14.014686584472656,14.933622360229492,2.3025777339935303,17.0694580078125,7.582192897796631,4.99022912979126,8.537059783935547,2566.857509437963,5313.696742223753,0.09938166147041763,0.17930187284946442,0.5735436081886292,0.4881574809551239,0.42355141043663025,0.3416459262371063,0.32274129986763,0.33589085936546326,0.41518133878707886,0.40549275279045105,0.4685960114002228,0.5620352029800415,0.6228334903717041,0.721287727355957,99.38401442307692,20.055647945053586,14.837865359655884,18.43505931770279,18.41002511325701,17.788371323353022,18.21740061159651,16.492610063844044,reggae
-115.75506591796875,67.0791244506836,1.883468508720398,29.096538543701172,4.00648307800293,12.040892601013184,14.014686584472656,14.933622360229492,2.3025777339935303,17.0694580078125,7.582192897796631,4.99022912979126,8.537059783935547,2566.857509437963,5313.696742223753,0.09938166147041763,0.17930187284946442,0.5735436081886292,0.4881574809551239,0.42355141043663025,0.3416459262371063,0.32274129986763,0.33589085936546326,0.41518133878707886,0.40549275279045105,0.4685960114002228,0.5620352029800415,0.6228334903717041,0.721287727355957,99.38401442307692,20.055647945053586,14.837865359655884,18.43505931770279,18.41002511325701,17.788371323353022,18.21740061159651,16.492610063844044,reggae
-285.8719177246094,138.68125915527344,19.889305114746094,35.23310852050781,-8.018051147460938,7.073943614959717,5.402231216430664,-3.2044293880462646,-1.1590015888214111,3.1945815086364746,1.49178147315979,-4.045572280883789,-6.323490142822266,1366.6849879747774,2563.3254898673144,0.0711814367024362,0.0567508339881897,0.4318701922893524,0.31160280108451843,0.3716782331466675,0.2226610630750656,0.31650468707084656,0.38885945081710815,0.23516987264156342,0.3175358176231384,0.3095037043094635,0.4514692723751068,0.30080240964889526,0.26235222816467285,129.19921875,21.34638684660033,17.532166611414794,23.068160424883413,24.33037473226245,21.909911526659727,21.919580908414424,17.522038422288464,reggae
-150.91212463378906,111.76229858398438,2.933833122253418,42.72235107421875,-3.5816025733947754,15.140650749206543,3.447406768798828,0.19413980841636658,-4.715359687805176,3.853785991668701,-0.8861766457557678,-5.347798824310303,0.6896016001701355,1788.5211001813198,3820.544801787268,0.07597437222061099,0.11417220532894135,0.4606185257434845,0.7099473476409912,0.4131704270839691,0.2773229777812958,0.23169538378715515,0.3253777027130127,0.20541244745254517,0.2071903496980667,0.3062540590763092,0.264285683631897,0.23750057816505432,0.23188097774982452,99.38401442307692,17.324451918388892,16.310591330070555,20.09785779831034,19.04942013385488,20.062643835371905,20.074073571379763,17.745567032866724,reggae
-175.11410522460938,116.63851165771484,-55.12106704711914,59.89545440673828,1.9730682373046875,1.093350887298584,14.589569091796875,-3.2228152751922607,2.7886483669281006,5.700029373168945,-1.8436576128005981,7.875682830810547,0.4008883833885193,1797.2434967059141,3439.675230659078,0.0993631573859242,0.11949173361063004,0.387559711933136,0.31915947794914246,0.42441973090171814,0.41093483567237854,0.5093420147895813,0.4630354940891266,0.4142913520336151,0.48565196990966797,0.38939177989959717,0.3298857808113098,0.28237539529800415,0.3351534605026245,86.1328125,23.51510351485988,16.100491340432207,18.408925493342498,17.444275984551474,17.410430432195433,24.10348082615976,17.083202845620047,reggae
42.09144592285156,37.400421142578125,-7.909589767456055,4.485742568969727,8.942606925964355,3.5316226482391357,3.087480068206787,1.6347403526306152,6.270096302032471,1.8271872997283936,-0.5557452440261841,-0.3981800973415375,1.6274765729904175,4435.732059302078,7625.9014510223315,0.26014779098994584,0.3509167432785034,0.6156830787658691,0.6404772400856018,0.7292842268943787,0.6044595241546631,0.6757385730743408,0.703158974647522,0.6001776456832886,0.6430349946022034,0.5856128334999084,0.6368592977523804,0.7324585318565369,0.7968780994415283,129.19921875,12.866113675920515,10.635942377751133,11.629447535266532,14.006771422596865,15.703250001288072,16.35239757156969,13.257530249255671,reggae
-110.21195983886719,48.5562629699707,29.646896362304688,18.435993194580078,-0.463126540184021,4.65346622467041,-2.266833782196045,-6.59204626083374,-2.1460580825805664,-0.14949822425842285,-0.6792546510696411,0.5426738858222961,1.9057003259658813,3296.462832779134,6910.209723027842,0.12183240284222738,0.20773205161094666,0.44398805499076843,0.3736921548843384,0.41005420684814453,0.3869415819644928,0.44366610050201416,0.265191912651062,0.2772088050842285,0.40454959869384766,0.3659053146839142,0.4153836667537689,0.39488211274147034,0.47144564986228943,83.35433467741936,22.746595220941547,18.412398439467186,21.5991161159273,20.682770550866415,20.191556079831543,17.46716794324019,15.600191579837565,reggae
-75.25608825683594,44.86506652832031,10.096426963806152,1.154051423072815,1.1483596563339233,-3.1336843967437744,0.13224777579307556,0.056791916489601135,-3.4559073448181152,0.10516588389873505,-1.9297059774398804,-2.3094441890716553,-0.0652758851647377,3880.9607426552216,8249.673214091503,0.18918764803267596,0.120014987885952,0.370745986700058,0.4402000308036804,0.3347431719303131,0.3800337612628937,0.3477073013782501,0.4352499544620514,0.353920578956604,0.32196179032325745,0.47365373373031616,0.3725079298019409,0.39154326915740967,0.28432074189186096,107.666015625,24.86219087302066,15.662642680825162,19.10524253230468,18.783105630589354,18.782201355687583,16.85622793973328,15.723502467312498,reggae
-194.36122131347656,157.10690307617188,-14.131715774536133,44.06763458251953,3.4900805950164795,17.45553970336914,2.982182741165161,5.828830242156982,3.0098605155944824,1.0710148811340332,2.5813632011413574,0.798550546169281,0.6509364247322083,1052.543425045613,2055.8963076421114,0.038035334493426144,0.15137124061584473,0.3082279562950134,0.3383122980594635,0.3811274468898773,0.5730772614479065,0.3775331676006317,0.32115426659584045,0.30261456966400146,0.42377984523773193,0.5321150422096252,0.3852519690990448,0.2852768898010254,0.20799577236175537,151.99908088235293,17.103398000628083,16.37505614188363,19.05594619040148,18.998248733769103,18.13431409908754,18.223083796813786,18.646278919270145,reggae
-127.32550048828125,65.99195098876953,4.441191673278809,30.03376007080078,16.64228630065918,16.51213836669922,-6.404064178466797,15.292219161987305,4.611588954925537,5.086444854736328,5.585364818572998,-0.7835895419120789,6.0552449226379395,2868.345135224565,5797.136304107454,0.13065696297370458,0.14421863853931427,0.4562737047672272,0.4253316819667816,0.582234799861908,0.4078545570373535,0.41337767243385315,0.419879674911499,0.5418452620506287,0.6074005961418152,0.4556894600391388,0.4657913148403168,0.399593710899353,0.46393290162086487,151.99908088235293,22.97009417677729,15.89745932970665,18.54446561707546,18.16833665370857,18.416753740025886,17.72310057152495,17.68882571142962,reggae
-159.94903564453125,92.8315658569336,-28.738466262817383,31.43021583557129,-6.613217830657959,12.64838695526123,0.8581188917160034,10.945281028747559,-2.0855348110198975,3.6626527309417725,3.568859100341797,0.3236955404281616,8.558350563049316,2314.083798452271,4559.834788736224,0.12383575321442382,0.06881311535835266,0.4286869466304779,0.38672053813934326,0.477498322725296,0.3780481815338135,0.3399531841278076,0.38032010197639465,0.35188767313957214,0.3978031277656555,0.3259660303592682,0.4590798318386078,0.41873279213905334,0.4292701184749603,143.5546875,19.570748474617403,13.708601841769577,17.790618683357938,18.527940971670372,18.99318126437387,19.77045217912574,18.62401295154111,reggae
-138.1492156982422,101.49220275878906,-35.34273910522461,36.13486099243164,-9.498245239257812,14.763236999511719,-0.2315678596496582,11.52083683013916,-2.100818634033203,3.403310537338257,4.196897029876709,0.13718990981578827,9.018026351928711,2170.387167840117,4305.982804796258,0.11999294578982986,0.09212244302034378,0.42389488220214844,0.3918099105358124,0.48466071486473083,0.35971713066101074,0.3490584194660187,0.3757476806640625,0.3548614978790283,0.3993428647518158,0.3306487202644348,0.4787079393863678,0.4069070816040039,0.43132147192955017,143.5546875,15.83616324875769,13.731312716595024,17.8485782026662,18.68893668163211,18.74029120988884,20.100080159033936,20.7833427349343,reggae
-147.4672088623047,113.25333404541016,-6.2853569984436035,9.108814239501953,24.549636840820312,-9.779300689697266,13.13139533996582,-1.9983361959457397,-2.7058117389678955,12.224995613098145,-4.124791622161865,-1.0217458009719849,1.9693737030029297,2109.798559689395,4606.440101145592,0.0892859840245553,0.10708072781562805,0.34124189615249634,0.31121981143951416,0.4561356008052826,0.31690508127212524,0.33368611335754395,0.26014354825019836,0.3807089328765869,0.5612512826919556,0.3979799449443817,0.39277026057243347,0.3031514585018158,0.3946869671344757,89.10290948275862,20.642549084370437,15.566209771165271,20.291016226248043,19.361744137938153,19.98863100560465,26.167304909916226,15.918284748852068,reggae
-97.79846954345703,108.8294677734375,-24.920455932617188,21.306020736694336,12.562687873840332,7.77327299118042,-3.2863526344299316,3.531932830810547,0.68951016664505,4.194190502166748,-9.668842315673828,4.263904571533203,2.458040714263916,2022.4897300831608,3834.3673529038574,0.09561853489945862,0.13466951251029968,0.28071412444114685,0.28022947907447815,0.45659828186035156,0.5096336007118225,0.29170772433280945,0.24921785295009613,0.2748202979564667,0.36778169870376587,0.4475563168525696,0.3856270909309387,0.47919705510139465,0.36491528153419495,129.19921875,28.16052187474955,16.095427089921767,17.98514571753099,18.093634405941916,20.122260358891705,18.915707805382425,16.994446219017238,reggae
-69.06214904785156,79.14716339111328,13.084548950195312,29.38353729248047,0.2798949182033539,4.154809474945068,-0.44261521100997925,0.17704027891159058,2.803924083709717,0.6051488518714905,-2.8017468452453613,-0.5161707401275635,-3.183844566345215,2617.1778006286586,5719.163792869054,0.1031685790071539,0.16224560141563416,0.6586543917655945,0.41336554288864136,0.3293827474117279,0.3354375958442688,0.48178550601005554,0.4582517743110657,0.4132426977157593,0.4887414872646332,0.38418930768966675,0.4018717110157013,0.3243405222892761,0.40492498874664307,123.046875,21.427912316227005,15.566978617063496,17.001980486903697,17.45515201430131,17.605749645834557,17.984539597915823,16.146538767584655,reggae
-166.97625732421875,116.62676239013672,-44.22053527832031,70.51435089111328,2.3173787593841553,16.009483337402344,12.503331184387207,4.093496799468994,5.3214850425720215,4.5174102783203125,7.298410415649414,7.585031986236572,2.908709764480591,1630.16101822981,3183.699903023492,0.0796547968629157,0.16210661828517914,0.38069429993629456,0.32090330123901367,0.3945285677909851,0.4129796326160431,0.5368086099624634,0.5152102112770081,0.5474408268928528,0.5210282802581787,0.3713986575603485,0.31242603063583374,0.2938832938671112,0.3890347480773926,89.10290948275862,18.232177955768737,16.41658441395178,17.74462378642461,17.06243788514468,17.497049860004687,21.184014378483425,21.928899421688943,reggae
-142.80992126464844,103.12613677978516,-15.227189064025879,38.25690841674805,-13.00216293334961,2.7503061294555664,-1.6656564474105835,-3.4389290809631348,-4.45270299911499,-9.28857707977295,-10.12706470489502,-2.118187189102173,-4.464890480041504,2007.0624463203942,4137.222778603538,0.09398639912026295,0.11068560183048248,0.4151569902896881,0.24105851352214813,0.22243764996528625,0.2029896229505539,0.29211488366127014,0.3631121516227722,0.19177715480327606,0.22986643016338348,0.25673583149909973,0.3864918649196625,0.24983903765678406,0.21313101053237915,161.4990234375,15.765568678017239,19.09341370281851,20.62112551872971,19.416893053936686,21.299096615578744,21.02632158631774,17.53210252657188,reggae
-134.6123809814453,93.53314971923828,8.519338607788086,34.86710739135742,3.2853140830993652,15.506226539611816,4.967833042144775,8.540955543518066,-1.2959116697311401,2.727689027786255,5.071606159210205,11.859678268432617,4.4144606590271,2026.4167424052794,4462.868759969548,0.0648337804524362,0.13908009231090546,0.5694342851638794,0.44794535636901855,0.5169463157653809,0.5209341645240784,0.4265197217464447,0.36115536093711853,0.34353873133659363,0.46924084424972534,0.3075336813926697,0.25405508279800415,0.27133843302726746,0.43329867720603943,123.046875,20.73123377117176,14.902564215798247,17.669028669868396,17.799711839810225,18.7987680630297,18.307289859958928,17.67258641399907,reggae
-67.11287689208984,80.68692016601562,-43.87355041503906,57.72136688232422,-12.790038108825684,33.588191986083984,-7.7333598136901855,14.119093894958496,-1.2372345924377441,7.412739276885986,-2.04415225982666,6.099488735198975,-6.627344131469727,2467.1929456866374,4723.590385277697,0.13959632395591648,0.18007121980190277,0.4060256779193878,0.4214881956577301,0.4085835814476013,0.4888058304786682,0.5995883345603943,0.5453588962554932,0.37297606468200684,0.35847368836402893,0.3453100323677063,0.6543851494789124,0.3076482117176056,0.26517632603645325,117.45383522727273,27.474163284728192,14.438138083879712,18.92854143893076,18.124870084212205,19.8310746342863,18.437503819762217,30.19312028199312,reggae
-116.62626647949219,109.25263214111328,-23.16375160217285,40.679481506347656,-11.888836860656738,23.152942657470703,-15.409276962280273,15.12498950958252,-13.522578239440918,12.695886611938477,-10.871556282043457,8.497990608215332,-11.577595710754395,1996.329188697747,4227.868737311485,0.09022025147428461,0.12909233570098877,0.3753868341445923,0.4899829626083374,0.495441198348999,0.41690999269485474,0.4765043556690216,0.3313867151737213,0.2833212912082672,0.32555538415908813,0.3884528875350952,0.5040149092674255,0.2874395549297333,0.2747999429702759,123.046875,18.74271040133241,16.977615389993833,18.802250075050207,17.520429186655612,18.786479075539663,17.93351729328855,40.56427075375223,rock
-111.25285339355469,134.15211486816406,-24.658050537109375,41.54233932495117,-3.075080394744873,28.475191116333008,-10.5995512008667,14.917008399963379,-14.410270690917969,8.844091415405273,-4.547977447509766,9.940144538879395,-4.680241107940674,1529.2908080956652,3271.448122099768,0.05495977438611756,0.18037240207195282,0.29498082399368286,0.3191109597682953,0.3383050262928009,0.39390847086906433,0.47899729013442993,0.3133995532989502,0.27673935890197754,0.3082905113697052,0.4129998981952667,0.49694693088531494,0.39391863346099854,0.35725560784339905,151.99908088235293,26.135659386422805,17.492294075443898,19.39035155557813,17.600733794339146,19.154464611316758,18.449488024381395,38.4181621472916,rock
-120.44552612304688,117.58979797363281,-27.635332107543945,42.83806610107422,-6.757944107055664,21.642139434814453,-12.103039741516113,17.95223045349121,-10.473285675048828,12.275668144226074,-6.569044589996338,13.523021697998047,-2.420073986053467,1875.1802164622393,3929.4931504676624,0.07680441258217324,0.14856810867786407,0.5070451498031616,0.4839385449886322,0.7297075986862183,0.39711761474609375,0.2893681824207306,0.2761322855949402,0.2931212782859802,0.2948593199253082,0.42637431621551514,0.614952564239502,0.45172223448753357,0.47702622413635254,107.666015625,20.06591899100873,16.560839570865248,17.709032572934284,16.300874499470098,16.414017546266077,16.876519756029126,38.577908070214896,rock
-156.5455322265625,130.7241973876953,-1.4807918071746826,36.23459243774414,0.35091260075569153,31.955034255981445,-0.6218727231025696,20.156782150268555,-11.33935546875,13.855698585510254,-3.789872169494629,11.53782844543457,-3.2142531871795654,1421.3550411262563,3042.7015547962587,0.0430986562258314,0.15122105181217194,0.34336477518081665,0.2515198886394501,0.2474410980939865,0.32053714990615845,0.47620347142219543,0.4808005392551422,0.4495468735694885,0.4815315902233124,0.4856618344783783,0.4413555860519409,0.30945152044296265,0.27393683791160583,95.703125,20.75886332752118,16.516184987603207,18.47715443460301,17.73266147244377,17.232709434838437,16.656233118850267,37.680272808928926,rock
-127.97042083740234,134.4408416748047,1.0205100774765015,54.439239501953125,-0.45447078347206116,35.814579010009766,-10.856741905212402,16.38630485534668,-10.032721519470215,6.592465400695801,-6.697599411010742,11.041860580444336,-8.380607604980469,1345.8413834184055,2939.1573239921695,0.04107944520978345,0.20865632593631744,0.36216673254966736,0.36138397455215454,0.3553605079650879,0.32183218002319336,0.28315243124961853,0.25592106580734253,0.33390387892723083,0.5450668931007385,0.5120385885238647,0.4619790017604828,0.3472015857696533,0.3218688368797302,103.359375,24.868696237954275,17.802482853640495,18.7459986301198,16.633181505029917,17.50239871351754,16.53428008408061,38.61279435137715,rock
-62.36484909057617,153.79042053222656,-55.13121032714844,28.01010513305664,-6.850295066833496,17.463838577270508,-22.61467170715332,18.141019821166992,-12.58432674407959,4.502157688140869,-8.390482902526855,7.216679096221924,-2.5232486724853516,1542.1092953993343,2869.7864364305397,0.07702117471481051,0.20371320843696594,0.6355614066123962,0.46344253420829773,0.44832414388656616,0.3315126299858093,0.40410277247428894,0.19784149527549744,0.2330670803785324,0.2760019302368164,0.3138008117675781,0.4836961030960083,0.32157737016677856,0.41216742992401123,99.38401442307692,26.634169124975738,15.264616317558884,18.756860564968708,16.519056775549636,18.564118016689452,18.888831780520672,38.9162437623278,rock
-98.38648986816406,136.5748748779297,-46.71402359008789,46.4766731262207,-17.15201187133789,10.547506332397461,-14.58056640625,16.55133056640625,-12.312679290771484,3.70186185836792,-12.647757530212402,2.9513051509857178,-12.50524616241455,1676.1460477207688,3255.327363689095,0.08730529171500387,0.18003524839878082,0.3208945393562317,0.44570571184158325,0.4426688849925995,0.5137567520141602,0.2751045525074005,0.22419525682926178,0.27863630652427673,0.32665908336639404,0.43654170632362366,0.32671478390693665,0.30688297748565674,0.23605051636695862,112.34714673913044,20.73273073005176,19.37490125679288,20.2396025587152,20.322344995156676,19.63521468645827,19.739409905663187,38.58553718451502,rock
-140.46417236328125,149.3004913330078,-10.073525428771973,38.78474426269531,1.53509521484375,20.12026596069336,-11.341879844665527,16.292198181152344,-13.255261421203613,10.18355941772461,-9.257682800292969,4.699765205383301,-8.370977401733398,1282.1973339054578,2675.912666763341,0.047179750942575406,0.15702089667320251,0.4085019826889038,0.3421114385128021,0.36756250262260437,0.28992190957069397,0.5177228450775146,0.5221739411354065,0.3334273099899292,0.31746259331703186,0.355701744556427,0.3659900426864624,0.20820139348506927,0.2807284891605377,89.10290948275862,25.834017987424748,18.573100461365488,19.689772171382568,18.78137225531141,19.321761577542894,18.3093788985643,37.286347660731415,rock
-14.946681022644043,138.44056701660156,-41.90241622924805,22.075435638427734,-18.676532745361328,32.0044059753418,-20.37027359008789,15.70364761352539,-17.348825454711914,14.874467849731445,-8.903125762939453,12.260917663574219,-5.8288655281066895,1717.0993092104313,3362.1523686738688,0.08495074137180975,0.2607937455177307,0.36042970418930054,0.4774709939956665,0.40313735604286194,0.36912035942077637,0.3348938226699829,0.29249584674835205,0.37752097845077515,0.5203248858451843,0.47608229517936707,0.5345360040664673,0.3942149877548218,0.3661409914493561,123.046875,28.390492213606397,14.87623623884165,17.531686904937274,15.982235455024322,18.872497081600397,16.42245184128124,41.78746114258422,rock
-178.6034698486328,154.00502014160156,-4.958517551422119,21.92864418029785,-2.0540266036987305,23.674203872680664,-1.2848492860794067,11.562132835388184,-6.02708625793457,4.947250843048096,-2.9404819011688232,5.409077167510986,-4.1239824295043945,1181.326607089661,2367.3450301805397,0.04253295992846094,0.12818020582199097,0.5449976921081543,0.3131314516067505,0.31472474336624146,0.22591015696525574,0.37888020277023315,0.5477354526519775,0.6073602437973022,0.5367299318313599,0.2979463040828705,0.2860337197780609,0.1452791690826416,0.3157276213169098,151.99908088235293,28.34205941806011,18.105865625570104,19.97978851377427,20.162908475113746,19.678753135307502,16.359166156825772,33.6907396799028,rock
-108.94803619384766,114.95368194580078,-5.211289882659912,46.19136047363281,-9.136669158935547,20.517894744873047,-17.02409553527832,24.221981048583984,-8.050690650939941,13.439370155334473,-18.37755012512207,8.584026336669922,-11.40121841430664,1857.97259864943,4191.671972429669,0.07170823665893271,0.15342064201831818,0.3435233235359192,0.4124435484409332,0.45658138394355774,0.29661956429481506,0.31065866351127625,0.26457351446151733,0.38582465052604675,0.4655776917934418,0.4616217613220215,0.5474121570587158,0.42326974868774414,0.4111514985561371,161.4990234375,20.286521877304644,17.457216298010486,18.71556598482681,19.764774720991635,18.736756397607586,18.366680943794826,41.11639910055506,rock
-169.68312072753906,119.10564422607422,7.161805152893066,53.429664611816406,4.125312805175781,23.133098602294922,-5.721343994140625,24.98675537109375,-9.328978538513184,13.474867820739746,-14.278745651245117,5.959375858306885,-13.598074913024902,1537.4684493421887,3416.651523528132,0.05433025787896365,0.1233552023768425,0.37820950150489807,0.2848796844482422,0.2689083218574524,0.3416675627231598,0.23056143522262573,0.2456529587507248,0.24039052426815033,0.4138861298561096,0.657407820224762,0.4189768433570862,0.3484245836734772,0.2906776964664459,117.45383522727273,20.668986489444066,19.02057227775092,20.811572747943234,20.88527416887967,19.3913394679764,18.54383913586892,38.53478350296025,rock
-204.60470581054688,106.97547149658203,-10.207929611206055,45.585975646972656,3.0347537994384766,24.002531051635742,-7.504409313201904,20.06585121154785,-5.168004035949707,8.738428115844727,-10.105713844299316,4.364754676818848,-6.958566665649414,1863.7644718857396,3986.232224749855,0.0682249371616396,0.07587265968322754,0.34180372953414917,0.41785216331481934,0.3490968346595764,0.2932222783565521,0.3054196238517761,0.2800843417644501,0.304208368062973,0.2739986479282379,0.3692606985569,0.4170670211315155,0.36119213700294495,0.35417699813842773,112.34714673913044,19.388807411905262,19.179289629717772,18.092170672944608,17.105114898339437,16.811001711747334,16.66621734036817,36.110843182284356,rock
-211.2167510986328,95.7519302368164,40.583526611328125,68.28097534179688,5.30484676361084,30.969951629638672,-5.277175426483154,22.82135772705078,-1.6232677698135376,17.491806030273438,-11.495020866394043,8.730978965759277,-10.45691967010498,1597.5180157344882,3826.665027733469,0.04610991275135344,0.1336696296930313,0.37774088978767395,0.3709932863712311,0.5627402663230896,0.5790045857429504,0.46661797165870667,0.5059636235237122,0.36737874150276184,0.3619139492511749,0.328129380941391,0.4238494634628296,0.5376712679862976,0.40101608633995056,123.046875,19.6757373738159,18.87498484747111,22.87270345931765,20.015744895645327,18.7682394380397,18.94369296946907,38.929007138064634,rock
-256.3722229003906,103.12503814697266,-8.427773475646973,48.585960388183594,-4.188246250152588,17.33988380432129,-6.681784152984619,17.03797721862793,-4.612255573272705,5.318704605102539,-10.017793655395508,8.225861549377441,-6.207776069641113,1937.0023676443107,3985.824209686775,0.0835791733130317,0.05359696224331856,0.37856656312942505,0.29214897751808167,0.3037499189376831,0.31353017687797546,0.3486328721046448,0.35701537132263184,0.49974873661994934,0.4772677421569824,0.3840463161468506,0.3098212480545044,0.3987855017185211,0.5064939856529236,117.45383522727273,17.4819074443215,17.852160751448213,18.550447244733153,17.556682401893674,18.306245955378763,18.079114535078244,34.11311097226145,rock
-174.93276977539062,90.93341827392578,-18.71529769897461,41.61454772949219,-8.878750801086426,9.084967613220215,-12.457277297973633,13.130209922790527,-9.691081047058105,4.335097789764404,-13.485934257507324,6.740899085998535,-10.384654998779297,2335.5199316347857,4500.064745414008,0.11416000519624904,0.08227476477622986,0.37222760915756226,0.3783959150314331,0.690594494342804,0.3372572958469391,0.24345338344573975,0.24771000444889069,0.21082033216953278,0.3143862783908844,0.28946906328201294,0.34796199202537537,0.36715614795684814,0.3262785077095032,135.99917763157896,16.512225540848753,18.49245153198263,20.566836093682017,18.093526067637605,17.74409992964449,18.094579254376516,38.74093443835227,rock
-15.672693252563477,100.0849609375,-37.59760665893555,45.951026916503906,-20.771991729736328,25.64026641845703,-18.628997802734375,26.507003784179688,-20.16448211669922,21.11976432800293,-13.650189399719238,10.966075897216797,-15.52978515625,2459.520891914009,5024.347447795823,0.1428334058391338,0.18441163003444672,0.37542611360549927,0.3797580301761627,0.4606218934059143,0.4122034013271332,0.47891318798065186,0.5263028740882874,0.45215967297554016,0.5773600339889526,0.5505326986312866,0.5035445690155029,0.44408848881721497,0.37679776549339294,143.5546875,19.516572791886464,13.04998595760278,16.019690411856264,15.75477044366037,15.787686192635498,16.523661644616674,44.75758351924818,rock
-41.40650177001953,105.41007995605469,-43.93526077270508,54.11813735961914,-18.419095993041992,23.52926254272461,-17.622051239013672,20.664348602294922,-18.465049743652344,17.480464935302734,-15.180026054382324,11.31359577178955,-14.159313201904297,2312.066157893261,4528.392648364994,0.14054758495262953,0.16600236296653748,0.2701922655105591,0.46595197916030884,0.588764488697052,0.38035669922828674,0.46084243059158325,0.36015382409095764,0.4272231459617615,0.42270371317863464,0.42674699425697327,0.5576964616775513,0.3257869780063629,0.34067440032958984,123.046875,19.93765228194905,14.344064949655138,17.137422329784737,17.959372582428003,17.96944222706156,18.460768874944364,42.763935770731834,rock
-67.59407043457031,109.12802124023438,-32.71141815185547,45.652374267578125,-11.680288314819336,27.491209030151367,-16.3299503326416,22.08125114440918,-15.446937561035156,19.393972396850586,-11.610447883605957,11.576828002929688,-10.516490936279297,2209.182003690989,4593.891556246374,0.11578005667536737,0.14066512882709503,0.43491455912590027,0.42456740140914917,0.4329530894756317,0.46141213178634644,0.5622691512107849,0.509877622127533,0.5340682864189148,0.5606865882873535,0.5000206232070923,0.43770334124565125,0.440639466047287,0.4668012261390686,117.45383522727273,19.132337271319425,12.855422271410482,15.365066869829487,14.42727690569131,15.66500695260604,16.417233540432587,41.7441291083925,rock
-84.1865005493164,102.34354400634766,-41.3508186340332,47.0325927734375,-16.946979522705078,26.23381996154785,-18.950122833251953,18.797080993652344,-21.695302963256836,11.054098129272461,-19.239200592041016,5.234156608581543,-16.756317138671875,2321.1497598885144,4701.357727758846,0.12819063285479504,0.1122041791677475,0.3429185152053833,0.3710327744483948,0.3513675630092621,0.4319603443145752,0.5658074617385864,0.48308315873146057,0.45326539874076843,0.4196324050426483,0.5914267897605896,0.3748740553855896,0.35054025053977966,0.4948136508464813,123.046875,20.862670021580605,13.259302445790663,16.62153040394086,15.197907519589014,16.514185757354465,16.96660079247861,41.357113669379245,rock
-56.9609260559082,115.22100067138672,-30.447240829467773,37.19902801513672,-21.998432159423828,21.875804901123047,-19.77288246154785,15.003683090209961,-24.094863891601562,17.788217544555664,-17.29499053955078,6.7472944259643555,-10.742701530456543,2188.057530674935,4431.917903041618,0.11753303545533643,0.15243913233280182,0.3031984269618988,0.31656500697135925,0.5129154920578003,0.7069774270057678,0.3883921802043915,0.3424699604511261,0.3344256281852722,0.37647712230682373,0.36328041553497314,0.35526081919670105,0.48772338032722473,0.2884744703769684,99.38401442307692,17.646225903904423,14.06674952611999,16.473802746126136,16.119540211873822,16.813507113294563,18.00295102586428,42.33885560748088,rock
-55.33592987060547,114.42697143554688,-34.038848876953125,37.99750518798828,-22.330322265625,18.537242889404297,-18.15918731689453,13.81210708618164,-27.804723739624023,18.165422439575195,-14.628683090209961,6.551333904266357,-8.264944076538086,2158.1594853409792,4245.813073248985,0.121568436412413,0.16144804656505585,0.3042517602443695,0.4318116009235382,0.35162773728370667,0.4239750802516937,0.4027303159236908,0.5363367795944214,0.48473262786865234,0.36961352825164795,0.5253358483314514,0.35461270809173584,0.2834770083427429,0.24655766785144806,129.19921875,16.57378496421707,13.85234500068863,17.330452487703415,17.16661042697948,17.542888510666284,19.446202323531317,42.51469872647342,rock
-34.63447570800781,106.50067901611328,-41.05968475341797,33.668094635009766,-27.22992515563965,21.403963088989258,-21.319082260131836,14.00523567199707,-27.781681060791016,16.053363800048828,-18.8187255859375,5.648715019226074,-14.293838500976562,2342.4462721453447,4595.4403481184745,0.13844302856728538,0.17379270493984222,0.271201491355896,0.2989140748977661,0.41177406907081604,0.6117409467697144,0.4282476603984833,0.35546964406967163,0.42097538709640503,0.47551700472831726,0.38508325815200806,0.38239872455596924,0.6007302403450012,0.3479619324207306,99.38401442307692,16.152673530103865,13.0907152233763,16.10607092316918,16.613386010955683,17.063547502390634,18.321097664232166,43.4782425333874,rock
-88.36003875732422,105.43319702148438,-24.509319305419922,41.850685119628906,-22.360504150390625,23.726531982421875,-19.787084579467773,15.147273063659668,-27.1036376953125,13.853663444519043,-15.209693908691406,8.93502140045166,-12.798515319824219,2294.7279252035287,4847.935057460847,0.11556707088650425,0.13569559156894684,0.2012656182050705,0.1613319367170334,0.3263275623321533,0.3942022919654846,0.23102951049804688,0.4082167148590088,0.30001145601272583,0.3727053701877594,0.28040871024131775,0.24625924229621887,0.3827122151851654,0.22688429057598114,151.99908088235293,19.40486033736849,17.146179117017816,19.837169406332745,18.54161356970903,19.700820989889866,19.16350358314262,42.89451673801515,rock
-52.480682373046875,99.70796203613281,-47.38640594482422,47.0175895690918,-21.017343521118164,22.883758544921875,-18.27861785888672,13.88650131225586,-23.446273803710938,13.512140274047852,-18.66330337524414,5.705185890197754,-12.890456199645996,2320.3950808692307,4466.440973481003,0.14343044578982986,0.15654169023036957,0.3263300657272339,0.35424813628196716,0.5404050946235657,0.34196561574935913,0.3807491064071655,0.3764398396015167,0.5850294232368469,0.4014880359172821,0.3565921187400818,0.49522536993026733,0.33348003029823303,0.36963406205177307,151.99908088235293,18.76400465691302,14.95261103811691,16.99077228676558,16.689094459532452,18.42269420809082,19.59713048183394,42.565314574325214,rock
-47.04378890991211,95.77822875976562,-43.917877197265625,52.07108688354492,-22.55080223083496,20.861921310424805,-18.67561149597168,19.246444702148438,-21.253604888916016,21.881959915161133,-19.212608337402344,9.452244758605957,-12.584074974060059,2510.07314252411,4735.123055938225,0.15782813406322505,0.14910750091075897,0.3540293872356415,0.2903774678707123,0.3168548047542572,0.38376426696777344,0.44931018352508545,0.37318307161331177,0.36045998334884644,0.45419842004776,0.49781957268714905,0.5749890208244324,0.49104422330856323,0.4355121850967407,103.359375,20.081858187756108,13.594325043535749,16.72534353316213,15.90949590701147,16.342345250910864,19.090690075805007,43.43375022952951,rock
-58.98198699951172,106.57720947265625,-31.803863525390625,47.910945892333984,-17.42542266845703,27.755239486694336,-14.01004695892334,22.419036865234375,-20.549541473388672,19.56253433227539,-14.581268310546875,10.176431655883789,-10.946365356445312,2263.203109326082,4603.001117042489,0.12290601737722351,0.15266521275043488,0.45060139894485474,0.3372154235839844,0.5086103677749634,0.2646278440952301,0.3095889687538147,0.49969497323036194,0.4062247574329376,0.4976215660572052,0.3303146958351135,0.39095190167427063,0.30025264620780945,0.3041718006134033,112.34714673913044,19.32761736154178,14.563127956498484,17.522789521031505,17.31799789747376,17.04189207551389,18.190746471503033,42.5825660094087,rock
-123.3453369140625,74.8816909790039,-17.058034896850586,31.6099853515625,2.5446815490722656,17.328310012817383,-3.815232515335083,9.723453521728516,-7.237523078918457,11.25865650177002,0.3819888234138489,3.4685218334198,1.6636860370635986,2669.3593345236,5445.8670695868805,0.13342209570917182,0.07916758209466934,0.3187485933303833,0.3517214059829712,0.3573939800262451,0.44253015518188477,0.3880915641784668,0.5323446393013,0.47069457173347473,0.3732306957244873,0.42527902126312256,0.4046818017959595,0.4468457102775574,0.3186904489994049,151.99908088235293,17.595369174542714,15.96788049862001,17.694241771059616,17.91038164382781,17.78167790539302,18.173581101817803,20.05243856728134,rock
-92.63433074951172,101.837646484375,-33.49186706542969,48.72511291503906,12.3981351852417,20.81382942199707,8.697565078735352,9.275422096252441,2.7734899520874023,5.233724117279053,-9.328544616699219,-3.486363649368286,-4.36038064956665,2046.8578301908997,4095.472012761021,0.10197110039636505,0.13878995180130005,0.4067879021167755,0.3928234577178955,0.38631096482276917,0.4076366126537323,0.35058996081352234,0.4761510193347931,0.34099653363227844,0.3751556873321533,0.4951339066028595,0.5510219931602478,0.6587957739830017,0.4723970890045166,135.99917763157896,19.691482348356075,16.208845047567255,17.31115619310784,18.026926333885104,20.118324547147143,19.848529755794367,17.690538823268213,rock
-42.399295806884766,85.04792785644531,-7.383805751800537,40.71448516845703,-1.0092216730117798,18.923358917236328,-3.5411758422851562,5.871916770935059,-5.020056247711182,4.245413780212402,-3.1746842861175537,-0.5802536010742188,-0.5299239158630371,2445.1189674157067,5173.572711988834,0.11150145917923433,0.18004454672336578,0.5636342167854309,0.504108190536499,0.5162537693977356,0.35889285802841187,0.34416109323501587,0.36684495210647583,0.4078649878501892,0.4746831953525543,0.34797021746635437,0.38586458563804626,0.34560462832450867,0.4065997898578644,123.046875,20.37346673911461,14.139162810711554,17.545666191446564,17.161170054409183,17.570750940379384,16.509408375083144,18.526259405246716,rock
-131.4276885986328,67.74452209472656,32.890037536621094,34.58587646484375,-3.292759656906128,21.882213592529297,-5.809260845184326,10.232336044311523,-7.048971652984619,2.2989485263824463,-4.36830472946167,-3.3174428939819336,-6.280927658081055,2944.617225098909,6333.584516839473,0.11491716212296983,0.09646939486265182,0.27179020643234253,0.34269192814826965,0.5326472520828247,0.47975635528564453,0.5182444453239441,0.44101083278656006,0.33122286200523376,0.26439210772514343,0.3680814504623413,0.4140651524066925,0.3386220932006836,0.38000595569610596,117.45383522727273,23.197802220485656,15.350891121704949,18.639902388771162,17.540877602782903,18.445193587708008,16.869957757522876,17.881883774206916,rock
-89.08187103271484,81.38933563232422,-12.564247131347656,22.778366088867188,-7.0668625831604,-0.49518725275993347,2.7513535022735596,-3.445702314376831,-7.710487365722656,-0.8437491655349731,-4.883028030395508,-2.686931848526001,-5.292617321014404,2639.1039096273103,5302.99675536543,0.1324454393851508,0.1261473447084427,0.3283065855503082,0.3179888129234314,0.5181103348731995,0.29241427779197693,0.3281710147857666,0.35760125517845154,0.4462577700614929,0.5426592826843262,0.27932462096214294,0.30988770723342896,0.33697232604026794,0.37294402718544006,117.45383522727273,18.26047778307374,14.897933437082578,18.593666962710426,19.58808237721683,18.700466737699507,18.714431036613362,15.415137769193407,rock
-26.40656280517578,85.88427734375,-17.21160888671875,35.311553955078125,9.982888221740723,10.665743827819824,1.3990858793258667,4.575923442840576,-0.12147768586874008,2.0990707874298096,0.32295215129852295,5.393007278442383,-1.012506365776062,2344.5259235128556,4728.642093571088,0.11589709565839694,0.22182516753673553,0.4293173849582672,0.3478851020336151,0.45153775811195374,0.3328014016151428,0.41446584463119507,0.3682449460029602,0.367335706949234,0.36789894104003906,0.3391474783420563,0.46868300437927246,0.3230322599411011,0.38943198323249817,92.28515625,19.19308070703784,16.077684918234105,19.031302462882863,18.450109382545374,19.329124239427113,18.138856781385925,16.95167077905743,rock
-119.03784942626953,128.89801025390625,-17.83216094970703,29.174346923828125,2.7172751426696777,7.998561859130859,-7.062790870666504,3.872145414352417,-1.5170446634292603,-3.9864916801452637,-7.040561676025391,-2.8676345348358154,-4.180408954620361,1674.1340437310519,3431.789715052204,0.07487394564481825,0.1278773546218872,0.37238073348999023,0.6063582897186279,0.3457369804382324,0.2352093905210495,0.2496749311685562,0.19767478108406067,0.2347736358642578,0.21480683982372284,0.3956597149372101,0.39985600113868713,0.2615548074245453,0.3679865598678589,117.45383522727273,20.768868645637884,14.737940229389368,19.54788389644715,19.27525815577367,20.963902421793886,17.710166512519617,16.950862943135462,rock
-28.04837417602539,65.66149139404297,-7.321227073669434,33.75632095336914,11.126421928405762,14.604360580444336,2.092580556869507,10.009483337402344,-0.2251157909631729,10.13486385345459,-2.8547632694244385,3.0963168144226074,-1.6673214435577393,2788.3693356571966,5832.197276824111,0.13492539898700306,0.19099241495132446,0.5127029418945312,0.35148686170578003,0.3123663067817688,0.3051157295703888,0.45253676176071167,0.5657832026481628,0.47045421600341797,0.4482482969760895,0.439092218875885,0.5012797713279724,0.33134037256240845,0.3653934597969055,135.99917763157896,20.661022299345856,16.488210052517232,20.158862232387786,19.294507376498263,19.022562728687756,17.746971752156448,17.621649471214678,rock
-124.00334930419922,109.49398040771484,5.874345302581787,32.89594650268555,10.985754013061523,11.695205688476562,12.67827320098877,12.968338966369629,1.6449657678604126,4.5004191398620605,9.672361373901367,3.0521113872528076,3.5316381454467773,1867.4143288199461,4271.110007159948,0.05698049593967518,0.12408982962369919,0.4696994721889496,0.43289220333099365,0.4546397030353546,0.42386287450790405,0.5114911198616028,0.39801403880119324,0.3523879647254944,0.28528884053230286,0.40634289383888245,0.5118178129196167,0.5514761209487915,0.689430296421051,129.19921875,20.032329389849814,14.55648008115168,16.603209263184212,17.598644198834695,16.739083049369377,16.437604509570665,15.163109064632192,rock
-0.42657747864723206,72.35003662109375,-13.06186580657959,23.915254592895508,10.229573249816895,10.317129135131836,-5.016698837280273,14.344585418701172,-0.6939212679862976,9.888120651245117,0.7251985669136047,5.222891807556152,-4.096551418304443,2850.236430403512,5897.606074892241,0.14704748862547892,0.21626079082489014,0.4401591122150421,0.36979177594184875,0.47821545600891113,0.3750159442424774,0.4683239161968231,0.5294457077980042,0.389331191778183,0.46335524320602417,0.4406455457210541,0.5037749409675598,0.31913769245147705,0.3580089807510376,135.99917763157896,19.657459865145555,14.915712990351725,18.12114833883048,17.755645877769414,18.241229144100764,16.902201913128703,19.099672600274715,rock
-71.13558959960938,79.4583740234375,-20.803537368774414,30.64813804626465,5.5313944816589355,3.704120397567749,4.703727722167969,7.269519329071045,-5.486207008361816,2.504746913909912,0.8459367156028748,-0.5797618627548218,-1.8930233716964722,2626.8195142103973,5047.29621338457,0.14627101157675948,0.11334493011236191,0.538438618183136,0.3778744637966156,0.4193992614746094,0.39854463934898376,0.5361354351043701,0.5025791525840759,0.4713502824306488,0.5822036266326904,0.3983231782913208,0.3628190755844116,0.3944995701313019,0.4391128718852997,129.19921875,22.965202320081083,14.83210020003317,17.44455406664952,17.30182689607008,17.66557816924072,18.94109084648591,16.453002909023752,rock
-15.928070068359375,67.15309143066406,-20.12190055847168,15.576830863952637,4.801263332366943,10.825858116149902,5.959400177001953,11.796420097351074,-0.3968154489994049,5.655035495758057,0.1137237548828125,1.097923994064331,-1.7415591478347778,2794.9630916287133,5862.422884064193,0.14055017052051083,0.21929600834846497,0.41759416460990906,0.4508093595504761,0.34054529666900635,0.3127889931201935,0.29648202657699585,0.3811030983924866,0.497086763381958,0.39840224385261536,0.4670011103153229,0.42836812138557434,0.4701429009437561,0.47741273045539856,135.99917763157896,18.54809807470556,13.923787613151466,17.103912496287933,18.24997330736677,18.264552227256935,17.60028650102727,17.81676390803163,rock
-50.84935760498047,86.40165710449219,-14.424249649047852,12.829984664916992,21.69183921813965,4.235365867614746,1.7406831979751587,3.703730821609497,4.683396339416504,-1.864467740058899,-1.1955879926681519,-0.017734795808792114,-4.12709379196167,2559.166384767367,5447.017745794664,0.12275949523878577,0.14428338408470154,0.3940591514110565,0.35009366273880005,0.45528507232666016,0.3647315800189972,0.5647758841514587,0.35064128041267395,0.4328591525554657,0.3443574905395508,0.41691601276397705,0.6941078901290894,0.445886492729187,0.49792423844337463,143.5546875,29.477748184157555,14.769893513113962,15.50496707194863,18.924014617686446,19.902334357395087,17.225596424598137,15.067053378683875,rock
-65.91230773925781,61.280311584472656,-1.9368678331375122,35.30937576293945,9.312999725341797,7.555877208709717,3.409661054611206,2.9779460430145264,4.606907367706299,2.909939765930176,1.7725732326507568,-0.39182528853416443,-5.758149147033691,3010.0558252943074,6131.283987093968,0.14475178847641146,0.14285209774971008,0.3901187479496002,0.4469296336174011,0.5126078724861145,0.5137908458709717,0.4583986699581146,0.3703418970108032,0.3594217598438263,0.4196889102458954,0.40743520855903625,0.3855087161064148,0.34318938851356506,0.3861522078514099,112.34714673913044,31.999727975218033,14.180876773372471,16.271159603108067,17.857972115708527,18.311622766683644,18.140392491368367,15.056837194566528,rock
-35.39995574951172,73.69066619873047,-20.220226287841797,17.177566528320312,14.948892593383789,10.214969635009766,7.6008100509643555,1.5895825624465942,4.175487518310547,0.7455014586448669,-0.3865785300731659,-1.3119746446609497,-2.040322780609131,2806.872615958848,5677.17987556192,0.14835555334010053,0.16064424812793732,0.5822485089302063,0.345335990190506,0.30179983377456665,0.30936628580093384,0.3507872223854065,0.3658248484134674,0.3805966377258301,0.52895587682724,0.3096431493759155,0.3978891670703888,0.421854704618454,0.53193199634552,117.45383522727273,29.099937068320102,14.502496946981703,17.54033514531473,18.514586035162456,19.162583249399013,17.943853192911266,15.057077270285852,rock
-74.18399047851562,76.73505401611328,-3.80438494682312,28.03363037109375,8.136066436767578,6.016017913818359,4.299717903137207,0.5060532093048096,2.845613718032837,-0.9449357390403748,-2.3550400733947754,-0.2859720289707184,-1.4562422037124634,2794.8199158537072,5878.15643806192,0.13765528325599383,0.11890992522239685,0.46348151564598083,0.3873039484024048,0.4289425313472748,0.401246577501297,0.4957323670387268,0.4135182201862335,0.40156498551368713,0.44367262721061707,0.4429946839809418,0.546829104423523,0.4291355311870575,0.48059719800949097,161.4990234375,22.751944175827354,14.792549359178603,17.03224476773973,16.380450975468758,17.512086526364733,16.895120375703605,14.840229826165748,rock
-62.134620666503906,75.87378692626953,-26.72933006286621,18.28122901916504,2.4590399265289307,5.833554267883301,11.579477310180664,0.010207079350948334,8.693243026733398,5.515676498413086,-0.24614885449409485,2.3988752365112305,-1.7415359020233154,2739.501165243808,5326.7365705662705,0.14395686811194897,0.13980498909950256,0.47132739424705505,0.509697675704956,0.47792235016822815,0.41430920362472534,0.4128201901912689,0.31021761894226074,0.35106828808784485,0.4822908341884613,0.41952791810035706,0.5122475028038025,0.3372853100299835,0.34401556849479675,89.10290948275862,23.827489499359643,13.46272413518837,16.722558444117727,17.49721290402593,17.794932289521682,18.4740284607751,14.666338552598983,rock
-118.39433288574219,130.25537109375,-3.0893328189849854,15.728804588317871,3.9465372562408447,10.665425300598145,6.837985038757324,3.397979736328125,0.7698096632957458,-2.5344228744506836,-3.10662841796875,-2.866894006729126,-1.6236909627914429,1651.7562246177304,3455.7460280416185,0.06890203560034802,0.14430736005306244,0.5330537557601929,0.24432329833507538,0.20937027037143707,0.19084230065345764,0.35365039110183716,0.3480183482170105,0.3012877404689789,0.5034006237983704,0.3016211986541748,0.3486654758453369,0.14789913594722748,0.2555583715438843,92.28515625,26.87669549250556,15.951323020761672,20.82172327711272,21.880068537786368,21.819321131025323,18.857369182127695,15.544788041274755,rock
-172.66567993164062,142.76348876953125,-55.773094177246094,79.31552124023438,-1.874193787574768,4.793415546417236,0.24512405693531036,-11.501138687133789,-0.2671954333782196,-9.363408088684082,-7.680028915405273,-11.266705513000488,-5.683592796325684,1561.4111067130552,3243.286755909223,0.07895466272718484,0.09696266800165176,0.265887588262558,0.2500276565551758,0.16532766819000244,0.2474885731935501,0.6210708618164062,0.4047802984714508,0.26510363817214966,0.288313090801239,0.3229128420352936,0.7140054106712341,0.4573158323764801,0.3332025706768036,151.99908088235293,28.11904477491827,16.94221598611098,19.13791141183347,19.047989089350427,19.06044714785484,24.44138674963159,17.048303997494628,rock
-83.05496215820312,91.50623321533203,-13.687614440917969,16.13486099243164,10.32830810546875,5.533293724060059,-9.451848983764648,-6.61841344833374,-3.033612012863159,4.933539390563965,2.6400771141052246,1.0502369403839111,-3.6719629764556885,2429.0679000761247,5035.572025449536,0.11818445475638051,0.12061557173728943,0.26350343227386475,0.3582499027252197,0.31713494658470154,0.2609674334526062,0.5889688730239868,0.2857654392719269,0.29673996567726135,0.4416241943836212,0.42662885785102844,0.5375635027885437,0.3048606514930725,0.254864364862442,103.359375,26.96401526349576,14.268452581314452,18.521995095373413,20.146553173305094,20.118412317677468,17.248247337058146,15.321971872268536,rock
-58.31211853027344,62.513267517089844,-12.654888153076172,31.943603515625,8.115569114685059,2.26064133644104,3.9070799350738525,1.4533549547195435,-2.7132813930511475,1.1064516305923462,-0.4595750868320465,-2.379528760910034,1.2424838542938232,2997.8538382881115,5962.265828922564,0.1562231879592034,0.13890117406845093,0.4125945270061493,0.48037707805633545,0.4722505807876587,0.3632473349571228,0.4013184607028961,0.41024333238601685,0.5290244817733765,0.5930373072624207,0.5050975680351257,0.5161073803901672,0.45853134989738464,0.39515018463134766,107.666015625,25.338586241660302,12.664609397086378,16.450379225619947,16.944781862330956,16.923460343646717,18.13932603677025,15.700989469006506,rock
-93.35885620117188,137.46743774414062,-45.09206008911133,37.8115348815918,-9.41983413696289,12.594670295715332,-7.480642318725586,5.539186000823975,-3.7403597831726074,-2.010742664337158,-2.459423303604126,-9.579354286193848,-3.1679165363311768,1646.6359257324248,3184.299435361079,0.08525284887374324,0.1455407440662384,0.3319311738014221,0.2334028035402298,0.2123791128396988,0.18639078736305237,0.33666643500328064,0.1699351966381073,0.2209583818912506,0.2647770345211029,0.3875458538532257,0.6787832379341125,0.4176955223083496,0.41948074102401733,129.19921875,27.288678686247184,16.127717413340548,17.291763963705883,18.57701688524159,18.37001881631317,18.984824091343025,20.37088818134686,rock
-142.40489196777344,116.13787841796875,2.2472293376922607,31.06119728088379,6.18619966506958,0.12031544744968414,0.31996890902519226,7.791391849517822,3.2471306324005127,-3.015228748321533,1.709286093711853,0.7361195683479309,0.14306975901126862,2078.0554239577727,4496.092843677494,0.09133351761890951,0.10098884999752045,0.30459073185920715,0.5319930911064148,0.22218218445777893,0.2586739957332611,0.5204067826271057,0.4336299002170563,0.6806430220603943,0.37873348593711853,0.36923664808273315,0.35151052474975586,0.2810845375061035,0.42419952154159546,112.34714673913044,17.118313091264106,15.576161148591083,18.924185992611907,20.633375347365416,18.470168042689203,17.868239407972748,16.091245736534045,rock
-144.9571075439453,118.46495819091797,20.525068283081055,28.564393997192383,2.353555679321289,10.069560050964355,11.917598724365234,4.851779460906982,-0.08492732793092728,3.2985026836395264,3.4143993854522705,3.65059757232666,5.364322662353516,1721.1466519043972,3811.3186652588456,0.05330347000676721,0.14119698107242584,0.4173927307128906,0.7218849062919617,0.375968337059021,0.33950141072273254,0.3339081406593323,0.41795703768730164,0.34924840927124023,0.33834028244018555,0.45505791902542114,0.3375401198863983,0.34522348642349243,0.3022270202636719,123.046875,16.09256518140071,16.138606572892588,19.138550975195166,19.178083896513414,17.67442718231437,16.875998217642074,15.68576929683062,rock
-66.28536224365234,66.77525329589844,25.18438148498535,26.29693031311035,5.291619777679443,10.455606460571289,2.4704694747924805,0.7524102330207825,-0.3713614046573639,1.7261295318603516,3.2138004302978516,5.035213470458984,-1.941701889038086,3031.127685864391,6732.748151102088,0.12085810614849188,0.16167403757572174,0.2803676128387451,0.4274882972240448,0.33732739090919495,0.5320218205451965,0.3295086920261383,0.30868780612945557,0.3257635831832886,0.3972090482711792,0.6415769457817078,0.3722904324531555,0.25775495171546936,0.2137865126132965,89.10290948275862,18.032351888566094,15.17432597808706,19.69113580780116,18.13862945158268,15.930726359144575,16.154947436250726,15.262031018938284,rock
-181.23040771484375,103.43168640136719,9.386157989501953,19.078840255737305,13.772364616394043,-0.521217942237854,4.389382362365723,-7.6141815185546875,-8.117305755615234,-0.13711442053318024,-5.181870460510254,-6.306278228759766,-5.451935768127441,2186.669241082053,4462.893740483613,0.08856659053557618,0.11331169307231903,0.21852578222751617,0.19299229979515076,0.28333839774131775,0.4125209152698517,0.22860494256019592,0.2583130896091461,0.37163183093070984,0.4307328760623932,0.5832899808883667,0.4013221561908722,0.34141021966934204,0.3645349442958832,129.19921875,18.89482916494381,17.15208393630758,20.426158025029807,18.573135212818535,18.24827916165111,18.555718473202546,15.472713007919241,rock
4.082787036895752,52.60870361328125,-11.05490779876709,19.704362869262695,11.284097671508789,7.059070110321045,5.062798976898193,4.561673164367676,0.025624074041843414,5.154422283172607,3.403595209121704,1.1689493656158447,0.5820397138595581,3361.7679741880775,6920.343484900667,0.18754758193155452,0.19013606011867523,0.7865714430809021,0.4211623966693878,0.3325791358947754,0.286154568195343,0.3796963095664978,0.4158356785774231,0.3459756374359131,0.45650774240493774,0.2967597246170044,0.35990384221076965,0.3930232524871826,0.43597808480262756,117.45383522727273,17.503259368219275,15.080585911659265,17.382038320662254,16.715665473112065,17.42654956003306,17.0795886875456,15.327248958352758,rock
-156.2860565185547,75.6281509399414,-16.517866134643555,16.340904235839844,5.801708698272705,6.009819030761719,-4.145812034606934,-3.763573408126831,-6.168729782104492,-8.928001403808594,-4.101072788238525,-2.207017183303833,-4.650857448577881,2632.272033619275,5309.982972465922,0.13240314433488012,0.06544932723045349,0.48834487795829773,0.26970040798187256,0.3216860890388489,0.34890395402908325,0.268598347902298,0.2615877687931061,0.26127657294273376,0.6254198551177979,0.26048293709754944,0.2738220691680908,0.4243055582046509,0.35534459352493286,107.666015625,21.963634395465746,18.059518644881944,20.542710511445797,21.615302372200595,21.30695148889682,19.79583490392835,17.13316543577602,rock
-91.91240692138672,129.9686279296875,1.8372803926467896,11.621114730834961,3.2257633209228516,-1.9720752239227295,-2.2193565368652344,-0.8554060459136963,-4.34347677230835,-3.5430147647857666,-1.5521153211593628,-0.5419180393218994,0.40201321244239807,1712.2893709831192,3618.4024819641822,0.06657807364172467,0.14712148904800415,0.6363568902015686,0.4354154169559479,0.32843342423439026,0.31298038363456726,0.5390240550041199,0.4928136169910431,0.3459373414516449,0.524267315864563,0.386501669883728,0.49079573154449463,0.3169620633125305,0.37026721239089966,129.19921875,16.761955286153782,13.320559900332967,16.03322193979959,17.751080765405003,18.12437995271818,17.29534999175787,17.4502043942067,rock
-7.868896484375,59.53772735595703,3.647710084915161,28.98435401916504,4.13840389251709,10.268540382385254,2.558713912963867,7.604068279266357,-1.3998239040374756,2.9641616344451904,4.049990653991699,-0.7528139352798462,1.0675512552261353,3303.2031125307344,6717.260232381091,0.17753347351121423,0.17567987740039825,0.40795406699180603,0.37998253107070923,0.4278615415096283,0.5168487429618835,0.7735391855239868,0.5060467720031738,0.4792214334011078,0.437857985496521,0.45362570881843567,0.4859466552734375,0.4520472288131714,0.5397734045982361,135.99917763157896,16.568045663103558,13.362829366453377,16.355212767196104,15.75065112480754,16.13976941606126,15.759580229952606,16.149289712457886,rock
-58.583797454833984,64.91177368164062,15.929983139038086,5.428903102874756,7.524496555328369,9.88312816619873,1.594664216041565,5.353822708129883,-1.2404981851577759,-2.0384182929992676,2.442232847213745,-0.7197205424308777,-0.30926552414894104,3488.5019910192823,7659.9582185324825,0.17507016446732404,0.12258277088403702,0.3999069631099701,0.27280393242836,0.42507225275039673,0.3298856019973755,0.43723493814468384,0.44366902112960815,0.4245326519012451,0.41537073254585266,0.3071562349796295,0.4701065123081207,0.3081759810447693,0.4472730755805969,123.046875,16.527518050724044,14.722793557642778,18.6384892676032,19.055902627653396,17.75633688750934,16.181945158478435,16.293241669512994,rock
-142.00828552246094,96.97539520263672,23.254150390625,10.455742835998535,6.293646812438965,4.963418006896973,1.0708205699920654,1.103584885597229,-4.8490777015686035,0.8722022771835327,-3.4491500854492188,-2.0109097957611084,-5.901435375213623,2438.175192954676,5499.360249601218,0.09895493462393658,0.08743781596422195,0.3877032995223999,0.22636932134628296,0.3519904613494873,0.278759628534317,0.20758011937141418,0.2783244550228119,0.3309493660926819,0.5575189590454102,0.2525724470615387,0.19530577957630157,0.26759111881256104,0.27765998244285583,123.046875,18.816646414353784,16.068882987956574,21.696688649043992,22.42465247441034,20.802560579102693,18.94269093564122,16.42734673322527,rock
-219.11630249023438,94.37081146240234,42.78750991821289,16.115028381347656,9.503606796264648,12.890872955322266,7.731355667114258,2.3898096084594727,-1.0204222202301025,-1.953544020652771,-1.9855668544769287,3.146782875061035,-0.8825265169143677,2424.519698838249,5644.713534113979,0.08653680575696056,0.05117928981781006,0.31037160754203796,0.30877265334129333,0.5189957022666931,0.3156629800796509,0.3841726779937744,0.24156992137432098,0.3153510093688965,0.3636874556541443,0.2702237367630005,0.3228786289691925,0.2665720582008362,0.45587360858917236,117.45383522727273,18.625389880292634,17.778424381837883,22.253587931566244,22.08975391247145,18.855132374219966,17.035131766678173,15.930739464649752,rock
-82.69718933105469,83.51688385009766,-0.5975729823112488,10.497100830078125,10.424635887145996,7.069787502288818,5.078569412231445,0.07893475145101547,-0.20585675537586212,-0.9349143505096436,-0.0967431291937828,-1.700989842414856,-1.0193594694137573,2796.584436106161,6203.061330843968,0.13464402673047177,0.10327489674091339,0.4078643321990967,0.29440271854400635,0.42829033732414246,0.37553656101226807,0.5987509489059448,0.38367658853530884,0.32673677802085876,0.44008490443229675,0.35739079117774963,0.546562671661377,0.31319743394851685,0.39383643865585327,89.10290948275862,15.963104374694087,13.797839306708102,18.615519644805513,19.06800618044791,19.5265728527262,17.0904271470608,15.38975421960795,rock
-193.64022827148438,98.43582916259766,44.057926177978516,23.775482177734375,12.580538749694824,8.460772514343262,2.169093370437622,-0.3445762097835541,-8.183045387268066,-9.117337226867676,-5.237825393676758,-4.842614650726318,-1.3743816614151,2072.154517807153,4688.517743528857,0.06905497752320186,0.08831079304218292,0.21090993285179138,0.17297768592834473,0.29555565118789673,0.283223420381546,0.5215421319007874,0.2921868562698364,0.2679632306098938,0.2751331627368927,0.2697961926460266,0.5307738780975342,0.224948912858963,0.25245800614356995,123.046875,16.729778843190612,18.256980004870744,22.89353029343355,20.035747806785942,17.193050381069334,17.477560478837344,16.430329242562696,rock
-212.28390502929688,65.78227233886719,45.207645416259766,19.728803634643555,11.811090469360352,8.058758735656738,4.425893783569336,4.2154011726379395,-2.3198673725128174,-2.2011733055114746,-1.6351122856140137,-4.660810470581055,-3.7225630283355713,2946.6326071058666,6983.236092481148,0.10852154630703789,0.06045633554458618,0.28969359397888184,0.3945375382900238,0.311531662940979,0.34829530119895935,0.3217417299747467,0.2918406128883362,0.29512232542037964,0.31552061438560486,0.4069159924983978,0.27607840299606323,0.2843155562877655,0.3000280261039734,123.046875,19.04876746873745,16.302668291526537,20.905982696185937,20.619280128861515,19.424371829226637,18.25858028647116,17.88805814193791,rock
-302.8243103027344,116.2183837890625,44.6890983581543,25.96263885498047,18.715103149414062,7.5668535232543945,7.333934307098389,4.033652305603027,-4.181990146636963,0.8796671628952026,0.9548351168632507,2.8209009170532227,1.4063515663146973,1711.1692946901107,3491.7013146207946,0.05584948097931168,0.05307672545313835,0.46336209774017334,0.3567187488079071,0.3939969539642334,0.3358142077922821,0.3265168368816376,0.2942048907279968,0.2806284427642822,0.42231738567352295,0.33719998598098755,0.1983807384967804,0.22790154814720154,0.318627268075943,123.046875,21.732967658122956,21.446996536498713,24.37934194702328,22.855199202231898,20.76549602938208,18.33293673362426,15.804327238642703,rock
-118.80249786376953,104.43667602539062,-29.188753128051758,42.10261535644531,-13.299715042114258,29.06293487548828,-20.86631965637207,21.60894203186035,-24.331241607666016,10.728826522827148,-15.099055290222168,5.937584400177002,-11.788948059082031,2181.338268438534,4689.725135042054,0.10636978562451663,0.10706774890422821,0.3840526044368744,0.33467066287994385,0.45031818747520447,0.3513921797275543,0.3481028974056244,0.3970624804496765,0.38339126110076904,0.4727552831172943,0.34210526943206787,0.37276795506477356,0.33950456976890564,0.3153071701526642,151.99908088235293,19.868507058881274,14.907991972784368,18.56766814097039,18.639023328034188,18.60901741110476,17.37033751965226,41.25774120577661,rock
-95.25765991210938,103.81341552734375,-37.01361846923828,52.685882568359375,-20.752981185913086,27.573768615722656,-17.526500701904297,24.807493209838867,-11.295161247253418,16.644752502441406,-9.246779441833496,10.183924674987793,-8.784139633178711,2294.2297351535613,4730.226875181264,0.12909317901682135,0.11465876549482346,0.44060850143432617,0.4120744466781616,0.3325321674346924,0.39230039715766907,0.35687845945358276,0.4707402288913727,0.3345056474208832,0.3664930760860443,0.4134877324104309,0.43152904510498047,0.44462576508522034,0.3477698266506195,123.046875,15.315883399421445,16.122983724085536,18.865871437262506,19.518226339306125,19.19296891136979,18.410803591817107,41.36085061174252,rock
-245.10092163085938,95.09344482421875,-21.263948440551758,45.649635314941406,-3.5521013736724854,14.970438957214355,-20.681795120239258,19.520776748657227,-21.715768814086914,7.3187174797058105,-9.291167259216309,0.8145841360092163,-13.008130073547363,2209.486739749316,4575.022941288428,0.10714657953886311,0.042990002781152725,0.31991612911224365,0.3091387152671814,0.43643441796302795,0.33107730746269226,0.3490782678127289,0.3074379861354828,0.3459542393684387,0.42659178376197815,0.36563462018966675,0.4633437991142273,0.3157168924808502,0.35244348645210266,151.99908088235293,20.9045566290741,18.127973615614113,20.98282623441342,19.580772634095094,19.079820455326054,18.213661353822893,36.00876299606559,rock
-123.67156982421875,94.7533950805664,-9.552753448486328,53.266990661621094,-13.762558937072754,17.746736526489258,-19.21525764465332,25.295883178710938,-18.70551109313965,15.39670181274414,-12.51217269897461,9.378814697265625,-11.606868743896484,2414.1618650276037,5213.041924213312,0.11988569762664346,0.10020051151514053,0.32085755467414856,0.39524176716804504,0.4075755476951599,0.29610395431518555,0.31815046072006226,0.3378625810146332,0.5191282033920288,0.4103847146034241,0.41833212971687317,0.4855271577835083,0.38578593730926514,0.4204901158809662,103.359375,21.278473614118422,15.80012364051427,19.282518841930106,18.730081660693482,18.55708769603064,17.817991190849316,41.55831139971681,rock
-121.12451934814453,91.73827362060547,-14.719738960266113,52.961185455322266,-11.41739273071289,31.0105037689209,-17.489896774291992,24.19732666015625,-24.77594566345215,17.11810874938965,-15.880232810974121,10.380572319030762,-8.630905151367188,2467.2607802086277,5402.8105627356435,0.11827508700696056,0.09118249267339706,0.3389456272125244,0.28864723443984985,0.31811103224754333,0.38067537546157837,0.6027922630310059,0.45837053656578064,0.3791823387145996,0.35664525628089905,0.3978666663169861,0.5067647099494934,0.3614174723625183,0.43482106924057007,123.046875,18.173220866355045,16.25077367293558,18.892122654035354,18.55801207669672,18.713330563266076,18.11546045309949,42.09161792525516,rock
-203.34494018554688,85.41169738769531,-11.576987266540527,54.754364013671875,-11.617432594299316,20.56846809387207,-27.76078224182129,18.873287200927734,-31.64263343811035,10.700182914733887,-11.92779541015625,4.13214635848999,-3.998547315597534,2568.395445802274,5364.140726961282,0.13763375809648104,0.04699748381972313,0.21873880922794342,0.20958304405212402,0.21280869841575623,0.20014390349388123,0.3837847113609314,0.23845699429512024,0.26605546474456787,0.3732394874095917,0.38210180401802063,0.5759506821632385,0.3326718211174011,0.344178169965744,172.265625,21.130012765460698,17.33888246842218,21.962516294139117,21.191654288914126,21.05198704125335,20.644600924826996,39.949208569566295,rock
-202.22344970703125,75.23143005371094,-14.236296653747559,66.30633544921875,-8.28785228729248,24.383792877197266,-16.236677169799805,17.128633499145508,-21.28603172302246,3.9629781246185303,-19.76038932800293,0.4826734662055969,-4.509064197540283,2511.714306230509,5129.615334070476,0.13911899410286155,0.05409475043416023,0.29787859320640564,0.33777666091918945,0.37377285957336426,0.2970291078090668,0.38311076164245605,0.24060960114002228,0.3005244731903076,0.3419201374053955,0.43117499351501465,0.5823076367378235,0.38493287563323975,0.444484144449234,112.34714673913044,19.67602129794611,19.052564716402667,22.902727473590556,21.43322890949352,21.760473178493548,21.253334041788463,40.529964812567464,rock
-79.8199462890625,109.93669891357422,-17.135549545288086,47.214088439941406,-11.933716773986816,33.328548431396484,-11.712042808532715,23.636423110961914,-13.67732048034668,18.445545196533203,-6.949389457702637,13.038280487060547,-11.589942932128906,2025.0641305486583,4570.99275168576,0.09080369658739366,0.16095097362995148,0.42574405670166016,0.44751209020614624,0.6445119976997375,0.4746505320072174,0.49280276894569397,0.4915366470813751,0.45997530221939087,0.505053699016571,0.4290197491645813,0.4464982748031616,0.30928364396095276,0.3272225856781006,112.34714673913044,14.806776017088499,14.515199920094155,17.42580779738527,17.64216102642589,17.56139207985226,16.613683241192675,41.24719364461628,rock
-95.37553405761719,112.45124053955078,-2.0774407386779785,47.046688079833984,-10.369908332824707,29.785518646240234,-15.113547325134277,20.186107635498047,-12.673778533935547,16.497211456298828,-7.859228610992432,11.876694679260254,-11.186995506286621,1933.3373461978688,4359.765851580626,0.08170157518851508,0.16540022194385529,0.3414696455001831,0.30188867449760437,0.4414399564266205,0.3469943106174469,0.3715989887714386,0.32027730345726013,0.4739847183227539,0.4844951927661896,0.37231242656707764,0.5205857753753662,0.4330326318740845,0.43425583839416504,103.359375,17.16518537999128,15.725636031120557,19.105957604072174,18.30018494596012,18.61099421956165,16.975307155404675,41.079788484890365,rock
-61.695621490478516,103.56620025634766,-16.916410446166992,49.24767303466797,-14.815669059753418,31.691503524780273,-17.21519660949707,24.615047454833984,-14.486075401306152,18.019432067871094,-11.672710418701172,11.470351219177246,-9.824015617370605,2223.969176505625,4917.48080862094,0.11002037715100542,0.16926309466362,0.44546714425086975,0.3643798232078552,0.602057695388794,0.39298340678215027,0.45666512846946716,0.49939748644828796,0.44463440775871277,0.6412317156791687,0.42163199186325073,0.4069831669330597,0.4059995412826538,0.42041024565696716,95.703125,16.291726446696522,15.335602042602803,17.514505939900054,17.538410915728036,17.716971506524693,16.484284499324932,42.82559429073283,rock
-83.36811828613281,103.90498352050781,-13.954147338867188,56.912593841552734,-14.433710098266602,32.197017669677734,-14.136274337768555,19.167461395263672,-9.34284496307373,13.166685104370117,-11.730690956115723,8.401819229125977,-9.400614738464355,2140.28308737102,4831.456245015226,0.09114092408642692,0.15379856526851654,0.30493655800819397,0.22776372730731964,0.3553942143917084,0.3420911133289337,0.45329397916793823,0.2853095531463623,0.3280121982097626,0.573976993560791,0.5051743984222412,0.5813170671463013,0.3851386308670044,0.38980403542518616,112.34714673913044,18.160639582535733,16.689662564381646,19.87729386242677,18.485620033963986,18.18833361165206,16.81148339214941,41.41694063932877,rock
-113.65784454345703,94.94122314453125,-4.128476619720459,51.78639602661133,-13.776981353759766,34.34726333618164,-17.603132247924805,22.537715911865234,-12.411016464233398,17.20484161376953,-9.231342315673828,9.977349281311035,-13.473843574523926,2301.770037760857,5092.044640915024,0.11151731982308585,0.1268710196018219,0.3589385151863098,0.3512730896472931,0.3656933307647705,0.3918966054916382,0.479050874710083,0.38685619831085205,0.3528170585632324,0.43101823329925537,0.45041099190711975,0.5270723104476929,0.41522854566574097,0.3920098841190338,117.45383522727273,16.46016500228569,15.686107607917283,18.122510082949518,18.34707224338388,18.519628550784375,16.900480329503083,41.408584799370985,rock
-132.39337158203125,124.6791763305664,-9.692770004272461,46.4520263671875,-6.306090831756592,30.534198760986328,-11.145723342895508,20.40423583984375,-11.221900939941406,9.368879318237305,-5.829723834991455,7.818747520446777,-8.726417541503906,1659.5913676703003,3580.332178527407,0.07118068143368136,0.1458146870136261,0.3763304054737091,0.3590044379234314,0.30489954352378845,0.2889225482940674,0.41221123933792114,0.31452879309654236,0.2895863354206085,0.24191522598266602,0.3268907964229584,0.48151707649230957,0.37272942066192627,0.37837469577789307,95.703125,17.86523789426112,18.75311554383309,21.501592325871336,20.406827270403163,19.790718469848837,18.154655188731645,38.80262217694688,rock
-103.9642562866211,101.90469360351562,-10.3402738571167,43.67058181762695,-11.510562896728516,26.943370819091797,-9.995866775512695,25.018699645996094,-14.213517189025879,19.713218688964844,-10.531306266784668,12.67363452911377,-12.690149307250977,2187.9366584276518,4993.8046059309745,0.10623761359242073,0.12868471443653107,0.3882596492767334,0.4263848662376404,0.38756489753723145,0.544111430644989,0.47893840074539185,0.4873286187648773,0.5559423565864563,0.47059327363967896,0.5306451916694641,0.34902870655059814,0.45365774631500244,0.3923182785511017,107.666015625,17.72813691700314,15.027928924408315,16.29034705062377,17.873589282759365,18.418659805448662,17.498062832243484,41.53151020094685,rock
-130.98306274414062,111.02361297607422,-2.1509997844696045,41.78348159790039,-3.202033281326294,34.655052185058594,-17.609729766845703,19.878576278686523,-9.14621353149414,14.884944915771484,-6.846542835235596,9.204596519470215,-6.970772743225098,1877.9683471767157,4285.490456424014,0.0717101248308198,0.1443539708852768,0.4653538763523102,0.3955734968185425,0.4529455900192261,0.3480667173862457,0.29389846324920654,0.2657192647457123,0.2999832034111023,0.42271921038627625,0.33095625042915344,0.3962221145629883,0.29653990268707275,0.3279905915260315,99.38401442307692,19.562597530075806,19.649261847934792,20.2865468135352,19.5357698687136,19.591909753720177,17.011298867212105,40.24350409603454,rock
-91.39275360107422,112.11608123779297,-27.34535789489746,47.97840881347656,-19.601682662963867,27.718719482421875,-18.550968170166016,17.433366775512695,-13.161514282226562,14.419549942016602,-15.218308448791504,11.52614974975586,-12.587085723876953,2148.400918539368,4479.280957710992,0.10910574668890177,0.11665952950716019,0.2661724388599396,0.3413916230201721,0.47507742047309875,0.2858419418334961,0.3622294068336487,0.3204559087753296,0.534736692905426,0.5521937608718872,0.2967207431793213,0.29556888341903687,0.2553498446941376,0.3350948691368103,123.046875,27.909477260555715,14.175219633217765,17.818893822689322,17.72974608454148,18.0823014581513,17.299538383085906,40.764617140417606,rock
-87.9643783569336,93.53565979003906,-23.224027633666992,48.12346649169922,-21.444711685180664,27.754802703857422,-20.335535049438477,18.751483917236328,-15.218708038330078,16.133468627929688,-21.412179946899414,10.867748260498047,-12.026507377624512,2606.2611466468375,5339.318422817575,0.14967274204853054,0.10433216392993927,0.3470088243484497,0.2905563712120056,0.3626333773136139,0.4444037079811096,0.2972122132778168,0.4063667356967926,0.27563178539276123,0.4145561754703522,0.3444989025592804,0.3092120289802551,0.5575547814369202,0.37362152338027954,117.45383522727273,25.860617135221283,14.76903705857606,18.383527558521614,18.853739691535733,18.549320255953216,18.607479290558786,42.57202026049748,rock
-121.46697235107422,89.52725219726562,-33.49034881591797,41.95905303955078,-25.940282821655273,23.04037094116211,-20.253145217895508,14.36585521697998,-16.338193893432617,17.046361923217773,-16.961536407470703,9.144576072692871,-10.106950759887695,2553.6435090564128,5123.536742314385,0.1361319061774942,0.09362348169088364,0.33311623334884644,0.26011186838150024,0.39307308197021484,0.5055259466171265,0.3072974383831024,0.3743397891521454,0.3118754029273987,0.36669057607650757,0.32358884811401367,0.3275524973869324,0.2915535867214203,0.233101949095726,117.45383522727273,25.697217492837026,15.829473145060039,19.95250083568743,18.738983813826806,18.532643690247603,18.130249382200812,40.64782135360344,rock
-95.44647979736328,78.33685302734375,-26.221181869506836,44.241336822509766,-22.46974754333496,29.74888801574707,-21.573270797729492,23.954362869262695,-16.577049255371094,20.47197914123535,-19.63077163696289,13.887502670288086,-12.625713348388672,2975.773811493968,5926.5353669699825,0.1837123271945089,0.09327006340026855,0.4720413088798523,0.3192581832408905,0.34073328971862793,0.2841094136238098,0.4015616178512573,0.37117496132850647,0.32803091406822205,0.43454259634017944,0.35431423783302307,0.4788626730442047,0.35853150486946106,0.4491599202156067,99.38401442307692,22.558818965731867,14.680050809702033,18.29169613399554,18.746579722126295,17.765611591715672,17.3540774781133,43.082198641869795,rock
-119.1509780883789,107.4422378540039,-10.973196983337402,58.55535888671875,-12.933258056640625,26.83432960510254,-17.646806716918945,19.371736526489258,-15.605269432067871,13.570684432983398,-16.671039581298828,11.870043754577637,-12.196166038513184,2116.1456021561394,4689.983267020737,0.09278892050947408,0.10167808085680008,0.29585203528404236,0.36497390270233154,0.41418465971946716,0.26464253664016724,0.4203589856624603,0.2992684841156006,0.3910878002643585,0.3371184468269348,0.35732409358024597,0.5179474353790283,0.3877184987068176,0.4943977892398834,123.046875,25.187544392599325,15.46706390331697,19.67263551078588,19.257941350589192,18.488211233182604,17.61203790800476,40.48919257548148,rock
-94.26873016357422,91.890869140625,-17.60138511657715,45.52733612060547,-15.701892852783203,32.63561248779297,-18.01371192932129,21.570966720581055,-15.723526000976562,16.806913375854492,-18.290828704833984,13.340855598449707,-15.457928657531738,2581.5076039009973,5390.361939892691,0.1392005631283836,0.1068243756890297,0.3302399814128876,0.29748842120170593,0.43860694766044617,0.25826776027679443,0.3630457818508148,0.2650497555732727,0.3659093976020813,0.5250802040100098,0.31960755586624146,0.3979334533214569,0.32334572076797485,0.39611557126045227,129.19921875,25.513780695012766,13.808598535524784,19.23111321116714,19.504528486360137,18.762707830960125,17.147964491298428,42.39579362517839,rock
-185.50003051757812,98.92578125,-36.44287872314453,44.42753601074219,-17.759830474853516,21.284358978271484,-20.293684005737305,13.771660804748535,-15.498616218566895,11.033225059509277,-16.787757873535156,2.334639310836792,-12.634641647338867,2255.8673982367045,4508.88286687935,0.12097706097737819,0.0629911944270134,0.4493715167045593,0.27895694971084595,0.3543420135974884,0.24338313937187195,0.3032078444957733,0.4686064124107361,0.271457314491272,0.30389243364334106,0.2468584179878235,0.3233463764190674,0.3113754987716675,0.3070802092552185,95.703125,26.18321720281774,18.837850956113193,21.92865390048957,21.48883105935576,21.56642655992338,21.559868481879462,38.865474368637415,rock
-160.15704345703125,88.74144744873047,-35.47688293457031,47.494300842285156,-12.603619575500488,17.30156135559082,-19.14414405822754,14.59506893157959,-20.38782501220703,11.093687057495117,-11.14493465423584,7.699109077453613,-9.863814353942871,2521.2256237987226,4830.540292832801,0.14628158533932714,0.07624123245477676,0.292505145072937,0.3871890604496002,0.4626728594303131,0.3886628746986389,0.4896776080131531,0.36768579483032227,0.3896690309047699,0.2983282804489136,0.35126087069511414,0.5113862156867981,0.37726378440856934,0.37627387046813965,129.19921875,19.971037552869923,16.66181356217164,19.09886865703613,17.186593580782198,17.148416542349523,17.95505885244902,38.912243606247884,rock
-42.66282272338867,102.98868560791016,-36.877899169921875,44.5166015625,-11.996201515197754,25.576913833618164,-22.66895294189453,28.336856842041016,-19.271854400634766,21.48296356201172,-15.258891105651855,11.748106956481934,-11.575923919677734,2334.5190611030093,4819.107544228538,0.12855316185711524,0.1657380908727646,0.32931602001190186,0.3505036234855652,0.5679866075515747,0.39234980940818787,0.4990183413028717,0.2827330529689789,0.3518272340297699,0.6001701354980469,0.36091649532318115,0.30118632316589355,0.2454243004322052,0.4345008134841919,129.19921875,17.641455993414567,14.675048480117846,17.979888757880456,18.39365326338268,18.354870785539912,18.033935992401542,43.87698859338315,rock
-117.97405242919922,84.05840301513672,-50.267879486083984,46.04963684082031,-17.698415756225586,20.855792999267578,-21.641117095947266,16.67160987854004,-12.952742576599121,12.837911605834961,-13.08016586303711,11.310620307922363,-12.596916198730469,2590.781523555563,4889.452671838747,0.16172267739752513,0.0895201787352562,0.4416561424732208,0.41839340329170227,0.5344569683074951,0.4301363229751587,0.41783657670021057,0.3933463394641876,0.3284902572631836,0.39066100120544434,0.3984375596046448,0.47632306814193726,0.31016361713409424,0.35903480648994446,92.28515625,20.055523399621567,15.445642012893424,18.202679269388195,17.78541218128198,17.36059381331749,17.277413421829944,40.00155652674361,rock
-156.29812622070312,130.7895965576172,-25.229616165161133,43.485469818115234,-12.138993263244629,25.392202377319336,-7.940168380737305,17.616287231445312,-8.628422737121582,9.566104888916016,-8.36728286743164,5.763707637786865,-7.048300743103027,1609.7586945895998,3380.4464318082946,0.07325653760634183,0.10520216077566147,0.30447861552238464,0.2576879858970642,0.41023027896881104,0.2926344573497772,0.33351513743400574,0.2530136704444885,0.38288038969039917,0.41374772787094116,0.3302896022796631,0.425173819065094,0.3111063539981842,0.40604230761528015,107.666015625,27.78453718475478,17.544795843417656,21.470949362449787,21.56231352319459,20.73835098561531,19.41004225438259,37.261539042944726,rock
-89.01615905761719,86.21833038330078,-24.412221908569336,47.093177795410156,-33.65718078613281,29.464834213256836,-19.75049591064453,21.635778427124023,-16.746688842773438,6.5387701988220215,-13.391207695007324,7.485586643218994,-12.85138988494873,2495.684155844957,5213.03359737529,0.12063605713457076,0.15463757514953613,0.462155282497406,0.21258585155010223,0.19679702818393707,0.13637752830982208,0.1684340089559555,0.21648640930652618,0.19443674385547638,0.3124425411224365,0.22955982387065887,0.30852359533309937,0.30935221910476685,0.32092902064323425,123.046875,16.700226177170872,16.13744019533018,22.301887614640783,20.56235490207682,19.47598733349507,18.612111854491065,42.513213038353065,rock
-74.30769348144531,100.11083984375,-47.35751724243164,49.60930252075195,-18.40536117553711,24.609189987182617,-15.91098690032959,23.892093658447266,-22.828266143798828,23.324926376342773,-16.94343376159668,14.924824714660645,-11.495659828186035,2474.465349821513,4754.649491099913,0.15013458889211137,0.1082364171743393,0.3400341272354126,0.4201619029045105,0.45443180203437805,0.5068840980529785,0.5809093117713928,0.3516940474510193,0.4311019778251648,0.32881930470466614,0.4175458550453186,0.5339162945747375,0.40234288573265076,0.5537146925926208,143.5546875,29.263325943540693,15.246549066969143,18.254862537960033,17.73585473581597,16.599113544826412,18.21037534478041,41.76917237973174,rock
-70.1119384765625,94.16671752929688,-50.33251190185547,46.95689010620117,-16.108150482177734,19.987470626831055,-23.955923080444336,16.344192504882812,-22.179576873779297,14.427518844604492,-20.087427139282227,12.139043807983398,-14.773106575012207,2471.4537522284268,4687.268717825551,0.15093857248163187,0.10686670243740082,0.5407829284667969,0.38338297605514526,0.3343852758407593,0.5434741377830505,0.35109788179397583,0.3919190466403961,0.27574753761291504,0.33956241607666016,0.4593164026737213,0.3794301152229309,0.5802817344665527,0.4197131395339966,129.19921875,28.438465303151453,15.209080583544186,18.45598690533997,16.98319969381061,16.817078808518914,17.246442817695737,42.133197329990494,rock
-114.78572082519531,119.2933349609375,-50.7344970703125,42.62416076660156,-6.701606273651123,19.70798683166504,-16.883588790893555,19.39400863647461,-17.410429000854492,17.302907943725586,-10.872791290283203,6.6578369140625,-15.766664505004883,1939.7222612064536,3748.5176528966067,0.09832088650425368,0.10572244971990585,0.32091161608695984,0.42880380153656006,0.2522134482860565,0.2738704979419708,0.1760062426328659,0.3254105746746063,0.6983246207237244,0.32382678985595703,0.31686094403266907,0.20364008843898773,0.33464688062667847,0.46654292941093445,103.359375,30.009886885264653,17.78550286825358,20.312523731691982,18.415022066893798,17.82575076861804,18.39540270218368,38.7610533373347,rock
-90.24029541015625,80.06857299804688,-46.36334991455078,56.04554748535156,-8.09264850616455,27.47739028930664,-17.326692581176758,22.967056274414062,-17.59123420715332,18.405153274536133,-17.440149307250977,7.649233341217041,-19.298677444458008,2628.9166256267,5085.982702834976,0.14664940122293116,0.10190492123365402,0.2879880666732788,0.5053219795227051,0.32482320070266724,0.2899927794933319,0.2778547704219818,0.3998350203037262,0.80361407995224,0.4462023079395294,0.2968873083591461,0.2303820103406906,0.45982131361961365,0.3486568033695221,112.34714673913044,30.677494191735022,15.678195919650479,18.38893010269493,19.580280133431305,19.073323697111828,17.545776850128348,41.51198752086264,rock
-153.6300506591797,109.90478515625,-23.091644287109375,59.014495849609375,-7.520481586456299,19.728551864624023,-16.488035202026367,18.078285217285156,-22.212602615356445,15.40871524810791,-12.378634452819824,12.347537994384766,-12.310062408447266,2008.174520929767,4253.6236473136605,0.08922745069605569,0.07944595068693161,0.18135006725788116,0.4284396469593048,0.7737135291099548,0.4055863618850708,0.330156534910202,0.21709591150283813,0.3497748076915741,0.3823842704296112,0.29425013065338135,0.43477749824523926,0.23295947909355164,0.19323597848415375,103.359375,29.627142713885203,16.80797247019441,20.96607904923343,18.80397910384415,18.606017660917587,17.743442607643853,38.286757220267766,rock
-142.4162139892578,116.20545959472656,-32.16026306152344,49.111507415771484,-8.38990592956543,22.885154724121094,-18.317211151123047,20.11055564880371,-22.1026611328125,10.792425155639648,-12.998067855834961,14.083412170410156,-16.39295768737793,2006.8272650214387,4149.1717911651685,0.09766418032192575,0.0764232873916626,0.2740072011947632,0.49946412444114685,0.32832542061805725,0.34730851650238037,0.5619506239891052,0.2984562814235687,0.26372432708740234,0.26051124930381775,0.5629987716674805,0.703196108341217,0.3635637164115906,0.3229256272315979,117.45383522727273,29.21897061880982,15.693598490202522,19.892954897336203,18.785519388445127,18.51225575974813,17.46920796485159,39.08424038464587,rock
-124.98965454101562,115.18234252929688,-47.98588562011719,52.820343017578125,-13.493602752685547,21.751258850097656,-12.417659759521484,20.127153396606445,-18.37324333190918,10.12363052368164,-16.045312881469727,10.477311134338379,-17.95570945739746,2077.565822171052,4031.530223589762,0.12182258434841454,0.08159775286912918,0.3845002353191376,0.37607985734939575,0.5337098240852356,0.40732187032699585,0.4563687741756439,0.34251490235328674,0.4785594344139099,0.46618056297302246,0.3559764623641968,0.5270722508430481,0.38660457730293274,0.46887442469596863,129.19921875,28.82103727248818,15.300636074652797,18.4586558960467,18.040303799204956,17.627963502436018,19.5492892951168,38.3668221749971,rock
-225.0333251953125,123.65726470947266,-9.745124816894531,56.61384582519531,10.421820640563965,20.64320945739746,-10.258777618408203,15.571303367614746,-8.240349769592285,12.808756828308105,-9.006475448608398,7.688631534576416,-10.0837984085083,1398.6495042529389,3015.5976970345127,0.048724275546210366,0.08380239456892014,0.46994468569755554,0.35638880729675293,0.2970139980316162,0.22872823476791382,0.3358674943447113,0.3791961669921875,0.35620471835136414,0.5618454813957214,0.42467600107192993,0.33689209818840027,0.26376983523368835,0.3410945236682892,112.34714673913044,28.56309586827603,17.91174166111854,20.563455958963665,18.140596231645013,19.35237183489261,18.157596819078694,34.752584138020374,rock
-235.20059204101562,123.87174987792969,-22.546131134033203,52.95167541503906,-1.4538209438323975,24.660511016845703,-7.088472843170166,14.89009952545166,-12.783065795898438,16.718231201171875,-2.9434726238250732,10.081298828125,-15.028531074523926,1609.7851807206855,3246.925584124855,0.07630480230085074,0.0544314980506897,0.36187443137168884,0.2643849551677704,0.2110646665096283,0.4226594865322113,0.6715370416641235,0.42797642946243286,0.33562996983528137,0.2240700125694275,0.31999942660331726,0.23765787482261658,0.28131380677223206,0.5416491031646729,123.046875,29.65751069754464,18.053985461753825,22.82377761418955,21.856776328969577,21.769560115517784,20.38254011569113,35.35712408591232,rock
