mfcc_1,mfcc_2,mfcc_3,mfcc_4,mfcc_5,mfcc_6,mfcc_7,mfcc_8,mfcc_9,mfcc_10,mfcc_11,mfcc_12,mfcc_13,spectral_centroid,spectral_rolloff,zero_crossing_rate,rms,chroma_1,chroma_2,chroma_3,chroma_4,chroma_5,chroma_6,chroma_7,chroma_8,chroma_9,chroma_10,chroma_11,chroma_12,tempo,contrast_1,contrast_2,contrast_3,contrast_4,contrast_5,contrast_6,contrast_7,genre,emotion_label,emotion_code
-113.59882354736328,121.57067108154295,-19.162261962890625,42.36393737792969,-6.3622660636901855,18.62193298339844,-13.69973373413086,15.339801788330078,-12.274304389953612,10.97094440460205,-8.326061248779297,8.802087783813477,-3.6699411869049072,1784.12264127531,3805.7230301080335,0.0830448206689868,0.1301843225955963,0.3622427582740783,0.3678174614906311,0.4398345351219177,0.2446918040513992,0.2478620260953903,0.3356161415576935,0.3646184206008911,0.4356837272644043,0.2959856688976288,0.3150804936885834,0.4070084691047668,0.3851004838943481,123.046875,15.986115582904988,15.098203280233076,18.45414937398574,18.36224256380132,18.91743082487246,17.18981618296861,39.655065886134096,blues,忧郁,4
-207.5238342285156,123.98513793945312,8.94701862335205,35.867149353027344,2.9095940589904785,21.519472122192383,-8.556512832641602,23.37067604064941,-10.103608131408691,11.899242401123049,-5.558824062347412,5.377876281738281,-2.234492063522339,1530.2617669893775,3550.7136156830047,0.0560398087055297,0.0959078222513198,0.4600405693054199,0.3501824736595154,0.3208066821098327,0.2114714980125427,0.2007886171340942,0.3307943046092987,0.3973787128925323,0.5603551864624023,0.3841790556907654,0.2553260028362274,0.2847760319709778,0.3340936601161957,107.666015625,15.984938219468534,17.059629950728368,19.133786481283217,19.188013073537597,18.326915370064803,17.505238912530242,37.50887830714264,blues,忧郁,4
-90.75716400146484,140.4408721923828,-29.08454704284668,31.686691284179688,-13.976547241210938,25.753751754760746,-13.66499137878418,11.634442329406738,-11.778322219848633,9.71475601196289,-13.125313758850098,5.79124641418457,-8.901966094970703,1552.8324814348227,3042.4101154654877,0.0762912074632637,0.1754732131958007,0.272900253534317,0.1959526538848877,0.3151656091213226,0.407986044883728,0.5468202233314514,0.3216985464096069,0.3046568036079407,0.2884037494659424,0.3341520726680755,0.4018186926841736,0.384389728307724,0.5885083675384521,161.4990234375,26.345502763614213,14.1918816655083,17.701924091363754,19.419605086040423,20.342664693920085,18.31105908724081,39.02640651663989,blues,忧郁,4
-199.57513427734372,150.0861053466797,5.6634039878845215,26.85527801513672,1.770071506500244,14.232646942138672,-4.827845573425293,9.286852836608888,-0.7561202049255371,8.134434700012207,-3.200026035308838,6.078081130981445,-2.478445053100586,1070.1534175250663,2184.8790286035382,0.0333088626256767,0.1410402655601501,0.3413715064525604,0.4086233377456665,0.5243189930915833,0.547012984752655,0.6570751070976257,0.5115232467651367,0.3555538952350616,0.2516133487224579,0.2462705373764038,0.3151113092899322,0.3165792524814605,0.3831987380981445,172.265625,29.784038278808787,14.76604254261303,17.23854978173165,18.63406550972676,18.490612995800262,16.787122916734297,34.264915724272285,blues,忧郁,4
-160.3541717529297,126.2094955444336,-35.58139419555664,22.13925552368164,-32.47354888916016,10.850701332092283,-23.35007095336914,0.4932489693164825,-11.796538352966309,1.2035191059112549,-13.084959030151367,-2.810499668121338,-6.934470653533936,1835.12851277257,3579.9574708164155,0.1014605387180974,0.0915012210607528,0.1926048845052719,0.3172667026519775,0.3920221924781799,0.2558269798755646,0.1926636099815368,0.5302208662033081,0.2537794709205627,0.1391213983297348,0.2764242887496948,0.3243268728256225,0.5551238059997559,0.272930771112442,135.99917763157896,17.055249292784442,15.693600776805484,19.13249646184589,20.522276096213048,20.784787543291493,19.71064005586685,37.31827596999784,blues,忧郁,4
-177.80174255371094,118.20316314697266,-17.570629119873047,30.760927200317383,-21.7425537109375,11.919262886047363,-20.734298706054688,3.185288190841675,-8.580818176269531,-0.9328851103782654,-11.772245407104492,-2.408763885498047,-9.348445892333984,1832.011596972852,3481.4676306917054,0.0940415337393658,0.1034528762102127,0.2383227497339248,0.3002373874187469,0.6171864867210388,0.2357410490512848,0.1239871457219123,0.2437685132026672,0.2796512246131897,0.4112927317619324,0.2439858466386795,0.2855332493782043,0.2843368649482727,0.3662191033363342,112.34714673913044,17.470207038238584,19.56125479512844,21.289941922365124,21.34446599930417,20.78043860083157,19.40411528307254,37.94788487390753,blues,忧郁,4
-190.0688018798828,130.27023315429688,-36.36211013793945,33.03621292114258,11.093891143798828,-0.5918819904327393,-20.89026641845703,0.2784424126148224,-6.496385097503662,-5.512735366821289,-7.8474040031433105,-3.124300718307495,-6.602821350097656,1459.4696908114731,2795.910729498985,0.0730522374081593,0.1417519599199295,0.4255130887031555,0.2232433706521988,0.1313476860523224,0.152597427368164,0.2419579476118087,0.49116912484169,0.2455084174871444,0.169112741947174,0.2883559167385101,0.4618444740772247,0.3592758774757385,0.30718594789505,123.046875,24.755079947983496,21.06665419820017,22.205534237075828,21.25944816136903,21.652819321556088,20.14428616114598,32.86422789622399,blues,忧郁,4
-179.37229919433594,136.44833374023438,-26.66258811950684,39.965450286865234,5.31089448928833,10.919135093688965,-20.559534072875977,8.503360748291016,-11.349763870239258,-3.470555067062378,-8.415842056274414,-6.957211017608643,-3.5460426807403564,1451.859413795751,2955.3197165929523,0.0614422461088553,0.1317675113677978,0.259356826543808,0.2641215920448303,0.325358122587204,0.2177387923002243,0.2152771800756454,0.2957618832588196,0.1900517344474792,0.1807494312524795,0.2643410563468933,0.3904735147953033,0.6486377120018005,0.4365907609462738,92.28515625,20.203992591648,20.094493223158636,20.707093884720244,19.630546752093863,20.709945310604542,19.603038090729164,36.09972121364525,blues,忧郁,4
-121.3897933959961,122.49832916259766,-14.734728813171388,46.12213897705078,-8.179258346557617,20.17246627807617,-19.171894073486328,23.03683853149414,-11.83272933959961,21.15465545654297,-6.722797393798828,6.989505767822266,-12.730548858642578,1719.4633657271252,3782.441190998405,0.0640248876160092,0.1423272788524627,0.3196752965450287,0.3044869899749756,0.3666152060031891,0.422133058309555,0.523810863494873,0.4511187672615051,0.4934428632259369,0.3527529835700989,0.3801381289958954,0.4617061614990234,0.3663597404956817,0.4647151529788971,83.35433467741936,29.493067993031072,15.135638488596094,17.01936189989054,17.030466570492997,19.69611163340325,17.624290925668074,40.60499045883298,blues,忧郁,4
-213.2642364501953,115.16475677490234,-11.698169708251951,39.015357971191406,-20.348329544067383,13.082701683044434,-9.182701110839844,9.017151832580566,-14.104310035705566,4.271254062652588,-6.050780296325684,3.785835504531861,0.2226356267929077,1817.2305900912731,3943.8319655416185,0.0791748235692188,0.0812805518507957,0.2482471615076065,0.2731547057628631,0.4885119795799255,0.2680047452449798,0.179718405008316,0.2677254378795624,0.2225857228040695,0.4153510928153991,0.2726885676383972,0.1811753958463668,0.22990083694458,0.2405476719141006,129.19921875,14.334424623877076,17.63670377718521,21.930637202724167,20.23588947831593,18.56280250572356,18.905217878458068,36.4906632629116,blues,忧郁,4
-173.81045532226562,137.17355346679688,-23.72303009033203,26.979677200317383,-16.67521095275879,4.194730281829834,-12.57178783416748,5.851668834686279,-2.87695050239563,-1.1783809661865234,-1.9682403802871704,1.8011796474456787,-3.0069501399993896,1410.023423440256,2765.967419971723,0.0629588257685614,0.1427881121635437,0.4620899558067322,0.1709918826818466,0.1925566494464874,0.3783566951751709,0.3539496660232544,0.4592569470405578,0.2762847244739532,0.3239614963531494,0.1876536309719085,0.2023979425430297,0.3235996961593628,0.3165386915206909,161.4990234375,16.17231863362414,16.37877382419769,21.30386076516199,21.59425007412417,18.67648789043173,17.765835133664403,35.72235552424617,blues,忧郁,4
-287.931884765625,124.0107650756836,5.467447757720947,33.66307067871094,1.0916539430618286,14.703699111938477,-4.881141662597656,8.668891906738281,0.7843316197395325,6.576079845428467,-4.875815391540527,-3.1767611503601074,-5.538258075714111,1352.742709723766,2880.9110920279877,0.0439305847592807,0.0657057389616966,0.2483403384685516,0.2303172200918197,0.3051960468292236,0.4141203165054321,0.6587241888046265,0.5417940616607666,0.3526598811149597,0.3485594093799591,0.3455051481723785,0.3478559255599975,0.2766734659671783,0.3209023773670196,161.4990234375,27.473330850665786,16.88245596638507,17.70137483223444,17.876979839518352,17.39856772502741,16.091328600156487,32.16006630101927,blues,忧郁,4
-207.23829650878903,132.82740783691406,-15.454079627990724,60.98097229003906,0.7190260291099548,12.461328506469728,1.163385033607483,-1.5329197645187378,-17.895849227905273,8.360363006591797,-2.4596505165100098,-0.5846391916275024,0.3722643554210663,1360.6856016703396,2738.8302548578886,0.069095006767208,0.1189895942807197,0.3037392497062683,0.160607174038887,0.2195067256689071,0.2033596485853195,0.1966921836137771,0.2666712403297424,0.3021582663059234,0.1577229797840118,0.1823622435331344,0.2133907973766327,0.3753588199615478,0.6504870057106018,92.28515625,16.891745863969614,18.89233691441681,21.021541674873056,20.096252460339123,21.639422560360064,22.806531214096157,33.53688929320493,blues,忧郁,4
-209.80392456054688,124.46475982666016,10.309393882751465,47.016357421875,6.478227138519287,15.415120124816896,-2.015941619873047,6.726218700408936,-21.543222427368164,10.72083568572998,-5.532846450805664,-2.195727586746216,-3.049185514450073,1324.527825294569,2711.4849187935038,0.0514017032820959,0.1131299138069152,0.1276945769786834,0.1422493755817413,0.1711392551660537,0.1469957083463668,0.1899965852499008,0.2321001291275024,0.1563587188720703,0.2167513519525528,0.3452761173248291,0.3849099278450012,0.691769540309906,0.3736830055713653,107.666015625,17.05654375039744,18.544415623637075,21.59866995117057,18.85584221859725,19.58829698593141,19.25489480117739,34.97303827149957,blues,忧郁,4
-305.66436767578125,113.0710220336914,12.10733413696289,45.05219650268555,17.734384536743164,14.590070724487305,4.147995948791504,0.2263115644454956,-7.021586894989014,13.646476745605469,8.914210319519043,1.303798794746399,5.954978466033936,1171.967431930455,2344.9874700913574,0.0450366758507347,0.0669982358813285,0.295979768037796,0.3158466815948486,0.294596254825592,0.2398647964000702,0.294563353061676,0.3140310645103454,0.2369325309991836,0.2351801097393036,0.2839877605438232,0.3779186010360718,0.6206917762756348,0.4371239840984344,151.99908088235293,17.679678160015623,19.682804943313524,23.63086398098306,19.51601065377723,20.49116752955628,19.446793881410677,30.891390483189152,blues,忧郁,4
-238.5196228027344,120.10218811035156,-4.221948146820068,42.29458999633789,5.923821926116943,13.91139793395996,5.350523948669434,1.8952672481536863,-16.92808723449707,12.343145370483398,3.938899517059326,-1.396682858467102,0.0130277723073959,1420.438571434397,2930.239280470563,0.063701254954563,0.0806057974696159,0.270038902759552,0.1651015728712082,0.2418896853923797,0.2428265810012817,0.2829267382621765,0.2934614419937134,0.262432336807251,0.1700314134359359,0.1948607563972473,0.2414869666099548,0.3523685038089752,0.519353449344635,99.38401442307692,16.8547661227614,18.555580648738022,20.9636583595755,19.73258462790029,20.2910708291332,20.02259721367464,33.094510857584524,blues,忧郁,4
-233.77281188964844,120.66433715820312,-3.164092302322388,39.51482772827149,3.83152437210083,18.828155517578125,-3.6787381172180176,4.425468444824219,-14.96492862701416,17.57147789001465,1.8461248874664309,2.55008864402771,-1.2302391529083252,1455.0726339660955,3010.010388721723,0.0613440611707269,0.0814225748181343,0.2323926389217376,0.1687564998865127,0.1495214253664016,0.2785472273826599,0.4072101712226867,0.2495265007019043,0.2720712125301361,0.3548412621021271,0.5287469625473022,0.5378583073616028,0.2649032771587372,0.2538274526596069,103.359375,16.85070652317994,17.971228657029435,21.036506642583973,18.75680287680865,20.26090462440588,18.605217928650003,33.90790713420784,blues,忧郁,4
-245.6872100830078,140.4812469482422,-2.7912187576293945,60.40451431274414,18.903512954711918,9.828393936157228,3.563823938369751,0.5228626728057861,-16.378488540649414,6.6293535232543945,7.258424282073975,-4.021234512329102,1.6011250019073486,1089.0053435041514,2135.41761075261,0.0483262489124129,0.0932762324810028,0.3027436733245849,0.207266703248024,0.1575661450624466,0.1596935242414474,0.3066374063491821,0.2563744783401489,0.2543010413646698,0.3127847015857696,0.4252115786075592,0.5784972310066223,0.3529978692531585,0.3126504123210907,161.4990234375,15.957412746097544,18.98860000072543,22.634809353106537,19.932510666037597,21.300872660004853,21.695854067757423,31.49684493301689,blues,忧郁,4
-252.48178100585935,104.94515991210938,15.2964448928833,42.68783950805664,6.77045202255249,21.611764907836918,-1.3111783266067505,5.681745052337647,-16.636873245239258,12.169349670410156,-1.9619532823562624,1.9602652788162231,-0.8982276320457458,1537.4913865266892,3495.331815998405,0.0561417699874323,0.0796706601977348,0.210872545838356,0.1609884351491928,0.1892978847026825,0.2033199071884155,0.2173755019903183,0.280020147562027,0.3292940258979797,0.2505770921707153,0.3302189111709595,0.3768180608749389,0.2984076142311096,0.3936369121074676,83.35433467741936,18.179413740894983,18.67031053168865,23.509211266226693,18.935473843861725,19.752488417598524,18.244366642928565,34.693799940717874,blues,忧郁,4
-236.67947387695312,138.4055938720703,-4.930479526519775,47.65449905395508,5.15785026550293,8.887805938720703,0.4874056577682495,-3.788341999053955,-14.98486614227295,10.428945541381836,-0.3413843214511871,0.7833588719367981,1.780983805656433,1195.498130947151,2235.6144526718385,0.0588860390081206,0.0976159125566482,0.1947988420724868,0.1942415237426757,0.1575936526060104,0.2542765140533447,0.3406991362571716,0.146967813372612,0.1391976177692413,0.2439509183168411,0.4377344250679016,0.5545780658721924,0.2522876262664795,0.1730202585458755,123.046875,16.514078329475538,18.341678551700845,22.74198133329287,19.2571865640276,20.71006749033866,20.67334311952928,32.13162145688698,blues,忧郁,4
-230.36378479003903,127.07772827148438,7.114696025848389,39.76705551147461,1.9217216968536377,17.410606384277344,-5.626917839050293,8.2406644821167,-18.116039276123047,13.844724655151367,-3.757110834121704,2.5798490047454834,-4.316714286804199,1390.3828142454288,3006.1467358794957,0.0525863423240525,0.0754255503416061,0.2496986240148544,0.172549307346344,0.2179939001798629,0.2924685180187225,0.4961915612220764,0.2492770850658416,0.2260148376226425,0.3427833616733551,0.3880740106105804,0.299290120601654,0.2833129465579986,0.4145441651344299,135.99917763157896,16.313567698097117,15.951271935066996,20.526270139114605,17.660601140712814,18.52977133775778,17.2324922148112,34.27820286558109,blues,忧郁,4
-264.6712646484375,138.85433959960938,11.167329788208008,48.52392578125,14.90431308746338,20.5864372253418,3.206176280975342,1.2635793685913086,-15.839372634887695,15.975111961364746,3.35821795463562,-1.506640911102295,1.896921157836914,1046.775126610449,1831.2215641313803,0.0479074523878576,0.1010842993855476,0.2331403940916061,0.1618883907794952,0.1800544112920761,0.2177101820707321,0.3867713212966919,0.5578677654266357,0.4569148421287536,0.4429668188095093,0.4035459458827972,0.2966895699501037,0.2841384708881378,0.2340337634086609,99.38401442307692,19.322358005677096,18.657456770732185,22.57909481651798,20.371385163234155,21.41897879375225,20.521571835170224,32.14082354565125,blues,忧郁,4
-233.96311950683597,136.14453125,3.306636095046997,48.930625915527344,8.705183982849121,13.989510536193848,5.362715721130371,0.4101890921592712,-13.483556747436523,16.860368728637695,5.134751796722412,-2.230727434158325,3.953821420669556,1155.869256708858,2169.63258818518,0.0585699590342227,0.1133793145418167,0.3898340463638305,0.2330634742975235,0.2116806656122207,0.2565474808216095,0.329229861497879,0.4953905344009399,0.3558148145675659,0.3201647102832794,0.2815283536911011,0.3177157938480377,0.2505590319633484,0.2377984374761581,99.38401442307692,18.64693501673907,17.909849830576533,22.69618228409169,20.280218302868697,21.422666660398026,21.98264849680313,33.045777834653244,blues,忧郁,4
-227.25579833984372,137.7651824951172,-14.502317428588867,63.57535934448242,5.601748466491699,11.988768577575684,1.889149069786072,-1.870935559272766,-7.618034839630127,-2.4516425132751465,-2.898021697998047,-9.43382453918457,-10.939208030700684,1210.1413910383078,2521.982739087877,0.0524670098607888,0.1019351035356521,0.2081787437200546,0.2739205062389374,0.1881194561719894,0.2079268991947174,0.4832458794116974,0.2290305346250534,0.1246895119547844,0.1648741364479065,0.2821386456489563,0.6510635614395142,0.3653882145881653,0.1911078542470932,95.703125,16.078430126264973,19.50074359160606,24.15746402203703,21.213913106124988,20.585728582883952,20.626921854613617,30.660784729922064,blues,忧郁,4
-274.3768310546875,130.40737915039062,-6.357468605041504,70.38822174072266,13.269662857055664,9.472180366516112,7.733089447021484,-1.2365492582321167,-0.5709878206253052,-2.297162771224976,3.7794153690338135,0.0854821652173996,-0.9368571639060974,1120.1665687071636,2324.212009226363,0.0472760477088167,0.0869226679205894,0.3059863150119781,0.2333307713270187,0.2313605397939682,0.1750688403844833,0.2053039073944091,0.2378310561180114,0.1178155392408371,0.0823153182864189,0.1275633126497268,0.297398954629898,0.6092572808265686,0.5336042046546936,103.359375,16.01476338288691,21.704744410477684,23.978363650116822,20.157896616329765,20.04759099593812,21.2692196413072,28.824411273467128,blues,忧郁,4
-249.31532287597656,131.00030517578125,0.6778696775436401,66.70416259765625,17.911272048950195,4.623277187347412,6.603808879852295,1.2421156167984009,1.4099406003952026,-1.584927320480347,-0.9725387096405028,-3.572615385055542,-2.929799318313598,1109.3207630441668,2243.316777842228,0.0516973909996133,0.0891659036278724,0.2425542771816253,0.209579199552536,0.2664751410484314,0.1808272004127502,0.2367551624774933,0.3051763474941253,0.1357452124357223,0.1120809987187385,0.1763918697834015,0.4370687305927276,0.7760871052742004,0.4126379787921905,92.28515625,14.451171499090927,18.318366806964843,22.940932473606765,20.230247570419674,20.23883295722857,20.78675865138467,30.204763162687957,blues,忧郁,4
-284.6405639648437,108.80130767822266,9.085318565368652,51.19806289672852,18.071889877319336,7.602154731750488,8.755716323852539,2.354090690612793,0.0033671769779175,2.248495578765869,4.199125289916992,-3.2830638885498047,1.6176828145980835,1198.8570176825062,2478.8330644576567,0.0519726864607501,0.0770538300275802,0.3754091560840606,0.2469256818294525,0.2181456685066223,0.1488172858953476,0.2056573927402496,0.3697311878204345,0.2006211876869201,0.1537837833166122,0.1979097723960876,0.2496527582406997,0.4666782021522522,0.5095568895339966,83.35433467741936,17.452951288876264,19.930426470690215,23.14162330552601,21.202918830079412,21.686411688890622,20.32289861036271,29.92581123638824,blues,忧郁,4
-228.2098388671875,130.3231658935547,-23.311424255371094,70.2009506225586,1.1310546398162842,7.5844268798828125,0.9005107283592224,1.982815504074097,-6.16441535949707,-9.382747650146484,-2.5637800693511963,-4.525752544403076,-0.2604644000530243,1392.0263572927067,2811.740048578886,0.0724144129447022,0.095754787325859,0.3900653421878814,0.238686591386795,0.2806508541107178,0.2453484833240509,0.413575530052185,0.2971040904521942,0.2020799219608307,0.1252821385860443,0.1635355353355407,0.2144532948732376,0.3318789899349212,0.5615290403366089,95.703125,18.53773291364323,19.93397201587129,24.46556014617832,22.178371231411607,22.386502540989596,22.86035008649645,30.795587440907376,blues,忧郁,4
-248.9888153076172,139.0577392578125,-16.270870208740234,57.137149810791016,20.18850898742676,10.186957359313965,4.542910575866699,0.3310719430446625,-7.874578475952148,-3.4545717239379883,-2.6574361324310303,-2.8329575061798096,-0.9046585559844972,1115.5894796268244,2290.6881593496228,0.0480199874323279,0.0995479151606559,0.2911837100982666,0.2208682745695114,0.2587514817714691,0.1777318716049194,0.2109191417694091,0.3096267580986023,0.167187824845314,0.1015746667981147,0.1620843261480331,0.3374146521091461,0.5993866920471191,0.4765996634960174,103.359375,15.103052586930234,20.19685256716612,22.84958230361597,20.08113015224593,20.186038214993022,21.0532140627758,30.324195059677304,blues,忧郁,4
-233.72897338867188,101.19027709960938,17.647951126098633,23.734174728393555,2.0825440883636475,25.936399459838867,-16.956388473510742,15.084955215454102,-22.273956298828125,4.381612300872803,-23.201658248901367,-6.050580024719238,-5.067928314208984,1648.8848322083286,3760.300128697796,0.0528948696104021,0.1246841549873352,0.2692184448242187,0.3569551110267639,0.473679631948471,0.4312090277671814,0.2816453576087951,0.2259441763162613,0.2037093192338943,0.2268210351467132,0.2405712306499481,0.319292664527893,0.1770565509796142,0.1601404547691345,129.19921875,35.20582483152084,21.48600830544392,25.39036841937677,21.785650896333777,21.447614184109284,19.73666703906191,40.09604316519427,blues,忧郁,4
-206.9323272705078,117.80413818359376,23.241363525390625,28.308992385864254,-1.126013159751892,18.867393493652344,-21.9730224609375,17.844066619873047,-25.595348358154297,2.139523267745972,-17.7824764251709,-8.011028289794922,-17.610441207885742,1379.0236797531356,3015.6143507105567,0.0393661180394431,0.1700020432472229,0.2456227391958236,0.1638699322938919,0.1997171491384506,0.27159383893013,0.2927084565162658,0.4675287306308746,0.3755134344100952,0.3863247334957123,0.2224520444869995,0.162975788116455,0.2057413756847381,0.1662427186965942,143.5546875,36.75002745733772,21.67925759858483,24.460080469539044,22.644963327287115,21.57147212650166,20.52371646039521,40.26876790416229,blues,忧郁,4
-221.87301635742188,110.85540008544922,18.63608169555664,30.922962188720703,3.296435832977295,22.585636138916016,-20.40369033813477,12.121832847595217,-26.3325138092041,-4.367300987243652,-26.395551681518555,-13.047178268432615,-12.667627334594728,1330.6062681557469,2898.630603338892,0.0429472248404872,0.1514756679534912,0.1340449154376983,0.2872988879680633,0.4492961764335632,0.3312367796897888,0.1556701362133026,0.1028558239340782,0.1986853182315826,0.2870169579982757,0.2491519749164581,0.4189718067646026,0.2475231885910034,0.1828593164682388,151.99908088235293,36.23635438237149,22.60165773382261,27.629182851138093,23.70754247361265,23.311230477201452,21.72395267462617,40.27817604055394,blues,忧郁,4
-288.7326965332031,105.90115356445312,18.776206970214844,23.68264579772949,5.682041168212891,25.548940658569336,-13.463247299194336,12.437668800354004,-11.963669776916504,1.574614644050598,-15.640524864196776,-6.632071018218994,-11.693038940429688,1309.7746510229813,2765.2346582257837,0.0393883984677107,0.101224660873413,0.3534648716449737,0.2188635915517807,0.1967010349035263,0.182802528142929,0.2235596925020218,0.2960474789142608,0.3115639090538025,0.4349829256534576,0.2772199213504791,0.2480125576257705,0.2969450652599334,0.2740657925605774,123.046875,36.95843982241821,24.479932967697955,23.82849161780492,22.565115588775697,23.408334147708032,20.73088890859336,36.89661964258129,blues,忧郁,4
-238.96987915039065,108.6823272705078,34.158817291259766,30.20716094970703,-0.4982214272022247,27.279754638671875,-21.3779296875,14.166391372680664,-24.50922393798828,-1.8904002904891968,-28.051816940307617,-11.257109642028809,-16.457557678222656,1430.6028402421157,3246.1678418648494,0.0419736834155065,0.1331659704446792,0.3122583627700805,0.2167672365903854,0.1769901514053344,0.1553399711847305,0.2440114468336105,0.4567616283893585,0.3169758021831512,0.2353542000055313,0.2103785574436187,0.2692644894123077,0.2818248569965362,0.2534077167510986,151.99908088235293,37.024048946040665,21.679132379137837,25.75726879169786,23.24361953039776,21.384351813003985,21.0455685596009,39.96958797784499,blues,忧郁,4
-217.1836395263672,105.78521728515624,15.602849006652832,25.24884033203125,-1.4500505924224854,30.193269729614254,-17.716623306274414,17.319042205810547,-27.21360206604004,4.338281631469727,-20.057300567626957,-10.700284957885742,-14.228784561157228,1537.0761619483685,3602.40662612384,0.0457024452581206,0.1359033435583114,0.2381393611431121,0.326014906167984,0.4690561592578888,0.3812731802463531,0.2475576996803283,0.2387213557958603,0.1989921182394027,0.2124404162168502,0.2359726727008819,0.3141157031059265,0.1582918167114257,0.1254823058843612,129.19921875,35.42910584802809,21.971689764493977,25.415761448241938,22.48201295914076,21.492555843271983,20.89002273549704,40.468846564705366,blues,忧郁,4
-171.79478454589844,120.28173065185548,15.331751823425291,21.094314575195312,-5.395445823669434,24.185546875,-24.13084602355957,18.545135498046875,-22.342926025390625,1.3107404708862305,-20.765268325805664,-4.991690635681152,-17.10812759399414,1507.1579850499309,3405.5518484447507,0.0454199747438128,0.173264592885971,0.1949699074029922,0.1714393347501754,0.252289205789566,0.296024888753891,0.338418036699295,0.3786536455154419,0.2936968505382538,0.2937794923782348,0.2850363850593567,0.3573253452777862,0.398264080286026,0.1994285732507705,129.19921875,34.94382761974462,21.532891672298533,24.482615346667885,24.142648902390164,22.36195540370055,19.768251776221017,40.890078265926185,blues,忧郁,4
-200.1853790283203,116.34859466552734,17.990737915039062,25.287696838378903,0.2871707379817962,24.19377326965332,-22.253931045532227,11.182933807373049,-26.85431861877441,-7.637254238128662,-24.876745223999023,-12.010828971862791,-17.02494239807129,1247.5800479447862,2621.496780289298,0.0369073406080819,0.1976689398288726,0.2655185163021087,0.1394521445035934,0.1309815049171447,0.1486284881830215,0.2569226622581482,0.5004205107688904,0.2703117132186889,0.1293401271104812,0.1769146472215652,0.2498073577880859,0.3171377182006836,0.2144847363233566,151.99908088235293,36.18919899802275,21.653738313934344,26.536942054056347,23.154345231954693,22.67244770574803,21.191425169743475,40.09977674977688,blues,忧郁,4
-328.5601806640625,102.7098159790039,19.872596740722656,26.714405059814453,7.152065753936768,22.70838737487793,-6.957088470458984,12.78970718383789,-10.72928237915039,-0.442599207162857,-12.386710166931152,-8.909131050109863,-9.215009689331056,1188.4732078138643,2339.8331573557134,0.0481638661301237,0.0691583827137947,0.3207975625991821,0.1266959756612777,0.0878983959555625,0.1991060078144073,0.3408595025539398,0.6230329275131226,0.3518536984920501,0.1993757486343383,0.2056269645690918,0.1780145317316055,0.1684969216585159,0.1822512745857238,123.046875,32.749557518431104,21.179038753568264,24.46470297289012,24.944003474681736,24.941260462325776,22.832690405835915,35.12495218927354,blues,忧郁,4
-192.69032287597656,111.15748596191406,21.351842880249023,26.396648406982425,-0.6495013236999512,23.48704719543457,-25.476696014404297,16.921979904174805,-16.97193145751953,5.785404205322266,-25.736196517944336,-5.053073883056641,-17.632251739501953,1514.1569585845884,3451.7991068191704,0.0443731722496133,0.1680171936750412,0.1208509802818298,0.1009854301810264,0.1766868233680725,0.3555172383785248,0.2648859024047851,0.2445788234472274,0.291239857673645,0.3112275004386902,0.3462352454662323,0.3175583183765411,0.4433916509151459,0.2170012295246124,129.19921875,34.81426126106293,23.602114040612037,24.303370319031384,22.98257952667297,22.932255349732287,20.718507815727783,40.97559673945938,blues,忧郁,4
-301.7080383300781,111.53327941894533,21.896053314208984,16.150569915771484,8.198789596557617,22.08191680908203,-8.601798057556152,1.4827529191970823,-17.0777587890625,-8.343711853027344,-17.010778427124023,-10.576026916503906,-15.687028884887695,1151.310495788512,2312.1797282845127,0.0353208985885537,0.0858226418495178,0.3303682506084442,0.2263725996017456,0.180042028427124,0.1649158298969268,0.2833836078643799,0.4825182259082794,0.2469760179519653,0.1449120938777923,0.1779167652130127,0.2869643568992615,0.2842269837856293,0.2555862665176391,117.45383522727272,36.65735989659038,22.49837035576547,25.46345998771664,22.37590114705853,22.286322342680236,20.014452039323803,35.206368183045406,blues,忧郁,4
-110.2850341796875,90.71587371826172,-2.535298585891724,74.06490325927734,-11.763081550598145,39.21094512939453,-13.171310424804688,20.5441951751709,-17.162982940673828,12.813969612121582,-21.43714714050293,5.957196235656738,-8.02690601348877,2272.4696393575086,5108.157072487674,0.0976430327967904,0.1348136514425277,0.3762999176979065,0.4515623450279236,0.3562408089637756,0.4387537539005279,0.2906468510627746,0.2843314707279205,0.3264366686344147,0.4896585345268249,0.6703285574913025,0.4578565657138824,0.336238294839859,0.2970620393753052,117.45383522727272,18.357192909243405,14.835403099208744,20.11382006152134,18.19678670710932,18.65535011926381,17.27299739382323,41.63756288609503,blues,忧郁,4
-107.20325469970705,88.4928970336914,-4.171899795532227,55.47784805297852,-8.017714500427246,38.4135971069336,-6.413660526275635,28.57575035095215,-19.8199405670166,13.244699478149414,-19.248565673828125,12.076122283935549,-4.582266807556152,2390.421813618198,5403.593285509716,0.1022607459638437,0.1291054636240005,0.3243550360202789,0.3589438498020172,0.4198563694953918,0.5677462220191956,0.303768128156662,0.2516188323497772,0.3246229290962219,0.3939413428306579,0.4535377621650696,0.4270082712173462,0.4911220371723175,0.3271848857402801,129.19921875,19.724977948155,14.572250613918644,20.110925410880164,19.0878357557199,18.699991263253867,17.855051847146616,42.46115800646096,blues,忧郁,4
-159.5803985595703,69.80601501464844,-4.402106761932373,76.8451156616211,3.914897918701172,45.17588806152344,-4.860273838043213,32.20158004760742,-9.805073738098145,7.8093581199646,-21.826738357543945,9.69575023651123,-2.5847606658935547,2301.5769168965485,5187.511838837732,0.097823919663573,0.1109404042363166,0.4521309733390808,0.4842475354671478,0.3459945619106293,0.2486852258443832,0.3124336302280426,0.3651798963546753,0.426039457321167,0.3612975180149078,0.3295366168022156,0.3444245457649231,0.3955263495445251,0.4668595492839813,89.10290948275862,22.57746807126643,17.485054112988657,20.10859923904364,20.5795636635608,22.505198300631992,19.216002072262224,41.44107281703621,blues,忧郁,4
-109.14068603515624,100.61965942382812,-8.666454315185547,47.35472869873047,-6.568465232849121,39.61775588989258,-8.521924018859863,29.572608947753903,-16.594837188720703,13.170881271362305,-24.213415145874023,6.583019256591797,-8.652446746826172,2155.845202161907,5011.532444079901,0.0871746302204176,0.1273054331541061,0.4476816952228546,0.3152099847793579,0.3225276470184326,0.3675150871276855,0.4088803231716156,0.3672954738140106,0.463884025812149,0.3801330327987671,0.419493556022644,0.3852854371070862,0.3902210891246795,0.5190848112106323,129.19921875,19.27542473271087,14.134068190360033,18.05047171934295,17.746985026482317,17.800938874602682,16.59331371029615,41.94377812615348,blues,忧郁,4
-109.53125,86.92879486083984,-8.606024742126465,64.48048400878906,-6.302874565124512,43.64593505859375,-8.295384407043457,28.543197631835938,-14.081490516662598,8.13796615600586,-21.48411750793457,11.087111473083496,-5.095303058624268,2279.0311186490417,5198.686455463312,0.0925253317140371,0.1362091600894928,0.318104475736618,0.4362199008464813,0.434152603149414,0.4649161100387573,0.3147597312927246,0.2611720263957977,0.3277513384819031,0.3501995801925659,0.4804887175559997,0.4684210419654846,0.4979001581668854,0.3273241817951202,135.99917763157896,19.85716395718085,14.497945021127649,19.577633006150208,18.91472721374125,19.526529331348545,17.153460582533967,42.57884552612407,blues,忧郁,4
-163.24342346191406,89.7838363647461,12.974767684936523,80.69834899902344,3.663784980773926,39.73409271240234,-5.409265995025635,26.490928649902344,-13.169032096862791,2.705544233322144,-20.547697067260746,6.011404991149902,-2.906491041183472,1739.1187830723618,4551.058301460992,0.0480483100106341,0.1482818573713302,0.4138147234916687,0.3768790662288666,0.3268808722496032,0.3764837384223938,0.3155851364135742,0.2880908548831939,0.3601861596107483,0.4306950867176056,0.5446734428405762,0.5705837607383728,0.6343094110488892,0.5180447697639465,129.19921875,24.193580660338814,15.856104238958585,19.497139148902576,17.594862685255677,19.720247941413334,17.328536701911695,39.33725171527512,blues,忧郁,4
-182.6048126220703,90.67420959472656,14.124648094177246,67.55298614501953,2.6751463413238525,38.43041229248047,-8.41917610168457,24.12371253967285,-13.794528007507324,4.840575695037842,-16.679119110107422,5.827117443084717,-5.14639139175415,1913.013075046242,4777.714832420968,0.0584578016241299,0.1025458574295044,0.2964774072170257,0.4197432398796081,0.4235334694385528,0.4803567826747894,0.3637610077857971,0.2650901973247528,0.3494659662246704,0.4017271101474762,0.5101563930511475,0.4547699689865112,0.3903985023498535,0.3008004128932953,123.046875,21.022441395768524,16.569483756112785,19.79594576807572,17.488353887778874,18.629566037705093,17.089817761209552,39.32806951717611,blues,忧郁,4
-149.96421813964844,93.66389465332033,6.347332954406738,71.49793243408203,-8.129108428955078,36.19367980957031,-9.783754348754885,17.647096633911133,-21.11229515075684,-0.130592480301857,-22.204635620117188,5.426575183868408,-7.46439790725708,2013.012461768869,4848.792721777118,0.0753237081883217,0.1121995896100997,0.311267077922821,0.4600308835506439,0.270934909582138,0.3213554322719574,0.5382283329963684,0.3084808588027954,0.3322513103485107,0.3115898072719574,0.4302720725536346,0.2554287314414978,0.2125042080879211,0.2847267687320709,151.99908088235293,23.65968503115901,15.896915943176356,20.915503902131995,18.09648132545697,18.73935706233464,18.371490553084296,41.056167605749465,blues,忧郁,4
-106.3966293334961,102.669189453125,-20.16087532043457,59.36691665649414,-9.960423469543455,33.702369689941406,-14.1870698928833,23.524564743041992,-13.328021049499512,16.005510330200195,-18.926494598388672,7.824948310852051,-7.797835826873779,2148.129104035021,4672.105545787413,0.0987668727039829,0.1238966956734657,0.3296737372875213,0.3971079289913177,0.4182035028934479,0.4689778089523315,0.2986712157726288,0.2749343514442444,0.3268033266067505,0.3841665983200073,0.4596168100833893,0.400613933801651,0.4727813005447387,0.3225553631782532,123.046875,20.566776213208072,14.942359054817194,18.77762363203189,18.5833736148992,18.81490622419757,18.031013007465603,41.52354547763416,blues,忧郁,4
-255.96311950683597,110.83973693847656,21.4660701751709,67.55891418457031,4.295572757720947,43.09500503540039,-4.502763748168945,10.435256958007812,-8.718684196472168,1.6503064632415771,-20.581207275390625,-2.4358413219451904,-7.1460280418396,1318.6118508553814,3046.5652076384863,0.0399612698182521,0.0885380879044532,0.2747996151447296,0.3655130267143249,0.3468473255634308,0.328998327255249,0.2196778059005737,0.2384755909442901,0.1878243386745453,0.1745385527610778,0.2184006869792938,0.2568009197711944,0.4224075675010681,0.2968334853649139,123.046875,25.49948780762328,19.087106875937767,20.61833835672401,17.980878220001397,19.85412265292952,18.932913953770655,35.81511106518343,blues,忧郁,4
-83.02947998046875,107.10442352294922,-25.338031768798828,57.1057014465332,0.0798357799649238,34.69768142700195,-11.06030559539795,20.54429054260254,-11.203025817871094,14.82552719116211,-10.235623359680176,12.54819107055664,-9.764641761779783,1945.2525228542231,4174.460398238109,0.0857906002271848,0.1822851598262787,0.4240018427371979,0.3103832304477691,0.3850881457328796,0.4276061654090881,0.4519070386886596,0.364714652299881,0.4060389995574951,0.3022854626178741,0.327260822057724,0.3941403329372406,0.4422727227210998,0.5764098167419434,135.99917763157896,19.97645038650213,15.886521349765395,17.24197426151808,17.971298127435013,18.395124260511007,17.102383350962548,41.33362966329183,blues,忧郁,4
-55.631004333496094,114.95140075683594,-37.04922103881836,64.90031433105469,-7.169982433319092,15.256333351135254,-16.24761962890625,18.64631462097168,-9.762151718139648,21.460813522338867,-5.66246223449707,12.791810035705566,-16.540878295898438,1977.0957174136204,3943.357335774362,0.1066016531322505,0.1965923905372619,0.2740454971790313,0.2979404628276825,0.3634235262870788,0.4812735915184021,0.5492936372756958,0.4152977466583252,0.3545470833778381,0.3915958404541015,0.4405640363693237,0.3872343301773071,0.3817421495914459,0.3874680399894714,99.38401442307692,22.301455959695705,14.47015075322654,17.724374385280104,18.03681755532141,17.76522039696438,19.24811784854392,41.311447699971175,blues,忧郁,4
-225.26271057128903,117.62647247314452,-14.538811683654783,64.79437255859375,12.911808967590332,19.03666877746582,10.670199394226074,9.886923789978027,-2.393740177154541,11.683764457702637,1.5412837266921997,3.0635995864868164,-7.625614643096924,1443.75011263222,3070.6131158461426,0.0671879531612529,0.0988455414772033,0.4040432870388031,0.2973391711711883,0.2448724806308746,0.190555140376091,0.2687171697616577,0.3311710655689239,0.420228362083435,0.6233358979225159,0.428225964307785,0.2990130186080932,0.2724880874156952,0.2881044745445251,151.99908088235293,24.48316967732272,18.761204503741844,20.148270408061794,20.657235369670484,20.51769640131856,20.848189190425654,33.221774251521325,blues,忧郁,4
-76.74658203125,105.75111389160156,-43.19778060913086,60.95989227294922,-8.785326957702637,21.246374130249023,-12.868537902832031,18.610828399658203,-11.40945053100586,14.548587799072266,-6.056464672088623,12.733198165893556,-9.375088691711426,2171.395742272047,4237.303044790458,0.1328151434406419,0.1682385951280594,0.4237270951271057,0.4638914167881012,0.4356211125850677,0.4424355328083038,0.3033592700958252,0.3909889459609985,0.5002803206443787,0.3992734551429748,0.4170759320259094,0.3634237051010132,0.4056821465492248,0.4035499989986419,103.359375,20.44461176701037,14.926194261535333,18.475299786456343,18.42112088645446,18.92849530313652,19.783387565416227,40.60955603363404,blues,忧郁,4
-57.941680908203125,109.00659942626952,-36.21866989135742,64.04491424560547,1.4201570749282837,26.31841468811035,-17.484891891479492,20.425649642944336,-9.550731658935549,18.168363571166992,-6.06498384475708,13.874469757080078,-11.295740127563477,2030.617038436817,4063.222169101653,0.1033989359773781,0.2008397877216339,0.3697556853294372,0.4739373624324798,0.54708331823349,0.4798683226108551,0.5048332214355469,0.3861165940761566,0.407275378704071,0.4224927127361297,0.4991151094436645,0.5493522882461548,0.4288103580474853,0.3659152388572693,92.28515625,21.76431487486392,13.680111427363329,17.36737155087853,16.587502192621496,17.562087236301757,17.61745127730537,41.55057513408732,blues,忧郁,4
-98.77110290527344,104.79962158203124,-35.09716796875,60.69519805908203,-2.8405916690826416,22.229469299316406,-7.831078052520752,19.03541374206543,-11.57228660583496,17.01787567138672,-5.378026962280273,12.197646141052246,-9.955081939697266,2031.99338492224,4023.536459088602,0.1131192448520881,0.157663032412529,0.4245080053806305,0.375672847032547,0.3972523510456085,0.3179886639118194,0.4717937409877777,0.479388952255249,0.5311403870582581,0.5682767629623413,0.4023188650608063,0.4051415622234344,0.4131528735160827,0.4099167287349701,135.99917763157896,19.6876734318608,14.497122656552614,18.048602482404984,18.249999806902487,18.701079685511115,19.44020242694952,39.970755949187485,blues,忧郁,4
-145.29241943359375,102.8507843017578,-12.567544937133787,56.99361801147461,2.2211055755615234,26.61408233642578,-4.2984299659729,17.34142303466797,-8.016129493713379,15.23747444152832,-6.9487624168396,7.47066068649292,-10.477944374084473,1811.5485980815156,3927.985992785673,0.0755030845175947,0.1377541124820709,0.2945255041122436,0.2719219624996185,0.4010947346687317,0.4066167771816253,0.518402099609375,0.4150226414203644,0.4375933110713959,0.4184469878673553,0.3771558701992035,0.3906988501548767,0.3414961695671081,0.4190223515033722,161.4990234375,24.96232569670197,19.14603893156536,20.47305106108359,19.11942322841877,20.5118010595897,19.6999974705703,39.61275509929708,blues,忧郁,4
-92.7332763671875,115.32343292236328,-35.0682258605957,57.87534332275391,1.852230668067932,26.613142013549805,-14.536866188049316,22.12833023071289,-8.207464218139648,11.016057968139648,-5.649425506591797,7.278642177581787,-10.2041654586792,1886.9577813534856,3828.2471269576567,0.0899396691318638,0.1759180724620819,0.4120365977287292,0.3602508306503296,0.4003045260906219,0.4299547672271728,0.4868333041667938,0.4607661068439483,0.5122360587120056,0.3831579983234405,0.3502970337867737,0.3750908672809601,0.4079218804836273,0.5142140984535217,92.28515625,22.983004645170617,15.3305147174805,17.449730735502406,17.373061787843483,18.322666405342776,17.229377216625224,40.05806573023908,blues,忧郁,4
-95.44058990478516,105.2343292236328,-26.953481674194336,60.81648635864258,-4.854668140411377,21.543472290039062,-13.52052402496338,12.13552951812744,-20.2319278717041,12.156193733215332,-5.226213455200195,10.26781940460205,-9.459799766540527,2068.3321715131897,4231.815658533933,0.1043517075116009,0.1619066148996353,0.3492790758609772,0.463458776473999,0.4121699929237366,0.482487678527832,0.3060524463653564,0.2815984487533569,0.3719265162944793,0.305056482553482,0.3382036983966827,0.2933861315250397,0.2872827053070068,0.3909023702144623,107.666015625,20.82178625163245,16.54747265132967,20.11474198644309,18.826859114317894,18.716855327916207,19.916011065688853,40.52840318385996,blues,忧郁,4
-86.26868438720703,91.95877838134766,-23.415851593017575,68.26197052001953,-3.8848531246185294,22.7470645904541,-9.89794635772705,16.88896942138672,-11.390698432922363,18.42913246154785,-7.0125508308410645,10.75953197479248,-11.94384479522705,2235.572388922088,4389.459355967228,0.1422416527697216,0.1699170023202896,0.4520763158798218,0.4045154452323913,0.4144081771373749,0.2743662893772125,0.3709237277507782,0.4435491859912872,0.431650161743164,0.526506245136261,0.3667836189270019,0.3939460217952728,0.408627450466156,0.3842944502830505,107.666015625,20.564623950343524,15.107701980044874,18.106628822771583,18.256247886085745,19.600714339133955,20.14105739228045,41.58498937456569,blues,忧郁,4
-67.76102447509766,111.7113037109375,-34.64625549316406,61.31954574584961,0.0442020557820797,30.56148147583008,-12.693843841552734,21.164926528930664,-13.122509002685549,16.284252166748047,-6.337016582489014,12.300311088562012,-12.475308418273926,1946.448570450021,3955.714363399072,0.0974228719547563,0.1961733847856521,0.3114942610263824,0.366714596748352,0.4452613890171051,0.4372981488704681,0.5653125047683716,0.4144598245620727,0.424208402633667,0.3865548372268677,0.4653486609458923,0.5949354767799377,0.4215283393859863,0.33706995844841,151.99908088235293,20.743924275207625,14.323908445538963,16.793103443356706,17.505281396405863,18.432222771417894,17.52625386959595,41.42877448880439,blues,忧郁,4
-82.52998352050781,94.1645050048828,-27.11260223388672,75.65927124023438,-27.521812438964844,35.577274322509766,-20.303491592407227,25.11202621459961,-15.370208740234377,11.35397243499756,-13.391486167907717,8.147319793701172,-8.5005464553833,2503.9377448690093,5077.364425482164,0.1675337151972157,0.1416625529527664,0.3695493042469024,0.3148382604122162,0.5480679273605347,0.3569073975086212,0.5213218331336975,0.4556876122951507,0.442196637392044,0.4867337048053741,0.367360919713974,0.55985426902771,0.4925592839717865,0.5083784461021423,129.19921875,19.151600435391,14.982212682946123,17.637420332773562,18.945557920505788,20.59978698747324,20.745769598418903,43.838300161317015,blues,忧郁,4
-144.9233856201172,95.73299407958984,-21.61644172668457,49.62627029418945,-29.88751983642578,29.35114479064941,-18.850818634033203,17.902307510375977,-9.67082405090332,5.516722202301025,-9.557408332824709,6.359986782073975,-21.08871841430664,2280.154186884487,4732.98305856656,0.1171418062403325,0.106227770447731,0.4404512941837311,0.2963408827781677,0.2961476743221283,0.2782242000102997,0.2616112530231476,0.4405735731124878,0.2779731750488281,0.3494934737682342,0.3520162403583526,0.2490632236003875,0.2452843338251114,0.2556351125240326,112.34714673913044,24.72972786433026,15.963467199385509,19.904545857934323,21.559868341619723,21.973146896204497,21.23412426534272,39.86762189332678,blues,忧郁,4
-129.15756225585938,72.09806060791016,-7.771088600158691,49.25128173828125,-32.723228454589844,21.60696029663086,-27.371620178222656,15.00165843963623,-10.260744094848633,12.431696891784668,-17.031103134155273,7.120548248291016,-18.01809501647949,2839.8868647026125,5711.47812137471,0.1544105429476024,0.0962278023362159,0.4727234542369842,0.3147352635860443,0.3384650647640228,0.3451087474822998,0.2841018438339233,0.4133329093456268,0.2926171123981476,0.2940979599952698,0.3047359883785248,0.3246288597583771,0.2858420610427856,0.2942878603935241,92.28515625,22.9503293380336,16.31263812856826,20.449966145287515,20.17076836292157,19.725106605259025,19.600740094906065,42.51538902975222,blues,忧郁,4
-85.13845825195312,88.80752563476562,-16.32556915283203,59.22816467285156,-35.98337936401367,14.397045135498049,-22.29647254943848,9.660772323608398,-14.823983192443848,11.181689262390137,-14.806865692138672,8.475102424621582,-19.58751106262207,2553.3610730069104,5148.284104915893,0.1468329315303557,0.117371030151844,0.5866532325744629,0.3066353499889374,0.3701327741146087,0.2623546421527862,0.3097262978553772,0.6080474853515625,0.2421640455722808,0.2557558417320251,0.2365635335445404,0.3244045078754425,0.1971822082996368,0.2922990024089813,151.99908088235293,22.0169124009761,14.887839028071223,19.253795910303737,18.246811361417443,18.73678048419653,20.25772198143036,41.518388802535135,blues,忧郁,4
-118.35662078857422,74.87531280517578,-19.8660888671875,46.94456100463867,-32.55982971191406,23.820112228393555,-26.35521125793457,17.678152084350586,-13.82485294342041,11.931674003601074,-17.888668060302734,7.539273738861084,-22.895130157470703,2816.3627737389425,5613.737696671984,0.1462819629737045,0.100298061966896,0.5689042806625366,0.2625644207000732,0.2128296792507171,0.2443273663520813,0.2737176716327667,0.2487460225820541,0.2498343884944915,0.424112468957901,0.2191352844238281,0.2278306931257248,0.2705750465393066,0.3106688857078552,107.666015625,20.24682110498396,16.407884116967594,20.79605711739053,20.5334062867873,20.032842918685898,19.507968698280227,41.87932101699574,blues,忧郁,4
-116.60201263427734,97.43106842041016,-13.891730308532717,48.9676399230957,-22.596460342407227,27.759014129638672,-20.245162963867188,18.63886260986328,-14.639585494995115,8.482747077941895,-16.644681930541992,11.017630577087402,-13.866873741149902,2340.7341614757443,4972.721052059164,0.1217916183294663,0.1104355826973915,0.3457154929637909,0.3322912156581878,0.4354149401187897,0.3032635152339935,0.3883699178695678,0.3546305894851684,0.311038464307785,0.3521655797958374,0.3014159202575683,0.4372473657131195,0.4687416553497314,0.4663816690444946,161.4990234375,23.680361461760715,14.233353148315851,19.162914611360275,19.3430570044891,20.28760960517468,19.548255678002896,41.372880389748026,blues,忧郁,4
-95.46356964111328,101.38745880126952,-20.677705764770508,48.66891479492188,-30.248262405395508,20.807701110839844,-18.291418075561523,14.138235092163086,-12.799490928649902,13.443615913391112,-14.06850242614746,7.732350349426269,-19.215456008911133,2258.115149720309,4754.616183747825,0.1127057352088167,0.1290398389101028,0.2847328186035156,0.2330015897750854,0.3383571207523346,0.2749953269958496,0.4193899631500244,0.3340319395065307,0.3131571114063263,0.6011887192726135,0.3823078274726867,0.3137499690055847,0.2792820632457733,0.2808882594108581,161.4990234375,22.076648523828126,15.303156356300391,19.92811472601379,19.872276790675773,19.473923502516037,19.678034657866352,40.91877267805842,blues,忧郁,4
-113.2013702392578,88.7260971069336,-8.926565170288086,49.47417449951172,-34.57909393310547,15.856428146362305,-17.740219116210938,14.707290649414062,-11.190546989440918,15.3687162399292,-15.068397521972656,8.749079704284668,-18.62926483154297,2513.3453575324424,5246.740637688515,0.1351073841115622,0.1030482053756713,0.3727051317691803,0.2098414897918701,0.2227511703968048,0.182472363114357,0.2646318972110748,0.5768778920173645,0.2442182302474975,0.2541151344776153,0.2748321890830993,0.3950887322425842,0.2647042572498321,0.2109533548355102,161.4990234375,21.85329258409493,14.174559756781964,19.447265688808308,20.153568951795595,19.31511671607988,20.36671525913165,40.9728239307033,blues,忧郁,4
-121.4739227294922,96.0971908569336,-19.590856552124023,48.0384521484375,-38.784629821777344,24.768978118896484,-32.941410064697266,8.10254192352295,-17.81892204284668,6.117860317230225,-19.995437622070312,6.800339221954346,-19.33320999145508,2371.309053062196,5005.187393507105,0.1251287733226991,0.1164902225136756,0.2924332320690155,0.1906301975250244,0.3422639369964599,0.2415263801813125,0.3650000393390655,0.3985465466976166,0.2834252119064331,0.4356427490711212,0.2279987633228302,0.2145822346210479,0.2520336210727691,0.2605546414852142,123.046875,20.6911666181922,16.512684045645837,20.33187482138486,20.906680515592576,20.98955749076816,21.171613053861964,42.44029975160236,blues,忧郁,4
-133.04896545410156,105.7388916015625,-22.158222198486328,41.830692291259766,-26.99250221252441,19.11857032775879,-26.566028594970703,19.23598289489746,-15.342011451721191,6.989913940429688,-10.814380645751951,6.798669338226318,-11.726956367492676,2159.398277499849,4684.512534440255,0.0983476985450502,0.1060934513807296,0.4045827090740204,0.2849475741386413,0.2389233410358429,0.2734425663948059,0.3401320874691009,0.4559098780155182,0.3001370429992676,0.2651470005512237,0.2506771087646484,0.321499764919281,0.415414959192276,0.3226989507675171,143.5546875,22.271683972036872,16.511052110661193,20.327164992902937,20.204748010535933,19.748554556848102,19.126943854357837,40.210109686952286,blues,忧郁,4
-89.39791107177734,93.79924011230467,-14.558412551879885,54.38948822021485,-33.50722885131836,19.428232192993164,-19.761512756347656,13.029955863952637,-13.864509582519531,14.617379188537598,-14.972617149353027,10.59898567199707,-18.020244598388672,2429.004094087016,5065.090666237674,0.1346413832898298,0.1204975619912147,0.4831484854221344,0.2425265163183212,0.2509007155895233,0.2351805120706558,0.3150248527526855,0.6135305166244507,0.256430983543396,0.2629292607307434,0.2423315942287445,0.346092015504837,0.1913006007671356,0.2225901186466217,143.5546875,23.103606813852245,14.387647403817622,19.961479287637587,18.76711704015181,19.42001184482824,20.833587581817188,41.5356605815058,blues,忧郁,4
-118.7043228149414,87.64562225341797,6.552991390228272,45.10232162475586,-38.91159439086914,20.823198318481445,-26.864547729492188,13.807368278503418,-17.236186981201172,5.111260890960693,-15.712020874023438,3.988770723342896,-27.53657913208008,2594.7546880445243,5659.768457257831,0.1291906086861949,0.1038626953959465,0.2267010509967804,0.237817108631134,0.487633466720581,0.2589104473590851,0.3799895048141479,0.2203481942415237,0.2898548245429992,0.5230879187583923,0.2469851970672607,0.2268300503492355,0.2256899923086166,0.3611259162425995,103.359375,22.95426649070572,17.370664459650673,20.28996853527917,20.343095588642683,19.347613971734024,21.146576203574064,42.79684838191481,blues,忧郁,4
-30.126768112182617,103.73807525634766,-19.742794036865234,56.410430908203125,-12.707871437072754,20.187707901000977,-17.33887481689453,16.30097198486328,-18.43800163269043,8.925146102905273,-11.655669212341309,11.209242820739746,-8.847433090209961,2094.7777929276835,4482.603366081787,0.1005402437403325,0.2596437036991119,0.3497211635112762,0.3308138847351074,0.2912279963493347,0.4759903848171234,0.3074795007705688,0.3006536662578583,0.3209156394004822,0.3376819789409637,0.3218311071395874,0.2820412814617157,0.4999506175518036,0.2861948609352112,99.38401442307692,19.137779740489563,16.511472672485027,20.29438132319074,19.841407507303604,19.270286349340218,18.92282014691455,42.87318512305518,blues,忧郁,4
-56.00529861450195,87.85132598876953,-1.6130452156066897,41.19935607910156,-5.618329048156738,27.792627334594727,-23.990840911865234,21.77611351013184,-18.419469833374023,12.32655429840088,-13.71204948425293,11.851394653320312,-3.9741170406341553,2515.463568631425,5770.831822795823,0.1208902050705723,0.1969307512044906,0.3247415423393249,0.3681215047836303,0.3500013649463653,0.4972905218601227,0.3192188143730163,0.3086057305335998,0.284012496471405,0.3489060401916504,0.3693159520626068,0.3276203274726867,0.5798122882843018,0.3282252550125122,112.34714673913044,16.91436054790381,14.904288018779926,19.89004868832329,20.561606577839907,20.798953001025183,18.07471094363384,44.29903221969097,blues,忧郁,4
-86.49180603027344,92.7261734008789,-15.342206001281738,54.05327987670898,0.8746948838233948,31.57425117492676,-14.615236282348633,23.32894515991211,-14.971668243408203,15.337373733520508,-7.053953170776367,12.179844856262209,-6.099600315093994,2224.014584740542,4700.258585139936,0.1085094620069605,0.1919864118099212,0.5763275027275085,0.4601625800132751,0.4218309223651886,0.3943085968494415,0.5309701561927795,0.4715542197227478,0.4038192629814148,0.520159900188446,0.4331176578998565,0.491782009601593,0.4546248614788055,0.4379214346408844,117.45383522727272,14.324264556266629,16.31610423504568,18.634678872974845,18.958310782278726,19.287010148624933,17.86833741885031,42.12658495593292,blues,忧郁,4
-52.707645416259766,74.4546127319336,-18.70946884155273,56.29268264770508,-3.956631660461426,31.99110221862793,-16.46079444885254,22.406429290771484,-12.258079528808594,27.22262954711914,-9.239789009094238,7.799892902374268,-10.56879425048828,2645.7246950388817,5612.422056264501,0.1364717771171693,0.2188771963119506,0.3257865905761719,0.2637314796447754,0.3800869286060333,0.3082838654518127,0.3169635832309723,0.5363514423370361,0.3259638547897339,0.3981260955333709,0.277789443731308,0.4279488623142242,0.4769580662250519,0.3490239083766937,117.45383522727272,19.150223443195923,16.765859827580982,21.16424273736852,21.77390892446793,21.57410610840931,19.241107734146887,44.45804193786327,blues,忧郁,4
-28.98924827575684,104.531005859375,-30.98342704772949,38.162052154541016,-8.009195327758789,30.89471244812012,-20.60816192626953,25.82361221313477,-12.97468376159668,16.943222045898438,-12.272943496704102,10.787742614746094,-10.56655979156494,2207.1391896914824,4658.224706804669,0.1115339357356921,0.2430784553289413,0.5560136437416077,0.3405617475509643,0.3536939024925232,0.3439279198646545,0.3972528576850891,0.4460687935352325,0.3706140220165252,0.4640233516693115,0.3448363244533539,0.443627268075943,0.4038980901241302,0.4433873295783996,99.38401442307692,20.12994979007379,14.572173008592346,17.510198545627706,18.07862643522484,19.536165722250544,16.80012870582585,43.16266891775695,blues,忧郁,4
-2.543013334274292,101.2654800415039,-33.93092727661133,41.52804946899414,-13.817937850952148,31.92383575439453,-21.876541137695312,24.47026634216309,-15.87441349029541,15.808345794677734,-14.370208740234377,12.514341354370115,-13.378111839294434,2333.5524820822284,4942.777742531903,0.1238195149361948,0.2579930424690246,0.3443679511547088,0.5280259251594543,0.474031925201416,0.539105236530304,0.329978734254837,0.3290344476699829,0.3091838955879211,0.4254430830478668,0.404758483171463,0.3573541045188904,0.5587283372879028,0.3707154393196106,123.046875,19.713765063462212,13.557413205475966,17.437732072448515,17.3101366011947,17.789989505959852,16.278829374865126,44.66547561614545,blues,忧郁,4
-3.5798957347869877,92.92963409423828,-25.082927703857425,45.17950439453125,-10.856172561645508,31.86339569091797,-18.04438781738281,28.626354217529297,-10.227715492248535,14.668068885803224,-14.90522575378418,14.741957664489746,-15.603513717651367,2442.941257538624,5267.915786778567,0.1246824094885924,0.2707836627960205,0.3762992322444916,0.3778275549411773,0.3908120095729828,0.6007797122001648,0.4035457968711853,0.348779559135437,0.4353580176830292,0.4237960278987884,0.3339039981365204,0.3407735228538513,0.6227660775184631,0.4038828909397125,161.4990234375,21.480229719293234,14.412669429025836,17.116091600727383,18.022161962599824,19.31073045872239,17.208136851557605,44.9005769637453,blues,忧郁,4
-54.70625305175781,119.4830093383789,-34.874080657958984,37.54063415527344,-15.880536079406738,22.08129119873047,-14.661808967590332,18.53204727172852,-9.647197723388672,11.25658130645752,-11.729358673095703,11.54074478149414,-6.43185567855835,1827.2572927983213,3743.613145301624,0.0940392679331013,0.2423575818538665,0.4363376498222351,0.3439425826072693,0.4587754011154175,0.3589861392974853,0.4379538297653198,0.2582000195980072,0.2917546033859253,0.4603563249111175,0.3036948442459106,0.3635353446006775,0.2990646660327911,0.4072906076908111,117.45383522727272,21.493410206771443,16.268454501527746,19.17661959616685,19.820221672090103,20.603264441229904,19.3857887020508,41.63435223867763,blues,忧郁,4
-27.024072647094727,107.31878662109376,-46.8392448425293,40.927616119384766,-21.476634979248047,24.832185745239254,-18.939483642578125,15.274642944335938,-15.052191734313965,12.273417472839355,-15.240180015563965,14.332183837890623,-13.839795112609863,2116.8973667172613,4195.785430412558,0.127271093145785,0.2481144517660141,0.4115729331970215,0.3721487522125244,0.6418920755386353,0.2841243743896484,0.3693357706069946,0.3655775785446167,0.3688898682594299,0.4503070414066314,0.2324605882167816,0.2765624821186065,0.3348636627197265,0.4542860984802246,103.359375,20.595110833865203,15.167336878912128,18.285874604589893,20.220673861709987,20.618894165034973,20.25499975538956,43.47411140073575,blues,忧郁,4
-29.367115020751957,108.6669921875,-25.57035255432129,38.460899353027344,-18.34078788757324,21.792146682739254,-25.14839553833008,22.39537048339844,-17.5889835357666,14.681224822998049,-12.0858154296875,5.481150150299072,-7.693526268005371,2141.540773760361,4628.506221904002,0.1051251027165506,0.2512404322624206,0.3047249317169189,0.3815608620643616,0.3625910878181457,0.3052922487258911,0.4786045551300049,0.2725621461868286,0.2979977428913116,0.3015159666538238,0.2736575901508331,0.4887178838253021,0.2894872426986694,0.3120208084583282,123.046875,20.84916630140231,15.441639768904151,19.480420654260502,20.10595531365916,20.52950906087938,18.322212232686603,43.07740336894734,blues,忧郁,4
-19.882247924804688,98.8873291015625,-24.475313186645508,49.5799446105957,-16.19849395751953,30.193225860595703,-18.027517318725582,27.552814483642575,-11.40769863128662,14.870684623718262,-8.914958000183105,11.66875457763672,-10.89320945739746,2315.021164983005,5036.6212070403135,0.117950321442382,0.2511383295059204,0.546037495136261,0.3115728795528412,0.3858846724033355,0.3130694329738617,0.4096923172473907,0.6684679388999939,0.3663878738880157,0.3443224430084228,0.3854084014892578,0.4789209067821502,0.5268352031707764,0.3910582363605499,135.99917763157896,22.010935389022816,12.205908709457718,16.14886120175149,18.201580618945265,19.21575380269324,16.61600829571722,43.86745812586898,blues,忧郁,4
-39.00761413574219,112.0569305419922,-31.81919479370117,38.2356071472168,-6.320211887359619,23.320457458496094,-18.772533416748047,23.931018829345703,-10.932699203491213,13.236961364746094,-14.371817588806152,13.327064514160156,-10.916337013244627,2060.8418796735327,4220.299641549449,0.113367350638051,0.2350811809301376,0.5683705806732178,0.3088935315608978,0.302453875541687,0.4407968819141388,0.2967699468135834,0.3015534281730652,0.3185002505779266,0.572053849697113,0.3369443118572235,0.3366903662681579,0.5815698504447937,0.3895752429962158,112.34714673913044,18.954957359013573,13.809660686310943,18.64879720242791,19.80635399533593,20.38006075542217,18.128652199504643,42.7690911113205,blues,忧郁,4
-180.2089080810547,131.43243408203125,0.600786566734314,43.15309524536133,14.135329246520996,25.614765167236328,-5.311872959136963,12.02797508239746,-13.53555679321289,-1.105728030204773,-7.616474628448486,2.714973926544189,0.7783583998680115,1311.9502871452885,2636.376839834687,0.0593916914394818,0.1501237750053405,0.3658661246299743,0.3314042687416076,0.4713627994060516,0.2749074399471283,0.2153256088495254,0.194667637348175,0.2219719290733337,0.386315643787384,0.312438428401947,0.343058705329895,0.3166899085044861,0.3496764600276947,143.5546875,21.702725832749884,18.009192697092345,23.457897560249624,22.72220425298967,22.92428971101459,21.99949299380537,37.427119525335705,blues,忧郁,4
-212.79180908203125,139.06324768066406,9.446759223937988,35.45379638671875,12.697430610656738,20.420673370361328,-5.582624912261963,10.889944076538086,-8.733309745788574,8.059618949890137,0.1637237668037414,2.6487746238708496,-1.029648780822754,1245.6864186148605,2518.152393597738,0.0488186841405645,0.1248846352100372,0.2894456386566162,0.2663173973560333,0.3731231689453125,0.3215967416763305,0.3345799148082733,0.4101656079292297,0.4245801866054535,0.452389657497406,0.3783585131168365,0.3675383627414703,0.4065391719341278,0.3665119409561157,123.046875,20.75903227262001,17.27323108059096,19.52342551940171,18.50712279401455,19.575306907842737,18.063539823730725,34.44787578699572,blues,忧郁,4
-155.57640075683594,125.66272735595705,1.578585863113403,45.839691162109375,0.927783727645874,25.383113861083984,-10.812051773071287,15.55901050567627,-11.919286727905272,1.2735360860824585,-6.672881126403809,-0.7844191789627075,-7.743818759918213,1441.6808065190858,3082.603762597883,0.0508692388099381,0.1579405963420868,0.3050870895385742,0.4118709564208984,0.3027825355529785,0.3247550725936889,0.3131049573421478,0.3625628650188446,0.3465834856033325,0.2864194512367248,0.3982758820056915,0.3943226635456085,0.3374282717704773,0.2596255540847778,172.265625,23.41662849086772,17.37044339197803,21.022767831611887,19.91520598317391,19.67937328794153,18.85793263863122,38.37948681564193,blues,忧郁,4
-194.2843017578125,151.84703063964844,-1.1988219022750854,39.1881103515625,16.589046478271484,18.24779510498047,-1.397014021873474,14.869029998779297,-11.620166778564451,2.441486597061157,-5.081939220428467,3.937605619430542,-0.8988038301467896,1006.8718290855192,2075.0064009026974,0.032053605955143,0.141997143626213,0.3870374858379364,0.4129491448402405,0.5119536519050598,0.3375684916973114,0.241089180111885,0.268302708864212,0.3325376510620117,0.3957479298114776,0.3918890357017517,0.4032413065433502,0.4443822801113128,0.4075432419776916,172.265625,22.327697643481063,16.04936914046134,17.443490035861995,17.616677484680515,18.310816748416457,17.922979514247697,34.39455272421033,blues,忧郁,4
-346.8563537597656,139.25108337402344,24.05263328552246,22.281024932861328,18.66377258300781,11.662002563476562,9.016558647155762,6.970993041992188,-2.033026695251465,5.412792682647705,1.6503889560699463,-2.357781410217285,3.200082302093506,798.6570144423738,1456.1058380764212,0.0256481716453982,0.0527591705322265,0.3904334604740143,0.2817360162734985,0.221165731549263,0.2226175963878631,0.2487219274044037,0.2539384067058563,0.2705116271972656,0.3900945484638214,0.449165403842926,0.5355783700942993,0.4682188034057617,0.4513980746269226,107.666015625,24.60551908702032,18.995331737910465,20.28156427431614,18.677558084164133,18.501345796253183,18.116275892152075,27.146653556500937,blues,忧郁,4
-177.5675811767578,115.36900329589844,9.970584869384766,54.04387664794922,7.624311923980713,28.312318801879883,-9.05492877960205,20.049509048461918,-15.044512748718262,6.209573745727539,-5.692566871643066,1.3833520412445068,-5.828814506530762,1612.645636885739,3468.7358953560038,0.0581968562693348,0.1318451315164566,0.3437565267086029,0.3149925768375397,0.3164297044277191,0.3380617499351501,0.4391148686408996,0.4219909012317657,0.4199023246765136,0.3883439004421234,0.3610156178474426,0.383590817451477,0.3840117156505584,0.4229762852191925,143.5546875,21.61303239275473,17.032219517410674,21.2556316335908,19.70343434114133,20.0230268429628,19.22626545326008,39.02784158063932,blues,忧郁,4
-236.30538940429688,161.68063354492188,-1.1661630868911743,27.27869033813477,9.586511611938477,20.620241165161133,0.2274403125047683,13.79859733581543,-0.5090394616127014,10.175200462341309,-4.457556247711182,5.508707523345947,-3.72658371925354,991.4865889707818,1943.7254726471867,0.0360523763776102,0.0993638187646865,0.5381101369857788,0.4447382092475891,0.4716653227806091,0.4257374107837677,0.4298538565635681,0.3213053047657013,0.2933568060398102,0.3042692542076111,0.3735923767089844,0.3693763613700866,0.4745533466339111,0.6205438375473022,123.046875,24.743535830044497,15.067418585811732,17.766536668124434,18.193549974167283,20.01063433748489,18.193071887417805,32.61874956733582,blues,忧郁,4
-332.224609375,128.0892791748047,28.80514907836914,41.83019256591797,31.2144718170166,23.33478736877441,5.784112930297852,9.001364707946777,-3.881716966629028,3.731323003768921,-0.8742288947105408,-0.4391899704933166,1.4851278066635132,918.6809999781152,1602.5332846940255,0.0323115302349187,0.063039556145668,0.3586068153381347,0.3067319095134735,0.2655236423015594,0.2949171662330627,0.3993675112724304,0.448433369398117,0.5511096119880676,0.4580888152122497,0.3951415419578552,0.3941578269004822,0.3973350822925567,0.4222131669521332,83.35433467741936,20.883594923236977,18.56317001612869,21.60285584802339,19.083219536880428,18.90261586365037,18.06544829833578,29.483512214140195,blues,忧郁,4
-350.3526306152344,169.53173828125,31.771352767944336,16.71843910217285,28.6589412689209,19.24618148803711,7.845076084136963,10.037884712219238,4.740645408630371,2.9217066764831543,3.900228977203369,1.812954306602478,-5.969144821166992,570.3499042411772,929.3001037739268,0.0216969831544856,0.0658600032329559,0.415284663438797,0.1887513995170593,0.2385586649179458,0.3346843123435974,0.3762830197811126,0.3856798112392425,0.5219943523406982,0.2990423440933227,0.3344593346118927,0.3979813158512115,0.4405235648155212,0.5990954041481018,143.5546875,24.25470133858248,18.73859062722992,22.10252953301977,21.461753374646456,20.904475862368823,16.344421833551117,26.015943281703976,blues,忧郁,4
-206.24908447265625,126.61618041992188,10.59690284729004,43.21016311645508,12.496740341186523,19.425369262695312,0.3583888113498688,12.73520278930664,-4.579189777374268,4.061159610748291,-4.404284954071045,3.669121742248535,-1.455245018005371,1239.6334480091225,2519.268189892691,0.0508790573037509,0.1409443616867065,0.3522096574306488,0.4007022678852081,0.3376999795436859,0.2901656329631805,0.3751685917377472,0.3402841091156006,0.3602708578109741,0.3900205492973327,0.4366843104362488,0.4920524060726166,0.3770055174827575,0.3679243922233581,103.359375,24.26709553096926,16.82247152770059,20.76539755142805,20.84377078172959,21.11713482106512,20.64359326206941,35.73272072374684,blues,忧郁,4
-130.57875061035156,139.96141052246094,-1.28227698802948,39.30622863769531,-6.344083786010742,19.76828956604004,-11.212559700012209,27.24030303955078,-16.548757553100586,7.028903961181641,-1.196459412574768,1.6060346364974976,-6.638546466827393,1388.632893887334,2754.94268643054,0.057147032700116,0.1869983375072479,0.359824925661087,0.4109346568584442,0.3363896012306213,0.3028460741043091,0.3121410012245178,0.314143031835556,0.4281025230884552,0.3367117643356323,0.3442747592926025,0.3693249225616455,0.4853258728981018,0.4395414888858795,135.99917763157896,23.52921565441896,16.19947367489613,20.60626435531389,21.566614962500804,19.73550482125573,18.65160689676909,39.72632046720992,blues,忧郁,4
-314.578369140625,139.91119384765625,11.9039306640625,30.14179039001465,-7.542426586151123,14.9170503616333,-2.701582908630371,6.727816104888916,-6.3662190437316895,2.807929277420044,-11.728742599487305,2.077972173690796,-11.439269065856934,1132.1718112407832,2065.0724831424013,0.0482930170872003,0.0513632073998451,0.1841955333948135,0.2130092233419418,0.1702650785446167,0.3552049398422241,0.5361843109130859,0.300674557685852,0.2655701637268066,0.2097706496715545,0.3074295222759247,0.1408147662878036,0.1653874963521957,0.2787244617938995,123.046875,23.0586254642569,20.22875297829675,24.046763819533457,23.977273509771813,21.587512801666943,20.25341185847956,32.24935531680396,blues,忧郁,4
-148.64698791503906,145.77012634277344,-9.36660861968994,48.437965393066406,10.546018600463867,18.008686065673828,-2.6387381553649902,16.953346252441406,-11.50073528289795,8.725778579711914,-8.186318397521973,3.2097280025482178,-0.6816339492797852,1236.310511771213,2603.544117513776,0.04461485825116,0.1982270777225494,0.4807922840118408,0.4494216442108154,0.4211229979991913,0.3083792626857757,0.2996299564838409,0.2837109863758087,0.3518763482570648,0.3955204486846924,0.3664882183074951,0.3606971204280853,0.3501948416233063,0.4342627227306366,117.45383522727272,23.56375748513659,16.042658052628898,18.888215915552944,18.626383842723158,19.571685538944195,20.49923310220603,36.57199490227458,blues,忧郁,4
-90.67999267578124,100.109619140625,-23.938425064086918,52.60254669189453,-20.937440872192383,31.50132369995117,-11.228660583496094,20.089374542236328,-10.902469635009766,17.561744689941406,-14.09604263305664,12.99476718902588,-11.434560775756836,2310.352908011415,4829.091423016967,0.1284323188563418,0.1253553330898285,0.469925582408905,0.342175543308258,0.3658378422260284,0.3854703307151794,0.4460438787937164,0.4429789185523987,0.4460571110248565,0.6512311100959778,0.4625160098075866,0.4610247313976288,0.4476523697376251,0.3973777592182159,123.046875,19.387830505489745,14.23787773662508,16.225490506475087,17.50445949735575,18.28006003842431,18.683417670011803,41.27035019214534,blues,忧郁,4
-177.25547790527344,136.2346954345703,-26.89328956604004,36.36896896362305,-18.75297737121582,20.897600173950195,-1.7674739360809326,3.0104691982269287,-5.596907138824463,5.641345500946045,-8.101526260375977,5.6564812660217285,-10.77881908416748,1538.5123663814206,3174.357190762761,0.0747685856535189,0.1049854010343551,0.3728840351104736,0.2551504969596863,0.3160178363323211,0.4246223270893097,0.4201235175132751,0.4387154281139374,0.3410810828208923,0.4382498264312744,0.3161094188690185,0.3315168619155884,0.4439520835876465,0.344340980052948,92.28515625,19.960520923583868,14.831741775175209,17.65398724395977,18.519293160422823,18.540944018292222,19.06004774411053,34.20676012242316,blues,忧郁,4
-268.21856689453125,135.68165588378906,-34.05637741088867,25.61600875854492,-12.971722602844238,17.903263092041016,-9.990859985351562,5.634087562561035,-14.143672943115234,7.493184566497803,-3.976439476013184,8.258308410644531,-1.333600997924805,1505.3574604811245,2717.238763866734,0.0982227015661253,0.0362330079078674,0.124485932290554,0.2979745864868164,0.4111421704292297,0.2059633284807205,0.3399754762649536,0.1597933024168014,0.3369272351264953,0.1964339911937713,0.1746309101581573,0.3213180601596832,0.1465153694152832,0.3131666481494903,95.703125,17.086880725023594,16.73747110646952,21.99574104715581,25.30120773217008,24.98453645796773,23.747411903074983,33.756813843393566,classical,平静,2
-324.0912475585937,133.5626678466797,-25.0301570892334,24.55360984802246,-11.939921379089355,17.65850257873535,-5.518673419952393,1.7168900966644287,-10.575925827026367,-0.8605743646621704,-7.805220603942871,3.529762983322144,5.054664611816406,1361.0064862214672,2389.011462713892,0.087765628021075,0.0306098442524671,0.1639299541711807,0.2408730685710907,0.3883846700191498,0.1532697677612304,0.1474950462579727,0.1180711984634399,0.2547346353530884,0.161389946937561,0.090703897178173,0.1759563088417053,0.216873824596405,0.4680458605289459,117.45383522727272,17.335268419706146,20.48005238718053,25.254957608428228,28.543247578774647,26.73152454266377,25.40376176435177,32.55925211654495,classical,平静,2
-235.3026580810547,141.11952209472656,-34.681888580322266,30.979190826416016,-16.40201187133789,23.11808013916016,-11.041571617126465,7.654360294342041,-19.016834259033203,4.226782321929932,-11.835752487182615,8.917745590209961,-1.4451483488082886,1490.2748102133896,2785.4189135912125,0.090045784391918,0.0438277125358581,0.1973390877246856,0.4237509369850158,0.361883282661438,0.2320786267518997,0.3931761384010315,0.1461063772439956,0.232587993144989,0.1414921879768371,0.2814124822616577,0.2868537902832031,0.1780743300914764,0.4599669873714447,99.38401442307692,18.274850425173774,16.761218165337763,20.971905101084435,23.478283477417826,23.171550013483117,22.6315876420848,34.97081174073735,classical,平静,2
-326.8974304199219,127.40060424804688,-30.596176147460938,37.47139739990234,-5.296175479888916,20.81356430053711,-1.7786853313446045,-4.615456581115723,-4.04019832611084,5.242275238037109,-0.642448902130127,2.794567346572876,7.229206562042236,1526.6289318249846,2916.150270537268,0.1089463849816318,0.0294264443218708,0.3340000808238983,0.1398566663265228,0.3486930429935455,0.2535521388053894,0.260084331035614,0.2666077017784118,0.2002821415662765,0.3221641480922699,0.1145220026373863,0.2005793154239654,0.1678002178668975,0.2025061100721359,135.99917763157896,19.732363558277484,19.44147099395139,25.281020111571628,28.503157549419143,28.18285800533093,27.955665931797483,30.54828211172554,classical,平静,2
-259.9525756835937,118.9271469116211,-35.60833740234375,31.969566345214844,-16.524866104125977,10.618956565856934,-15.653264999389648,7.425692081451416,-5.824160575866699,8.266380310058594,-17.99113655090332,-1.1879281997680664,-6.356529235839844,1705.7912691531117,3175.8060605785963,0.1128571665941608,0.0422977246344089,0.3266606032848358,0.1400846242904663,0.2489767074584961,0.1259717047214508,0.3418459296226501,0.2416039407253265,0.122894287109375,0.1299617290496826,0.1832983195781707,0.310137927532196,0.1827245950698852,0.3040575981140136,107.666015625,16.286963904637688,18.912060028873068,23.206541419369657,27.986091150663587,27.29049525562669,26.11550081862918,35.366382663578214,classical,平静,2
-264.3355712890625,138.17970275878906,-30.09648704528809,37.83662033081055,-7.173124313354492,6.774080276489258,-11.809728622436523,4.705630302429199,-9.825992584228516,5.859127044677734,-9.563162803649902,2.6768574714660645,-4.788712024688721,1431.0801468671511,2836.06274244127,0.0752100402407192,0.043239165097475,0.3151884078979492,0.1567129492759704,0.2554921805858612,0.3887135982513428,0.1843131929636001,0.2761913239955902,0.1645823866128921,0.3620685040950775,0.4297183752059936,0.2538627386093139,0.2583712637424469,0.1768617779016494,143.5546875,17.724336153472482,17.6759859053725,22.446137466112194,22.20831321933045,21.881674914766705,21.86521022024441,32.3443735341796,classical,平静,2
-295.8205871582031,134.5377960205078,-22.43492889404297,40.75836944580078,-5.8729753494262695,9.266152381896973,-11.87393569946289,6.287885665893555,-8.864130973815918,4.402293682098389,-9.37451171875,4.060037136077881,1.6421570777893066,1372.6940993686435,2737.930956351508,0.0729011836571925,0.0332046523690223,0.586981475353241,0.2240601480007171,0.1952544897794723,0.2341569662094116,0.1737291812896728,0.2764235436916351,0.1907814592123031,0.2972308695316314,0.3157635033130646,0.1564723849296569,0.1885539591312408,0.2977333068847656,103.359375,18.6700576737178,19.8929184380678,25.513148111704187,24.913767136019636,24.71550608863253,24.12919444852073,32.90245942054991,classical,平静,2
-286.7648010253906,135.923583984375,-24.43564224243164,36.65812301635742,-6.240166187286377,6.963425159454346,-8.172438621520996,3.836329221725464,-4.407772064208984,6.431759834289551,-4.132486343383789,1.5559707880020142,-4.34604549407959,1358.9954445281355,2668.2852831351506,0.0731270090148878,0.040877241641283,0.1891853064298629,0.1412124037742614,0.3422537446022033,0.395330548286438,0.2049141675233841,0.3903364539146423,0.1747242361307144,0.2759341299533844,0.3063706159591675,0.258352518081665,0.4685548543930053,0.1720149666070938,107.666015625,18.62756885443767,18.726212915776745,22.35167592407923,23.39017307249308,22.314834063035747,22.9687723732964,31.686931808114178,classical,平静,2
-292.0929870605469,127.7622299194336,-29.91095352172852,37.43417739868164,-9.56994915008545,5.109292030334473,-13.82546329498291,7.040885925292969,-7.033254623413086,6.498644828796387,-9.904662132263184,4.711041927337647,0.3650692403316498,1516.848913603582,2974.321560959252,0.0787779298385537,0.0340331196784973,0.4798231720924377,0.2052971124649047,0.2256403714418411,0.1686954200267791,0.1733423918485641,0.3257083594799042,0.1747021079063415,0.2469052374362945,0.1939744651317596,0.3135333955287933,0.3427774906158447,0.2064620405435562,135.99917763157896,18.803462290714617,19.475111583588827,24.500817322694413,24.24817933845037,23.50814545329814,22.855572584212126,32.60348436961347,classical,平静,2
-356.10693359375,139.7978515625,-6.2831244468688965,43.187591552734375,-8.87148666381836,11.056035995483398,-8.395702362060547,4.420256614685059,-8.280070304870605,8.684677124023438,-8.132966995239258,3.4333064556121826,-1.4450533390045166,1216.3713864035042,2560.769150594548,0.0562467523443542,0.023791903629899,0.3300555944442749,0.224443569779396,0.4263249933719635,0.4163693785667419,0.1813819259405136,0.1793824136257171,0.2325970083475113,0.3218756318092346,0.2131320685148239,0.2545988857746124,0.2816740274429321,0.1848609447479248,129.19921875,20.664721702465325,20.576892112323165,24.40166978952524,24.45136102339703,23.822483506965664,24.25507639405591,30.32252294867783,classical,平静,2
-315.0152587890625,128.7116241455078,-28.93394088745117,30.832693099975582,-8.987340927124023,7.994575023651123,-9.845813751220703,1.428715467453003,-8.98079776763916,6.059361457824707,-3.308111906051636,7.618945598602295,3.8063483238220215,1497.503638046726,2868.703947487674,0.0862173270736658,0.0294992867857217,0.2860954403877258,0.1470566540956497,0.3283079266548157,0.3176003098487854,0.2172409892082214,0.4146161675453186,0.149210587143898,0.1786421686410904,0.1086205542087555,0.24732705950737,0.381036102771759,0.1635671555995941,103.359375,16.71220538765416,17.13520947265885,23.657944268050933,23.92539417516933,23.36879655327667,23.297620128213303,31.12624176548515,classical,平静,2
-385.353271484375,177.20355224609375,-9.3368501663208,24.379119873046875,5.799283981323242,-4.566062450408936,-6.359218120574951,-6.949473857879639,-4.122529029846191,3.873692512512207,-0.3393097817897796,-0.93730890750885,-3.6557695865631104,950.1801498031008,1697.3176818989268,0.0607572173482211,0.0214836671948432,0.5392606854438782,0.2525770366191864,0.3071733713150024,0.1706232130527496,0.1269261240959167,0.274554967880249,0.1616975665092468,0.3009323179721832,0.2427174150943756,0.148647129535675,0.1459445208311081,0.2682044208049774,151.99908088235293,19.757704097037493,19.728798170809505,26.168477966576496,25.946819353011307,24.46331881692364,22.06704231129305,24.648601425413823,classical,平静,2
-362.7318115234375,143.90760803222656,-19.005598068237305,30.65104103088379,1.0206413269042969,0.2722510695457458,-7.991961002349853,-3.847158432006836,-8.93413257598877,3.2763350009918213,-4.429235935211182,3.6627490520477295,4.9254326820373535,1180.5324896152028,2154.852450696056,0.0659625296065351,0.0313905104994773,0.5427433848381042,0.189623937010765,0.1926095783710479,0.1046574935317039,0.2510919868946075,0.3966589272022247,0.1383857280015945,0.2075061202049255,0.1219266951084137,0.2589015066623688,0.1936998665332794,0.2298559844493866,117.45383522727272,19.51992213843437,20.644789506337894,27.359949675660285,26.15689213547377,24.480291080861296,23.221233819603174,27.72568000494876,classical,平静,2
-343.1435241699219,140.1046600341797,-20.91951942443848,32.316123962402344,-3.683278799057007,2.940859079360962,-10.663065910339355,0.3106306791305542,-5.795960903167725,7.683307647705078,-3.678331851959229,2.547743320465088,-3.4992897510528564,1388.1392656380106,2598.66459043286,0.0808760664394818,0.0317056104540824,0.3120013475418091,0.2017824351787567,0.4073966741561889,0.1430730670690536,0.1952040195465088,0.1814540922641754,0.1862569898366928,0.4323345720767975,0.1780134737491607,0.2274375706911087,0.115373745560646,0.2049683481454849,129.19921875,18.976775501441963,18.403392914853807,23.955048472192747,25.377169500049053,25.198611315165564,23.523245524073804,29.38536713316138,classical,平静,2
-324.6393127441406,147.81375122070312,-31.92625617980957,27.40501976013184,-4.502310276031494,-4.168800354003906,-12.597458839416504,-5.130688667297363,-7.74476432800293,0.8444133400917053,-8.192252159118652,-0.8276446461677551,0.9923772811889648,1279.5154519537928,2389.161345798289,0.0684507625193348,0.0316000469028949,0.3749146461486816,0.2515835165977478,0.44959557056427,0.1548278480768203,0.132812350988388,0.0683803111314773,0.1733864992856979,0.2882316708564758,0.1477650552988052,0.2555487751960754,0.1315262764692306,0.3800091445446014,143.5546875,18.216234459310684,19.90445511464344,24.621019648481447,23.379095371347614,22.889250329877708,22.47534943417821,28.74075452100398,classical,平静,2
-449.5024108886719,124.97928619384766,-19.903535842895508,27.455209732055664,-5.769779682159424,2.218913078308105,-6.560758113861084,10.581615447998049,3.342010498046875,14.380342483520508,1.9796470403671265,5.249032974243164,4.427051067352295,1371.4447396060214,2619.5566270301624,0.0757187137470997,0.0114282192662358,0.20793978869915,0.1114261895418167,0.1526436805725097,0.1779627799987793,0.3892844319343567,0.1399036645889282,0.2870091199874878,0.236392393708229,0.1583211123943328,0.2495459020137787,0.1575126498937606,0.3316754698753357,123.046875,21.74741937848225,18.654965913591298,25.53790801690021,27.57346174453164,25.023513729139506,23.3824111278011,27.22022416818046,classical,平静,2
-482.5753479003906,154.85044860839844,-5.033046245574951,29.729904174804688,-1.8655613660812376,8.216540336608887,-4.778443813323975,9.632518768310549,-3.3466732501983643,4.530602931976318,-10.102243423461914,-0.67018061876297,-2.448970079421997,1054.732886852236,1947.5391644612816,0.0476574584300077,0.008011806756258,0.2189929783344268,0.239030048251152,0.650080680847168,0.2621482610702514,0.088082380592823,0.0506165139377117,0.1422567516565323,0.2714565098285675,0.1393634229898452,0.256862074136734,0.1260846555233001,0.1868789494037628,99.38401442307692,18.28410087548696,22.986033585497232,23.60078938418833,23.86027667387494,21.542222470376192,19.92429250797199,23.836918638567987,classical,平静,2
-311.5614013671875,148.6846466064453,-33.492855072021484,10.352457046508787,-12.897485733032228,1.2300145626068115,-12.900196075439451,0.806920051574707,-9.733505249023438,2.05820369720459,-5.113306999206543,6.7274017333984375,4.611797332763672,1358.602375942448,2417.539209777407,0.0810788561001546,0.0373547188937664,0.2554385364055633,0.2950620353221893,0.2635165750980377,0.2195115536451339,0.5001591444015503,0.2187443524599075,0.1686568409204483,0.1574280112981796,0.1759857386350631,0.3985191285610199,0.171921893954277,0.2516768276691437,117.45383522727272,18.823637602116545,17.57457592434837,21.862532199184592,24.025579436317614,23.00534910851177,21.26399571619316,30.047411495874023,classical,平静,2
-405.6331176757813,145.7255401611328,-0.8494923114776611,23.064943313598636,9.217205047607422,-2.636468410491944,-5.742799282073975,-2.07929801940918,-0.638366162776947,6.745994091033936,2.7888033390045166,2.444667339324951,5.083242893218994,1157.86554064085,2181.906347429669,0.0706663434116396,0.0186750777065753,0.2733297348022461,0.2267783433198928,0.1477468609809875,0.1128812730312347,0.2814651429653168,0.3676104843616485,0.1573082357645034,0.2674711942672729,0.3003534376621246,0.1618924289941787,0.3296572864055633,0.2418404072523117,129.19921875,18.798760054371147,19.18819394248504,25.933350176842644,26.618407260049885,25.595573219366937,22.73188690737669,26.03570223912319,classical,平静,2
-475.8085021972656,141.5044708251953,-8.465949058532715,34.00371551513672,0.5104436874389648,6.037261962890625,0.0038523427210748,9.544265747070312,2.164994478225708,7.1024370193481445,-8.052560806274414,-0.1156246587634086,0.7636799812316895,1185.144479134992,2290.621544645446,0.0576288941656999,0.0079903164878487,0.3496220409870147,0.2340092658996582,0.2838585376739502,0.4592387080192566,0.189783900976181,0.1858125478029251,0.1635702252388,0.3559521734714508,0.3724366724491119,0.2225016355514526,0.3856504559516907,0.2058007717132568,123.046875,19.09393555020189,18.559368226379192,23.04134924632505,24.886060673266947,22.362341264022223,21.596677803565736,24.48711712201972,classical,平静,2
-300.907470703125,161.12791442871094,-24.24585723876953,27.95691680908203,-2.863051176071167,2.389012575149536,-11.26832389831543,0.2230978012084961,-6.838934421539307,6.093652248382568,-8.139802932739258,-1.8150442838668823,-4.120981216430664,1218.1514494719816,2294.676714762181,0.0697996725154679,0.0384235046803951,0.2147176265716552,0.1244489997625351,0.358871579170227,0.3473381698131561,0.1614479422569275,0.3332138955593109,0.1537846028804779,0.2644678950309753,0.2861726284027099,0.282501608133316,0.5175045132637024,0.1830926835536956,143.5546875,18.913956653810256,17.511347426763535,22.761338965309157,24.29996832900112,24.369948010364244,23.03504283153126,29.993184708980035,classical,平静,2
-278.1651306152344,147.88018798828125,-31.550195693969727,20.35175132751465,-9.574066162109377,-6.230633735656738,-13.595257759094238,-0.6612343788146973,-7.273571968078613,1.0149178504943848,-11.761826515197754,-0.9655797481536864,-2.2157323360443115,1371.3948853640538,2570.2867264537413,0.0795392407434261,0.045451458543539,0.3023939430713653,0.2519040107727051,0.2300457954406738,0.1993256658315658,0.2100908011198043,0.3980906307697296,0.262889415025711,0.184014156460762,0.1721161156892776,0.291307121515274,0.4094216525554657,0.2905953526496887,135.99917763157896,18.31466120736746,18.16062449726924,20.648484808310744,22.395992426658296,21.986251782844917,21.760947524975577,30.9198309487316,classical,平静,2
-278.8075561523437,160.0006103515625,-28.392513275146484,23.027172088623047,-2.709249258041382,3.0009243488311768,-11.297819137573242,-0.5161017775535583,-11.36622714996338,3.174696207046509,-5.085272789001465,4.348031044006348,-4.07133150100708,1211.4313268289068,2237.388069170533,0.068440944025522,0.0478700622916221,0.3429192900657654,0.2282139360904693,0.2676224410533905,0.2933235168457031,0.3407099843025207,0.5198721885681152,0.2140514701604843,0.2644152045249939,0.132325068116188,0.2300982475280761,0.3009838163852691,0.1800739020109176,107.666015625,21.135889901073128,17.580329718601558,21.570759577988454,22.240865951740265,22.083932280489933,21.980321717971865,30.12779913081663,classical,平静,2
-406.8466796875,163.0813446044922,-2.372812271118164,32.4166259765625,7.946260929107666,9.632712364196776,-5.456719398498535,9.490358352661133,-3.0608041286468506,10.18720531463623,-10.352410316467283,-5.4048333168029785,-8.054705619812012,983.9717194937224,1853.1294749673723,0.0442168316173627,0.0171380136162042,0.1294815391302108,0.0942256674170494,0.3032095432281494,0.6254709959030151,0.2789784967899322,0.2416578978300094,0.1573545038700103,0.2155251204967498,0.3069561421871185,0.2561953365802765,0.398029088973999,0.2005066722631454,117.45383522727272,20.021781792071657,22.18063171791171,23.500861819903985,23.56818465892465,23.95751015869266,22.693431122796824,26.87129607829812,classical,平静,2
-223.1873321533203,163.25396728515625,-34.41288375854492,24.186994552612305,-10.303666114807127,3.222132444381714,-12.889323234558104,0.8037041425704956,-14.281189918518066,1.6788578033447266,-10.140898704528809,0.2315169274806976,-4.558465957641602,1253.0323992049643,2292.7698688551336,0.0716289334396751,0.0666644275188446,0.2363899797201156,0.2521618902683258,0.4521262645721435,0.2687943875789642,0.1355809420347213,0.1583263725042343,0.1870347410440445,0.309273898601532,0.2062166929244995,0.3103782534599304,0.3439229130744934,0.179147258400917,151.99908088235293,21.47959183893077,18.05520920527889,21.471736139370467,23.249892433598408,22.69712721267726,23.450025613004247,33.048344677383795,classical,平静,2
-221.30133056640625,173.31781005859375,-37.445777893066406,24.3559684753418,-8.682666778564453,3.384624481201172,-12.8447904586792,1.078868746757507,-15.323445320129396,0.4238257706165313,-9.623013496398926,2.288309097290039,-4.490511894226074,1184.2726167313851,2139.4394735172564,0.0682921560808198,0.0640875250101089,0.3411777019500732,0.1969044059514999,0.3939379751682281,0.2761904001235962,0.1935886293649673,0.3010575175285339,0.2601172626018524,0.4182458519935608,0.2296503186225891,0.3844299912452698,0.3435113728046417,0.2298588752746582,129.19921875,21.62159053671572,16.102597773122337,19.588860937501785,20.889202581532025,20.39211008921567,21.483061734614648,32.15508925991128,classical,平静,2
-319.2352905273437,143.68849182128906,-31.174318313598636,10.929482460021973,-5.559395790100098,-4.257987022399902,-8.956228256225586,-5.580583572387695,-8.022720336914062,2.342867851257324,-4.480284690856934,-0.3207866251468658,0.9629119634628296,1278.5184062359635,2233.232976997535,0.0817321635730858,0.0388861335813999,0.3126508295536041,0.1715956032276153,0.3851208388805389,0.1428637951612472,0.2086106389760971,0.1924358606338501,0.1802845001220703,0.4918081760406494,0.205100730061531,0.2238416969776153,0.1617970615625381,0.2721235156059265,151.99908088235293,20.09324145751372,19.9142162672706,23.46617596695293,25.94334756814556,24.5333957752466,22.347161308563503,28.56911205482286,classical,平静,2
-366.2604064941406,181.6003875732422,-5.514210224151611,26.999446868896484,-4.828246593475342,4.60167932510376,-10.550474166870115,0.155569851398468,-11.13640594482422,3.5766069889068604,-10.338356971740724,-1.0807839632034302,-4.597425937652588,901.7378802312896,1456.4555652733468,0.0534326209638437,0.0284057725220918,0.4180001020431518,0.2200020998716354,0.167073592543602,0.0794167295098304,0.1456578075885772,0.3346213400363922,0.1413421332836151,0.2781159281730652,0.1789647936820984,0.4402793943881988,0.3200831413269043,0.164732426404953,129.19921875,20.26717689127462,20.98008593270454,25.20150767254174,25.723022262169245,23.539330522784773,21.394262792089243,26.920104407517485,classical,平静,2
-228.9559631347656,153.91903686523438,-30.704666137695312,20.802928924560547,-6.099662780761719,1.1756067276000977,-10.78927993774414,-3.866134166717529,-11.594045639038086,0.8672082424163818,-8.299901008605957,-0.7155664563179016,-3.0778160095214844,1314.399292126819,2398.803824227813,0.0810950943783836,0.0625781491398811,0.3319049775600433,0.2305117547512054,0.4274420738220215,0.1657235324382782,0.1921311467885971,0.170881763100624,0.2949219942092895,0.449319064617157,0.199302539229393,0.2820322811603546,0.1490039378404617,0.2615304887294769,151.99908088235293,20.18278881691105,17.036482126492917,21.13007944551554,24.04268260505459,23.394806216736647,23.239056043000403,32.77458732373227,classical,平静,2
-297.1280212402344,130.24131774902344,-30.590057373046875,27.47357177734375,-7.0638957023620605,1.9754050970077517,-11.13668441772461,4.74458122253418,-8.76969051361084,5.404951095581055,-5.387939453125,4.45628833770752,1.7435377836227417,1559.3040287466677,2923.1947755039155,0.0921937687306651,0.041609987616539,0.3602214455604553,0.2220958471298217,0.4775317311286926,0.1748189181089401,0.2490554898977279,0.2182467579841613,0.1728315502405166,0.2704797685146332,0.1449350863695144,0.2824651896953583,0.1230954006314277,0.266964703798294,135.99917763157896,19.746821665411584,16.805621363520096,22.18102145706312,24.06063233759601,23.495565527701505,23.17440799383637,32.08156701795426,classical,平静,2
-315.7878112792969,149.66810607910156,-30.5499324798584,23.21352195739746,-8.686288833618164,-10.101966857910156,-15.724106788635254,-4.040028095245361,-7.639376640319824,0.0463279969990253,-11.144776344299316,-7.673778057098389,-5.867612838745117,1243.6691621009502,2352.889639374275,0.0637046536639597,0.0297104585915803,0.2573781609535217,0.1909417808055877,0.3932623863220215,0.3089241683483124,0.1785883158445358,0.2807726263999939,0.2299378961324691,0.3681293129920959,0.3337805271148681,0.296090692281723,0.3152305483818054,0.187417671084404,117.45383522727272,15.501034819755754,20.06117075163724,20.908149707610203,22.774821145461903,22.83817445683929,22.936076137443784,29.155792611298907,classical,平静,2
-374.00146484375,172.43167114257812,6.401390552520752,20.147357940673828,5.86323881149292,1.598408341407776,-6.712085723876953,-1.190726637840271,-0.2892058193683624,0.3313812613487243,-6.556705474853516,-7.302767753601074,-7.334053039550781,822.6139611536199,1434.531000761311,0.0394431554524361,0.0267867930233478,0.2982091903686523,0.2178301811218261,0.3413792550563812,0.1994969248771667,0.2587996125221252,0.3584339320659637,0.3740525245666504,0.4546855390071869,0.4246539175510406,0.2349307090044021,0.1822727620601654,0.2942719757556915,112.34714673913044,15.748836564999058,16.17351300573087,17.92106159617039,20.020007829024117,20.91420057166361,19.601625077963337,25.245364437993583,classical,平静,2
-498.6033020019531,177.51414489746094,11.212316513061523,27.63261604309082,-2.836329698562622,5.089841365814209,-6.600160121917725,-1.0522395372390747,-4.139636993408203,-3.0476694107055664,-9.911627769470217,-8.576437950134277,-9.193570137023926,792.9088884169765,1207.44980106221,0.0365727565496906,0.0080422032624483,0.2883642613887787,0.700213611125946,0.3240498006343841,0.2151515185832977,0.2451724708080291,0.3638657331466675,0.3499244749546051,0.1574863791465759,0.2729644477367401,0.187197059392929,0.1583551168441772,0.1361706554889679,123.046875,23.348727848655614,19.710455384047744,22.428786620082786,23.345679185852838,21.78116615633932,18.212905426400017,20.98835716648809,classical,平静,2
-429.07135009765625,120.76842498779295,-1.700568437576294,17.94279670715332,7.7381415367126465,-2.054262638092041,-3.9395751953125,-2.529314517974853,-0.5850700736045837,-0.80839604139328,-9.059510231018066,-3.688256502151489,-0.9795188307762146,1128.381138727403,2165.7939158570184,0.0543959662606341,0.0123537853360176,0.4129557609558105,0.2847736477851867,0.1914213150739669,0.2650985717773437,0.3410064280033111,0.3866994976997375,0.1956659257411956,0.3051152527332306,0.4560806453227997,0.2662351131439209,0.2129135131835937,0.3310949504375458,123.046875,17.21642537637591,19.571142229740587,23.04985650950994,23.965401052168005,22.90706091628422,22.399548971760957,23.593930698188373,classical,平静,2
-309.2633361816406,138.65692138671875,-29.715620040893555,33.61728286743164,-0.3696598708629608,5.228342056274414,-6.328532695770264,3.2850165367126465,-6.703106880187988,-0.6884885430335999,-13.246870040893556,-8.538453102111816,-9.667200088500977,1369.5923998136095,2655.1038985462587,0.0735405186581593,0.0388997681438922,0.3747839033603668,0.180285558104515,0.1926888078451156,0.1339464336633682,0.2043655812740326,0.4592737257480621,0.2408511042594909,0.2510569393634796,0.2598348557949066,0.3583820164203644,0.3735026717185974,0.2593339085578918,123.046875,18.46255490789344,21.159209779368023,25.014142789673325,25.149447531282497,25.770595701209817,25.9762151529724,31.764148713159653,classical,平静,2
-319.7222595214844,166.00253295898438,-11.93869972229004,27.27776908874512,7.831271648406982,1.7412490844726562,-7.853774070739746,-2.401125431060791,-2.904869794845581,-2.520754337310791,-11.374577522277832,-4.616379261016846,-4.492807865142822,1016.2036312413076,1823.977215052204,0.0611235226943155,0.0406360253691673,0.3352281749248504,0.3895404934883117,0.2550959885120392,0.2425719797611236,0.3337390422821045,0.2653025984764099,0.2745471894741058,0.2845521569252014,0.4686307609081268,0.385095864534378,0.2585362195968628,0.3371020853519439,151.99908088235293,17.31757503444525,15.62810093797249,19.434171614468333,20.914769481680345,22.641098005554195,22.000008793343856,27.032945201058464,classical,平静,2
-419.3325500488281,127.41255950927734,-3.7806549072265625,23.201251983642575,-4.3132853507995605,4.038642406463623,-8.20468807220459,-7.614800930023193,-7.066254615783691,-2.9135451316833496,-7.399464130401611,-5.427491188049316,-9.091689109802246,1282.3275301478,2441.9035378299013,0.0594094402552204,0.0159973744302988,0.1539873778820037,0.3003432750701904,0.2999826669692993,0.4056823551654815,0.2820887267589569,0.119845300912857,0.1546975821256637,0.2646731734275818,0.2073888629674911,0.2929093539714813,0.2092200666666031,0.1805391907691955,123.046875,16.18011311687662,20.926335153419103,24.046660345957587,23.246690966901053,23.75346036513387,20.91328463391584,26.3482480872976,classical,平静,2
-275.443603515625,125.3351593017578,-41.0332145690918,24.59947967529297,-4.762903690338135,-4.257404327392578,-15.002059936523438,-5.042078495025635,-4.998161792755127,2.4723503589630127,-10.893561363220217,-8.01608943939209,-5.168351650238037,1533.6492784629645,2837.7197832076567,0.0939154038573085,0.0414800941944122,0.2266244292259216,0.249468520283699,0.2345623522996902,0.2146496474742889,0.3832593858242035,0.2086742371320724,0.1858168989419937,0.2945036888122558,0.3395187556743622,0.5397997498512268,0.3000357151031494,0.2332474738359451,151.99908088235293,16.25989517388061,19.36160040754929,22.202389894479005,22.953799201750737,24.249601639373868,24.58859969808611,31.805116392771865,classical,平静,2
-275.9678039550781,146.3253631591797,-36.60139465332031,24.209836959838867,-2.5517094135284424,-2.1551759243011475,-13.308850288391112,-6.500922203063965,-9.406593322753906,-3.121519088745117,-11.546324729919434,-4.189929485321045,-1.6999396085739136,1279.4808753417974,2378.020036524797,0.0758388014791183,0.0443225391209125,0.243539497256279,0.3189270198345184,0.4682122468948364,0.2685569822788238,0.3154989778995514,0.1661096811294555,0.2219619154930114,0.3160166144371032,0.2638930678367615,0.3872736692428589,0.278516948223114,0.2868229448795318,112.34714673913044,15.39829992392878,19.743001094299142,22.337779486078357,23.137385744567982,24.393844113209,23.74605712246957,30.463707009756348,classical,平静,2
-409.5085144042969,116.79857635498048,-16.184534072875977,11.701641082763672,0.6897329688072205,6.012307643890381,-4.265307903289795,0.4997360408306122,0.4310805797576904,12.58663272857666,-1.1213994026184082,-1.1413047313690186,4.948069095611572,1633.5822989966382,3161.83362637761,0.1089565811098221,0.0128092374652624,0.2958917021751404,0.1962658166885376,0.23543381690979,0.3266833126544952,0.278398334980011,0.2159615010023117,0.2133524715900421,0.1562515646219253,0.2801271378993988,0.3139411509037018,0.3738804161548614,0.364176481962204,129.19921875,15.812516311832765,15.908989553073331,20.65268602569763,21.69979833740698,26.37385713602824,24.956952281810985,30.18331060496926,classical,平静,2
-358.75811767578125,129.07833862304688,-30.378684997558597,19.87869453430176,-10.36597728729248,-0.649600625038147,-10.599926948547363,1.5427625179290771,-3.9666149616241455,1.871791958808899,-8.833107948303223,-7.169190883636475,-8.212051391601562,1396.7128037657276,2652.764057062065,0.0726202236803944,0.0197275448590517,0.1726907789707183,0.1635114848613739,0.2011398673057556,0.1761367619037628,0.2002075165510177,0.294599324464798,0.5213290452957153,0.3206808865070343,0.3689019083976745,0.2467725723981857,0.1899911761283874,0.1506351977586746,112.34714673913044,15.989636531060906,21.94812015122241,24.761620908231304,24.77455448507792,24.905000671730964,23.08166419563493,29.104598515142545,classical,平静,2
-368.5205383300781,124.25440216064452,-31.574649810791016,17.583703994750977,2.32499098777771,-5.945176124572754,-11.797774314880373,-5.52202844619751,-5.396872520446777,-1.3089094161987305,-8.424348831176758,-3.616905450820923,2.2096312046051025,1329.4563630678226,2462.295964145881,0.0788172038138051,0.0212842989712953,0.3352380990982055,0.2474104166030883,0.361392617225647,0.2701858878135681,0.4646323323249817,0.3177838027477264,0.207344964146614,0.2347306609153747,0.1583292186260223,0.2158757746219635,0.2141922414302826,0.1915386021137237,123.046875,16.97309271746895,22.16326989281085,24.42948190104796,25.26915558331485,24.915527019420228,23.72250857169304,27.680659066042363,classical,平静,2
-160.66152954101562,164.2650909423828,-48.74266815185547,1.656788349151611,-7.611865520477295,-2.663522720336914,-11.042241096496582,-7.000247955322266,-8.097651481628418,1.251117706298828,-5.369691848754883,-4.139390468597412,-5.426858901977539,1326.2905913173308,2171.396349985665,0.0938649775420489,0.1341332495212555,0.2811131775379181,0.1558814346790313,0.1932906806468963,0.1721029728651046,0.5790696740150452,0.2150968462228775,0.1576183438301086,0.2977765202522278,0.2406222373247146,0.4321093559265136,0.1352526396512985,0.2819564938545227,99.38401442307692,16.51608340888883,19.283109158593664,21.81424501177656,23.267559811363963,26.54969697164096,23.493513496723946,17.664351553416132,classical,平静,2
-249.65216064453125,161.55921936035156,10.15452003479004,-3.057677984237671,-0.5735793113708496,-2.070381164550781,-12.197370529174805,-8.612417221069336,-14.639437675476074,-12.048640251159668,-12.293452262878418,-7.161873817443848,-7.880727291107178,1063.396723083687,1610.985025286398,0.0510089635295823,0.1153104677796363,0.1037380620837211,0.0586482360959053,0.2118372172117233,0.3653624057769775,0.1389994770288467,0.1745660752058029,0.1067663356661796,0.2497004866600036,0.1324795633554458,0.1453884690999984,0.4667311608791351,0.1377082169055938,123.046875,17.43563586494445,19.367833018136142,26.029009158734084,25.66738491050769,24.22189056718047,17.30641067406327,14.91024818471998,classical,平静,2
-402.208251953125,153.97674560546875,-15.228629112243652,15.294281005859377,-3.0716235637664795,-3.183727502822876,-9.759970664978027,-17.30577278137207,-12.305010795593262,-7.918074607849121,-7.099394798278809,-0.2957208454608917,1.5226656198501587,1181.884073002171,2033.66365012326,0.0717101248308198,0.0179211534559726,0.3531106114387512,0.2085960656404495,0.1806913167238235,0.3758918941020965,0.2212046235799789,0.2741411030292511,0.203188419342041,0.2661230862140655,0.2115890830755233,0.1568298637866974,0.393407940864563,0.1822928786277771,129.19921875,17.769753719478473,21.50668739696446,26.36118453093425,27.06660950187778,28.19803003322001,25.808404251540217,19.491208386364395,classical,平静,2
-171.08477783203125,156.8987579345703,-21.833309173583984,5.326319694519043,-4.069915294647217,-3.7315673828125,-8.900291442871094,-4.936922550201416,-7.900486946105957,-5.393338680267334,-9.340079307556152,-6.605034351348877,-7.787569999694824,1176.944993897445,1903.808462289664,0.062261493389423,0.1383063197135925,0.2391954660415649,0.1316786259412765,0.2078842222690582,0.204811230301857,0.3335101902484894,0.2909036576747894,0.2422377318143844,0.2549558579921722,0.1745117008686065,0.2856720983982086,0.1929420083761215,0.2756733000278473,184.5703125,17.483907169140373,18.758775189956165,23.00965371723472,24.076169086582794,25.0465944021268,21.523007456461706,16.26296481777685,classical,平静,2
-85.30834197998047,118.44306182861328,-31.47715187072754,20.28232765197754,-4.417633533477783,6.912192344665527,-10.952411651611328,-1.6223387718200684,-7.361472606658935,-3.0186843872070312,-4.444011211395264,-1.4172890186309814,-4.253397464752197,1878.4940039517187,3633.3658098897913,0.1115758531515854,0.1150687113404274,0.1871881186962127,0.3900059163570404,0.5800111889839172,0.3247033953666687,0.3347548842430115,0.275796115398407,0.2590218186378479,0.3475300669670105,0.421593576669693,0.4297221899032593,0.3605436086654663,0.2512147724628448,129.19921875,17.17842447420976,14.22712782021074,18.463324214165706,19.850168924091765,20.714607933310106,20.557243272984973,21.250464183121835,classical,平静,2
-436.8582153320313,154.08042907714844,-19.861963272094727,20.18265914916992,3.1738946437835693,0.4509458541870117,-6.527718544006348,-4.608915328979492,-10.05864715576172,-6.156630992889404,-4.533360004425049,-2.7670464515686035,-5.211670875549316,1174.3248424595008,2083.791215015952,0.066340163983952,0.0094912257045507,0.2586928606033325,0.249861404299736,0.2366086542606353,0.1975869238376617,0.4727805852890014,0.2324735671281814,0.3713312447071075,0.1965705603361129,0.1257842481136322,0.1959814131259918,0.1344775557518005,0.4287457764148712,123.046875,19.732631529452377,20.66064930375196,24.89129460171232,25.228980754401885,24.04609531756536,20.66175501395601,15.88336090991676,classical,平静,2
-124.04525756835938,148.5956573486328,-21.581466674804688,17.421335220336914,-1.4155147075653076,4.123948097229004,-7.020776271820068,-5.14472770690918,-5.845648288726807,5.024510383605957,-6.226354122161865,-1.9116531610488887,-0.900143563747406,1514.0972710756876,2767.1079847547744,0.0872000235098379,0.1608002036809921,0.2226651012897491,0.2644590437412262,0.3156270086765289,0.4324735403060913,0.3264709711074829,0.2234375774860382,0.3041887283325195,0.199146032333374,0.3035472929477691,0.2920907139778137,0.3291712701320648,0.3433103859424591,143.5546875,18.09064221299929,16.96053939221032,20.780943060030538,21.898810919405538,24.387024629239665,21.9127418091102,18.488842016726355,classical,平静,2
-98.35357666015624,98.35549926757812,-20.49053001403809,18.82003402709961,-2.095781087875366,2.665037155151367,-7.311517238616943,-3.590113639831543,-7.989524841308594,-1.918374300003052,-4.731997013092041,0.6237759590148926,-2.593084812164306,2224.8938399288413,4467.456319236165,0.1094464281395123,0.1237341836094856,0.5672500729560852,0.221291959285736,0.2787290811538696,0.2026493996381759,0.3409084975719452,0.3195981383323669,0.269798070192337,0.5040021538734436,0.2317785024642944,0.2423677742481231,0.1971964985132217,0.3638123571872711,143.5546875,17.61610652905403,14.318739338603296,18.58080686915928,20.06895169529106,19.323272513120997,18.12476065486609,16.0741903814105,classical,平静,2
-449.5513000488281,151.49676513671875,-12.753422737121582,44.25980758666992,6.250194549560547,4.054498672485352,-1.4762170314788818,-1.6236225366592407,-2.486520290374756,-4.285675525665283,-9.66329860687256,-1.35318124294281,0.1356770396232605,1170.256219376788,2360.475388812355,0.0494870969885924,0.0079693496227264,0.5364035964012146,0.6131533980369568,0.2230274230241775,0.1545823365449905,0.1213168352842331,0.2232742458581924,0.2529378533363342,0.259629875421524,0.2832822799682617,0.194753810763359,0.3753903806209564,0.1943760514259338,123.046875,16.167728174522527,17.30902944088103,23.36036160287203,21.855693139898012,20.720962640683087,20.62672470857894,16.095310792228595,classical,平静,2
-230.2723693847656,119.15338134765624,-1.0512242317199707,28.38448715209961,10.008779525756836,16.125822067260742,4.793945789337158,6.192378520965576,0.9515955448150636,5.915186882019043,-1.1755236387252808,3.5739166736602783,-2.09965443611145,1527.645526264714,3220.8305240784634,0.0601050787296826,0.0805282369256019,0.3750728964805603,0.3982393145561218,0.4917451441287994,0.4107602834701538,0.4523342251777649,0.3230752944946289,0.4087588787078857,0.4037615358829498,0.2865438461303711,0.339620441198349,0.3126252591609955,0.3749490976333618,135.99917763157896,17.510949802768184,16.421265723226014,17.349715821554568,16.584793244082725,17.040906527772304,16.553706790012782,16.57041621032695,classical,平静,2
-186.6579742431641,86.64906311035156,-15.726743698120115,14.73374366760254,-2.207751035690308,6.255172729492188,-0.8924627304077148,0.6554030776023865,-6.094046592712402,-5.222849369049072,-7.879544258117676,-1.7255487442016602,-4.700312614440918,2411.5244663469507,4993.363283515806,0.1269315998404872,0.0554395951330661,0.4450674653053283,0.3422080278396606,0.3832675814628601,0.3518494963645935,0.3969426453113556,0.3933643698692322,0.3377860784530639,0.3311169147491455,0.3096737265586853,0.4606698155403137,0.5096737742424011,0.3932878375053406,161.4990234375,18.9275828364432,13.767831976651095,17.48351163837491,18.893539907861776,20.208692421733573,19.024170668628276,18.993032601253915,classical,平静,2
-121.8335189819336,149.6673583984375,-42.83201599121094,24.485321044921875,-5.406042575836182,10.664612770080566,-2.8184380531311035,0.78352290391922,-6.398064613342285,4.474059104919434,-1.2259256839752195,1.2524996995925903,-1.198870301246643,1462.3835644748758,2740.2111359458554,0.087670171051375,0.1382857710123062,0.1796247363090515,0.2498732656240463,0.6558297872543335,0.2397764921188354,0.2251716703176498,0.2788577079772949,0.316528856754303,0.5429540276527405,0.2217819839715957,0.3216714560985565,0.2233999520540237,0.1952404975891113,107.666015625,18.15636387373008,16.625324444840743,20.35185978880498,21.56130845279906,23.611415690035816,22.42252276763853,20.274099391394365,classical,平静,2
-108.0673370361328,127.2767333984375,-44.95274353027344,31.253358840942383,4.346364498138428,-4.941817283630371,-15.889656066894531,14.636188507080078,-7.799101829528809,-1.2097643613815308,2.8209619522094727,17.278034210205078,-4.097750663757324,1702.24789858299,2820.988903306935,0.1150749589754566,0.1740794628858566,0.5018395781517029,0.503989040851593,0.4906271696090698,0.3764035403728485,0.2857234179973602,0.2773326933383941,0.2093345671892166,0.2514434158802032,0.2109347581863403,0.2110053151845932,0.2434867024421692,0.2723916471004486,129.19921875,17.89125737599584,15.705738219608731,21.03737595677151,21.36713449181416,21.899668251984917,19.210742483152,34.61062309820021,classical,平静,2
-483.9678649902344,144.1649932861328,1.3792461156845093,8.070789337158203,4.933557987213135,-2.3163371086120605,-2.7404160499572754,-6.843647480010986,-10.154459953308104,-8.07066822052002,-7.157021999359131,-10.555949211120604,-7.773562908172607,1079.788869352158,1764.6318404691126,0.059338444992266,0.0130545515567064,0.0957919061183929,0.240415945649147,0.1191248595714569,0.2918625771999359,0.274832010269165,0.1007118299603462,0.1705013960599899,0.0919526368379592,0.2591815292835235,0.2915893495082855,0.1248206496238708,0.1769184321165084,123.046875,17.10803206506466,21.30275029519628,27.242699923781327,28.065825904427783,25.01616637827682,20.98776064713537,15.947963975921024,classical,平静,2
-81.11544799804688,129.04563903808594,-42.44421005249024,33.13706970214844,5.685447692871094,-6.5037617683410645,-2.266792297363281,7.4018778800964355,-18.706079483032227,2.4765915870666504,3.743418455123901,1.8843731880187988,-10.075477600097656,1681.2723869009876,3078.3259073893228,0.0967222614052854,0.1897103935480117,0.1657764017581939,0.2063144445419311,0.6905314326286316,0.3028135001659393,0.2774476408958435,0.1839257478713989,0.3262265622615814,0.6212356686592102,0.2790485322475433,0.2835172414779663,0.1526694297790527,0.2671244442462921,112.34714673913044,19.983091951185106,19.25183148352691,22.69678920802878,22.08518839688708,20.67222673320453,22.672407329308893,20.177616895265427,classical,平静,2
-367.07080078125,112.81916046142578,-18.74560165405273,10.175581932067873,-1.6043580770492554,3.799531936645508,0.925681173801422,5.063905239105225,-5.370904445648193,-9.51462459564209,-8.494093894958496,-1.7862536907196045,1.287040114402771,1751.5809593775805,3236.583651301479,0.0952295714907192,0.0167767163366079,0.3946048319339752,0.2121339440345764,0.368198812007904,0.2034973949193954,0.210903987288475,0.2370694279670715,0.1434914171695709,0.3054641187191009,0.2085469365119934,0.2478309571743011,0.3078763484954834,0.2069156914949417,107.666015625,16.326127168765478,17.279761363808046,22.299575181235227,24.91471902942401,23.994578374424435,20.67416629775799,18.152971664505383,classical,平静,2
-349.9482727050781,161.85740661621094,-3.369462013244629,14.163236618041992,5.731613636016846,3.507076978683472,2.97391939163208,-7.0916595458984375,-7.915771007537842,-0.36118283867836,2.86490249633789,-2.475470304489136,-6.782114028930664,1137.8827996451196,1821.3126268851508,0.0818439433488012,0.0299914646893739,0.2587205767631531,0.1550304591655731,0.4030318856239319,0.1462466865777969,0.3603415191173553,0.4155054986476898,0.2199864983558654,0.3773576319217682,0.1704310923814773,0.3739582598209381,0.111606478691101,0.1950657218694687,129.19921875,29.21748246243637,18.487819644338547,24.991036512791307,27.99175276192615,28.116408466643435,23.60998498144308,15.268142991677417,classical,平静,2
-197.22750854492188,137.38995361328125,-34.159217834472656,25.36332321166992,-5.264414310455322,-2.776881217956543,-9.508549690246582,-7.613304138183594,-7.6476240158081055,-5.667731761932373,-4.384303569793701,-5.424352645874023,-3.528219223022461,1551.3608602773115,2841.008884226363,0.093266250362529,0.0691291689872741,0.3330006003379822,0.197239801287651,0.309575080871582,0.1891566216945648,0.3073437213897705,0.3359535038471222,0.2488553971052169,0.3261830806732178,0.245833083987236,0.3757472932338714,0.2180048376321792,0.3040356636047363,117.45383522727272,31.093310702828266,15.579308165482525,19.81461280863511,21.83902881432318,22.875511925671532,22.71618515484718,18.74757964770448,classical,平静,2
-166.42173767089844,122.12507629394533,-32.1141242980957,16.680294036865234,-5.400134086608887,-2.4928677082061768,-9.827045440673828,-4.898499488830566,-6.967042922973633,-4.57145357131958,-6.654088497161865,-5.492355346679688,-5.371945858001709,1803.800200335076,3366.6405343677493,0.1040197668938515,0.0687198266386985,0.4097011089324951,0.2299090474843979,0.2820961773395538,0.2154573053121566,0.3190676569938659,0.3403365314006805,0.2659961581230163,0.3825741708278656,0.249534323811531,0.3410259783267975,0.2335608601570129,0.3951984047889709,123.046875,30.779516988532823,15.239469351279295,19.0921981509526,20.45082907048892,21.470224545530662,21.377140900104568,18.535082093038568,classical,平静,2
-274.3258972167969,148.35321044921875,-20.328933715820312,21.79906845092773,7.928088665008545,3.776704788208008,-2.228849411010742,-6.087869644165039,-5.623010635375977,-6.690318584442139,-5.903531551361084,-4.592247486114502,-1.5412744283676147,1322.7344268727695,2474.902796911253,0.0761046560808198,0.0481804683804512,0.4708939790725708,0.2192290723323822,0.3113469779491424,0.1905506998300552,0.3166286647319793,0.2058722376823425,0.2014892101287841,0.3940136134624481,0.2371669858694076,0.3773106038570404,0.1727534979581833,0.2845685482025146,151.99908088235293,32.78663891978793,16.23941253361857,22.73149722130829,24.396301417493888,24.342603561256887,21.689214494762176,16.78237369111885,classical,平静,2
-305.44927978515625,135.9326934814453,-11.758563041687012,18.213851928710938,10.375581741333008,3.0047128200531006,-5.593382358551025,0.141344353556633,-1.3541280031204224,-1.868457913398743,-3.2081377506256104,-6.750213623046875,-2.6937735080718994,1474.7414794976396,2809.8082221577724,0.0740291775425367,0.0389063954353332,0.4338347613811493,0.260410726070404,0.3332133293151855,0.217835322022438,0.2429390400648117,0.4536549150943756,0.3321230709552765,0.30259770154953,0.2162214964628219,0.3674911856651306,0.384440541267395,0.2983192205429077,92.28515625,29.376838039765996,16.081006325450748,20.08511754837388,22.056128999497705,21.801817880752104,19.7446144796472,15.708797510888123,classical,平静,2
-465.8972778320313,180.1809844970703,56.64645004272461,11.035487174987791,5.847320079803467,0.7351599931716919,-3.971519470214844,-5.886589050292969,-8.459514617919922,-9.785686492919922,-7.691812515258789,-3.25194787979126,-1.8584505319595337,690.5300405312647,749.7401686666183,0.0360448236900618,0.0201410353183746,0.2564572393894195,0.1778587996959686,0.2501850426197052,0.1607411652803421,0.1769125908613205,0.4597574472427368,0.1921816617250442,0.1313231438398361,0.120515689253807,0.1836088597774505,0.3773368299007416,0.2353489696979522,99.38401442307692,16.750763256620527,19.08755430361513,25.994097173031268,25.08719687598984,22.382063642024956,15.700707065938523,13.504588818228502,classical,平静,2
-498.6472473144531,145.6685791015625,46.47014617919922,15.258627891540527,3.06862211227417,-0.8322840929031372,-5.222707748413086,-6.2106781005859375,-3.811383008956909,0.0891160517930984,2.71768856048584,2.2169222831726074,0.2405623495578766,1118.450246121639,1875.6785523310612,0.0422878752175174,0.0125581221655011,0.1323040127754211,0.2135850042104721,0.1177702695131301,0.3153222501277923,0.1974754482507705,0.0568147376179695,0.1048756837844848,0.1941017210483551,0.6013957858085632,0.2661767601966858,0.0703885778784751,0.1183322295546531,117.45383522727272,16.098660420767004,19.910046465213544,25.270057185337787,26.03886088391868,21.06916348210759,15.748338729297862,13.79707015559122,classical,平静,2
-421.5946960449219,172.7894287109375,28.069190979003903,-2.567254543304444,-3.5711488723754883,-4.869796752929688,-8.896140098571777,-10.69369125366211,-7.677652835845947,-7.952369213104248,-7.321745872497559,-2.702962636947632,-0.9108148217201232,829.0091477951953,1014.083968514356,0.0475079152165506,0.0292243715375661,0.1638574451208114,0.3567849993705749,0.4898033142089844,0.283047080039978,0.1382263451814651,0.176873505115509,0.187486469745636,0.1160583049058914,0.0908453166484832,0.1531661450862884,0.1800363659858703,0.1502299010753631,123.046875,15.666607157467736,19.47907856610553,22.821061074203428,25.07537605303274,23.6643396595555,17.71253982496356,14.09068387199377,classical,平静,2
-429.1393127441406,175.10499572753906,31.898456573486328,4.28832483291626,1.0443159341812134,-5.778218746185303,-9.484333992004396,-11.28360080718994,-10.57868766784668,-8.663466453552246,-6.329344272613525,-1.677781581878662,0.822805643081665,795.5192461669669,1008.455026011456,0.0450219481100154,0.0317638777196407,0.2720430791378021,0.1612792611122131,0.206446573138237,0.1833643466234207,0.0701578110456466,0.1000176444649696,0.106048546731472,0.2830630838871002,0.1878232061862945,0.1242779493331909,0.3207903504371643,0.2302621603012085,135.99917763157896,16.49507334723839,18.569322715730284,26.638500166804445,25.911899313734896,24.960912056557305,18.61100461764444,14.016118189430475,classical,平静,2
-413.4533996582031,143.482421875,31.30588150024414,14.029361724853516,1.5161094665527344,-2.295294046401977,-6.471192359924316,-8.10999584197998,-5.934281826019287,-4.475447654724121,-2.8047549724578857,-0.822604238986969,-1.2224383354187012,1117.67544135447,1992.7705485970127,0.0463572632685614,0.0317053869366645,0.4222584962844848,0.2319614738225937,0.2969477474689483,0.211761474609375,0.384281724691391,0.3156639039516449,0.176490306854248,0.3242245018482208,0.1633466184139251,0.1249690726399421,0.1699364334344864,0.3879932165145874,143.5546875,15.48845268251146,18.49402745703921,23.3727773173311,23.80844570181714,21.75455130080783,18.06939378240573,14.745382151199076,classical,平静,2
-234.44064331054688,130.26002502441406,-39.531036376953125,19.34891891479492,-6.795136451721191,-5.134987831115723,-3.709815263748169,-4.031952381134033,-5.071554660797119,-1.3709052801132202,-7.7486467361450195,-4.380751609802246,0.4702784717082977,1559.9200748058706,2813.4220698593385,0.0951725486997293,0.0573551915585994,0.4165778756141662,0.1256203353404998,0.1583997458219528,0.0821413770318031,0.294927030801773,0.5272511839866638,0.1522019207477569,0.2884898483753204,0.1448679566383361,0.3988434970378876,0.3305207788944244,0.1673196256160736,161.4990234375,17.820079784376166,19.98239388160139,24.372508384994955,26.505915569216608,24.0482937568869,23.55299555047541,18.886834654380667,classical,平静,2
-321.24755859375,136.29432678222656,-28.282760620117188,31.008644104003903,0.5742582082748413,0.2369124740362167,0.6586136221885681,-1.3397088050842283,-0.0586117953062057,-0.4239126145839691,-6.176196575164795,-0.1445206701755523,-0.4549770951271057,1349.5622465655813,2443.7437690327724,0.0792533715197215,0.0291321091353893,0.3940445184707641,0.1245096400380134,0.178842157125473,0.0749517530202865,0.2367875874042511,0.4317413568496704,0.1519393473863601,0.2922138273715973,0.1196397989988327,0.3462190330028534,0.3284713327884674,0.1606312990188598,117.45383522727272,16.67258845191261,20.09774986143403,26.8098382582036,28.037312577953884,25.029038652345157,23.83365333116428,18.74063747909269,classical,平静,2
-321.1391906738281,134.57176208496094,-18.240039825439453,22.185544967651367,0.4283724725246429,-3.8020198345184326,0.4877544939517975,-1.1469615697860718,-1.902494192123413,-0.1049549803137779,-2.7560534477233887,0.5838326811790466,2.4930169582366943,1355.7633127675824,2522.165929524362,0.0708377894189868,0.0319242738187313,0.240006148815155,0.1826012879610061,0.2523994743824005,0.1689558178186416,0.2124105989933014,0.2714996337890625,0.1414911448955536,0.2172933667898178,0.2259936928749084,0.5398876070976257,0.314498633146286,0.1633796244859695,151.99908088235293,17.101293650751522,19.217126668801995,23.291889718441546,24.182762819768417,23.78451343461959,23.163329679432582,18.280220279790267,classical,平静,2
-269.7107849121094,136.43421936035156,-25.016578674316406,26.403865814208984,0.6810674071311951,-5.372084140777588,-1.109292984008789,-1.4986670017242432,-0.1773683577775955,-3.805755138397217,-9.29666805267334,-3.1443982124328613,1.6502773761749268,1397.3892884939066,2616.092662412993,0.075862970079273,0.0516710989177227,0.4657165706157684,0.1924684196710586,0.1729785203933715,0.104164645075798,0.1844900697469711,0.2939115166664123,0.125498279929161,0.1932422369718551,0.09467214345932,0.2031565755605697,0.2287418097257614,0.2385134547948837,143.5546875,16.11212997983464,18.10782791140844,24.142491543132024,24.02363773406536,22.957076490719107,23.52144221062613,18.68682749646849,classical,平静,2
-360.8386840820313,138.97085571289062,-12.927216529846191,33.77861404418945,7.596158504486084,-1.7088121175765991,1.0270187854766846,4.0721282958984375,3.9389960765838623,0.9415783286094666,0.5166481137275696,4.686480522155762,3.3365964889526367,1285.3702594238275,2477.151043177204,0.0637424171017014,0.0207131430506706,0.3143888711929321,0.1995596140623092,0.3200723826885223,0.2659987807273865,0.2498829364776611,0.4726283848285675,0.219772532582283,0.1756883412599563,0.1554306298494339,0.3354530036449432,0.4040881395339966,0.2395937889814376,117.45383522727272,18.31531066546373,18.450262746895092,23.251157134470688,23.105325939282647,23.770628208616863,22.62211828930749,17.440846249859597,classical,平静,2
-306.8560485839844,152.84921264648438,-27.58661460876465,16.32755470275879,-3.1488068103790283,-8.940590858459473,-5.4374775886535645,-9.772418022155762,-7.104296684265137,0.2983124256134033,0.8934093117713928,5.4443206787109375,8.212005615234375,1211.8707246042643,2105.465974387326,0.0709397507008894,0.0437884666025638,0.4292947053909302,0.1525471657514572,0.2866969406604767,0.1526229381561279,0.1938360184431076,0.4607414007186889,0.1412973701953888,0.1185077354311943,0.0614111386239528,0.189822256565094,0.2426650375127792,0.1662435084581375,129.19921875,17.174132452423507,19.180481650977807,24.37089806340503,24.599520959492235,24.232084552989967,23.55710589032558,17.473757621000537,classical,平静,2
-289.74127197265625,143.90283203125,-27.00275611877441,24.065563201904297,-1.1469279527664185,-6.300431728363037,-2.745878934860229,-3.5241739749908447,-3.016345500946045,-3.146998643875122,-7.264606952667236,-1.6910165548324585,3.0758981704711914,1360.1636476762342,2568.9211250181265,0.0721379845804331,0.0372816361486911,0.2773733139038086,0.137282446026802,0.3025117516517639,0.1472727358341217,0.2124795913696289,0.449706882238388,0.1475492268800735,0.1392079293727874,0.1003568768501281,0.3157272338867187,0.4398853778839111,0.1794030517339706,161.4990234375,17.94342388104987,18.582694889156777,22.08825626001387,22.210204121300357,21.48347141356557,22.56209357808409,18.21305153962929,classical,平静,2
-413.0011596679688,138.53170776367188,-19.246776580810547,34.156402587890625,8.985243797302246,-4.293563365936279,4.150046348571777,0.8692793250083923,3.081243991851806,0.1200862228870391,-4.059800624847412,3.783835649490357,5.919068336486816,1171.477078803794,2235.389628045244,0.0608640878770301,0.0164723526686429,0.5362533926963806,0.2611306309700012,0.0687217116355896,0.09132120013237,0.1702592670917511,0.2631106972694397,0.1294011920690536,0.2431347519159317,0.2202072888612747,0.1137978285551071,0.2336091101169586,0.2773981392383575,117.45383522727272,19.028340548651048,21.030532608314555,28.344419589103875,26.2052930017943,24.449359047298664,23.33323429796321,16.42266708923337,classical,平静,2
-238.74171447753903,149.72976684570312,-28.85542297363281,28.25653076171875,-0.8001092672348022,-3.936491250991821,-2.136371374130249,-4.325533866882324,-4.183619976043701,-3.438124895095825,-5.753284454345703,-0.0901024267077446,2.5456483364105225,1340.8675515904304,2523.0652280307427,0.0717456224622969,0.0588060580193996,0.3050310909748077,0.2298653870820999,0.2006812393665313,0.4154829680919647,0.1657410562038421,0.1837185770273208,0.1159959957003593,0.3423256278038025,0.3925647735595703,0.2093469500541687,0.3668662011623382,0.1967688649892807,117.45383522727272,17.10997484947058,18.146408558760896,22.5285151360234,22.29904907988577,22.13795683855542,22.53336181901569,18.00836859161172,classical,平静,2
-477.9434814453125,155.32089233398438,12.760221481323242,5.531442642211914,2.384131669998169,-10.652273178100586,-16.651351928710938,-12.546622276306152,-11.187111854553224,-9.374713897705078,-3.2156121730804443,-2.7692902088165283,-6.477841854095459,812.1207958821843,1236.4605047310035,0.0483349345030935,0.0167471319437026,0.1746213883161544,0.0939780473709106,0.2828889787197113,0.4023955464363098,0.1913381516933441,0.3296639621257782,0.1987073421478271,0.1923499554395675,0.2753005027770996,0.1643210351467132,0.1587201058864593,0.1637982577085495,161.4990234375,15.35299773492125,19.83389412383606,24.881791787398186,24.70041512848769,23.598797161193943,20.4597105241814,16.687167706399475,classical,平静,2
-552.1586303710938,173.3163604736328,26.347732543945312,14.124619483947754,7.260140419006348,-7.080264091491699,-5.854333400726318,-10.337285041809082,-11.018614768981934,-9.199594497680664,-8.825931549072266,-4.930786609649658,-3.6539578437805176,715.8536806386724,1038.6731211934457,0.0412818572360788,0.0066272788681089,0.2574406862258911,0.2331656664609909,0.1821074783802032,0.4019883871078491,0.1588535904884338,0.1375802904367447,0.1011774986982345,0.2951292991638183,0.402968555688858,0.1979337483644485,0.2129713147878646,0.1198290660977363,135.99917763157896,16.530560705656065,18.983736630118944,26.061043155180133,23.54720152754965,20.95844800128404,17.916575984495775,14.757775401083926,classical,平静,2
-437.6044006347656,170.93153381347656,7.419581413269043,-3.083472967147827,0.78938227891922,-11.128748893737791,-12.522780418395996,-6.907835960388184,-5.858702182769775,-8.461236953735352,-8.481487274169922,-8.339387893676758,-7.378574848175049,790.5070052979679,1159.412272513051,0.0520882425802397,0.0188328772783279,0.1216876953840255,0.1035579442977905,0.3032595217227936,0.3554382026195526,0.12761090695858,0.1959655582904815,0.1406736373901367,0.1820055395364761,0.2872039079666137,0.2279686480760574,0.4088301062583923,0.159129723906517,107.666015625,14.75606253173177,17.16370892840314,22.318450386878165,24.297560571791035,24.11957996897153,21.63952166175409,17.475062047527583,classical,平静,2
-549.5697021484375,156.96531677246094,6.631246089935303,34.40244674682617,13.249272346496582,5.748277187347412,5.040781497955322,-3.007295846939087,2.062419176101685,3.073666572570801,2.017580270767212,3.243807554244995,5.667016983032227,973.535586661692,1910.809481946056,0.03153360341744,0.0052698436193168,0.3672295808792114,0.3343810737133026,0.3953236639499664,0.4814549088478088,0.4931381940841675,0.385420948266983,0.5560373663902283,0.5250971913337708,0.2924772202968597,0.2733587622642517,0.5734977722167969,0.5794692039489746,123.046875,15.99821882618036,16.599278242668124,21.064907101929723,16.908624764990186,16.67054392755805,17.055350105543813,14.021218985097086,classical,平静,2
-374.6519775390625,153.8229217529297,-21.55977249145508,20.833045959472656,7.00267219543457,-3.945375204086304,-2.516514778137207,-2.805234909057617,-4.292778491973877,-4.506134510040283,-5.757115364074707,-4.259789943695068,-3.845601081848145,1214.3502552431812,2164.7530611042635,0.0605744423095514,0.0165282264351844,0.1606208831071853,0.359505146741867,0.4196627736091614,0.2222781032323837,0.3441299796104431,0.2186428904533386,0.361992210149765,0.2219053208827972,0.2078794687986374,0.2484356462955474,0.1574052721261978,0.2787960469722748,143.5546875,19.444809153383623,19.326705303721628,22.53777073894212,23.76197317857995,22.74473996947289,21.28956884712953,15.974540805045452,classical,平静,2
-263.9959411621094,142.1168975830078,-51.37895584106445,5.016685485839844,-20.2756462097168,-17.129779815673828,-16.075098037719727,-20.311262130737305,-15.04122829437256,-9.737652778625488,-8.408833503723145,-11.790933609008787,-6.885929584503174,1415.4129895873043,2490.032661597302,0.0873781751498453,0.0429792925715446,0.2238434553146362,0.1699793189764022,0.2706893980503082,0.2244525551795959,0.2897179126739502,0.3166516125202179,0.3303953111171722,0.3871951997280121,0.2886925041675567,0.3238754868507385,0.3156829476356506,0.2504744827747345,112.34714673913044,19.717385008916512,21.503600123401597,22.24631431323225,23.547676234504944,25.56990422512322,25.99620745718121,19.77740526949216,classical,平静,2
-338.8304443359375,190.14244079589844,-16.293914794921875,3.7036423683166495,-0.4407285749912262,-8.890434265136719,-10.38858127593994,-16.36096954345703,-13.28485107421875,-10.79232406616211,-8.643243789672852,-8.279584884643555,-4.624200820922852,853.0763810402855,1401.3818585955626,0.0507763407530935,0.0418568737804889,0.5079936981201172,0.1790333688259124,0.1953601241111755,0.0882349163293838,0.2235790938138961,0.4100324809551239,0.1412115395069122,0.2163944542407989,0.1587283015251159,0.4760897159576416,0.2028421461582183,0.1381089687347412,123.046875,19.910588696088904,20.075045632097737,25.71786303193138,25.34115018820598,26.340624474236684,22.08306234825022,16.309950642205564,classical,平静,2
-368.9961242675781,171.87368774414062,-27.293062210083008,6.004986763000488,-0.1640957295894622,-10.674201011657717,-11.92482852935791,-10.19444179534912,-11.368568420410156,-10.507291793823242,-8.375311851501465,-9.78917121887207,-5.058682441711426,1002.6849591662104,1734.1472864704176,0.0579445965052204,0.0219914894551038,0.2310685962438583,0.1438993066549301,0.2090139538049698,0.1566013544797897,0.1147582754492759,0.2116192728281021,0.1924802213907241,0.5910271406173706,0.2872438728809356,0.1923327296972274,0.4333432018756866,0.1854438632726669,112.34714673913044,19.8695450273586,18.81068806413196,24.00409599949956,22.89210821608099,23.683535549259208,22.321920919856957,17.124007069553418,classical,平静,2
-246.1586456298828,149.4286651611328,-41.98886489868164,11.606256484985352,-10.289647102355955,-4.019357681274414,-7.136855602264404,-10.1355619430542,-9.42032241821289,-7.1718430519104,-3.158367872238159,-5.6406569480896,-2.5862960815429688,1525.7917091607942,2733.1846586789443,0.0915895537267981,0.038885299116373,0.3375802040100097,0.2272904366254806,0.4992595911026001,0.296813815832138,0.3628968894481659,0.3490609228610992,0.2082375288009643,0.3922730088233948,0.2189671695232391,0.3210602402687073,0.2974401414394378,0.206007108092308,107.666015625,17.927492352142526,14.882813158957992,19.21579607678222,20.529570990380083,21.981498265979194,21.666279924263325,17.207331630925893,classical,平静,2
-283.513427734375,159.5615997314453,-29.51524353027344,18.52740478515625,-9.859646797180176,-3.425657272338867,-10.98901081085205,-9.791543960571287,-8.299519538879395,-4.2436933517456055,-2.871725082397461,-5.970812797546387,-4.024108409881592,1356.2906973182814,2496.3027706279004,0.0768346233323665,0.0314989313483238,0.1914918720722198,0.1662351787090301,0.3479552865028381,0.4619331359863281,0.2338650524616241,0.4010030627250671,0.2046070694923401,0.4280821681022644,0.4550881385803222,0.2613182365894317,0.4228484034538269,0.1698506325483322,99.38401442307692,19.878409936630668,14.843878951370655,19.437355872109645,20.313945540071582,21.715393935953543,21.371227371629125,18.944053058911653,classical,平静,2
-392.9249877929688,190.73504638671875,-13.309889793395996,8.256797790527344,1.5560119152069092,-11.073182106018066,-11.240290641784668,-13.99495792388916,-10.621298789978027,-9.390466690063477,-4.621174335479736,-10.071728706359863,-4.821782112121582,877.3225402716945,1457.7129178146752,0.0510448387954369,0.0214541554450988,0.2288203239440918,0.2147051841020584,0.4021890163421631,0.1606020182371139,0.2191897481679916,0.1249196454882621,0.2908170223236084,0.4515516757965088,0.2398963868618011,0.4328089654445648,0.1850585639476776,0.3418543338775635,123.046875,18.76881614780684,18.89679099281511,23.95839577019105,23.70328295490338,24.66358438383848,21.587480511056427,16.42720925382054,classical,平静,2
-299.6230773925781,157.25868225097656,-37.3299674987793,15.766090393066406,-5.750917434692383,-4.452047824859619,-6.812516689300537,-10.72881031036377,-9.87737274169922,-8.156402587890625,-5.426560878753662,-7.83736515045166,-2.730994462966919,1304.1427959179266,2350.2750122353536,0.0705662703016241,0.02825728058815,0.3412777781486511,0.2535036206245422,0.2119687795639038,0.311023861169815,0.1490094512701034,0.2192476987838745,0.1413386166095733,0.3971205055713653,0.5555672645568848,0.2746903002262115,0.4616420567035675,0.2166212052106857,107.666015625,18.265081713687003,15.635022986645057,20.766022749454148,20.52728191809851,21.663596533700947,22.14423964229552,17.222759677324373,classical,平静,2
-301.9320983886719,57.55167770385742,-59.13855743408203,33.53784942626953,-20.92420196533203,17.73392677307129,-0.6399964094161987,49.01870346069336,19.130725860595703,27.11223030090332,-17.640003204345703,-0.2826140224933624,-3.750938892364502,2423.3323353649416,4296.615112021462,0.1666526941947022,0.0351114235818386,0.1850970238447189,0.0933557152748107,0.0611930675804615,0.1831575781106948,0.2748655676841736,0.0893550664186477,0.1242114752531051,0.0752540081739425,0.3685663938522339,0.3402615189552307,0.1563952714204788,0.6556844711303711,99.38401442307692,18.206821091408496,12.99968041068484,17.50952963672837,29.194142685202035,28.806667727394395,25.98543866211048,38.04730639528744,classical,平静,2
-326.3802795410156,85.90885162353516,-42.97014236450195,31.839683532714844,-19.570825576782227,9.997395515441896,-16.449766159057617,9.995577812194824,-8.59866714477539,25.513877868652344,6.546204090118408,16.40181541442871,3.484389305114746,2172.3382154638084,4066.8943046693735,0.1519646050850734,0.0238402802497148,0.1676365584135055,0.2868599593639374,0.1300418376922607,0.2635610401630401,0.1577260345220565,0.0733834877610206,0.1754440516233444,0.2275128215551376,0.4869935512542724,0.273792028427124,0.2420999109745025,0.1477971971035003,117.45383522727272,19.698349093871272,18.72150096278949,25.370212901787244,27.16609841828645,28.181049266015865,26.9276716110282,35.77893298582119,classical,平静,2
-251.2393341064453,88.76644897460938,-41.77545547485352,37.9148063659668,-12.039210319519045,21.623262405395508,-5.86722469329834,25.71372985839844,-5.204474925994873,14.297369003295898,-7.549230098724365,10.47476577758789,-4.924638748168945,2192.5069045226314,4065.970025648927,0.1524053044035189,0.0447328425943851,0.1432544738054275,0.2933326363563537,0.13150554895401,0.244014024734497,0.4218655228614807,0.1763778775930404,0.2066459208726883,0.1415127068758011,0.3386560082435608,0.2396354526281356,0.0983836129307746,0.2759020924568176,143.5546875,17.280264696688036,22.03713544436555,22.567715756248617,26.57125390816692,27.36256062454309,26.19189162980833,38.37330327893718,classical,平静,2
-299.6929016113281,103.63917541503906,-27.674165725708008,51.01561737060547,12.29365062713623,16.49836540222168,-10.95107078552246,-0.8876350522041321,3.855537176132202,12.946043968200684,-12.410850524902344,2.478123664855957,5.183284759521484,1807.9280823768647,3073.2943576892403,0.130968133700696,0.0841210782527923,0.2902644574642181,0.0924852937459945,0.0428028218448162,0.128097727894783,0.2810478210449219,0.1257061064243316,0.1263674646615982,0.0683506205677986,0.1019602045416832,0.3999481201171875,0.1794174611568451,0.3368837535381317,129.19921875,15.84136903270745,20.428034350237244,24.500365116253043,22.685046810751857,31.926449814323608,27.818631589882745,34.06687235235782,classical,平静,2
-207.4252166748047,117.61351776123048,-41.4209098815918,13.249366760253906,-1.670911431312561,15.538311958312988,-10.338401794433594,-1.8724031448364256,-12.771743774414062,6.999659538269043,-0.7737137675285339,2.0700433254241943,-8.253665924072266,1623.7580253062436,2732.0272281938805,0.1082496495552977,0.0824484303593635,0.2567904591560364,0.1005764007568359,0.2191330790519714,0.1646642535924911,0.4265309572219848,0.4317949712276459,0.2551146447658539,0.414543092250824,0.1172224283218383,0.111274629831314,0.0612161718308925,0.1644585132598877,135.99917763157896,18.109498361497504,17.237211278624997,21.23801157752694,24.941302288682152,25.80107841789467,23.42159060862235,35.81614163095422,classical,平静,2
-385.8715515136719,128.65533447265625,-26.710420608520508,39.46988677978516,-2.161214828491211,16.75307273864746,-5.728032112121582,14.715787887573242,-3.0880722999572754,12.300447463989258,-5.886197566986084,2.797902822494507,3.6902453899383545,1423.5649269846945,2926.2090908678942,0.0701187735643851,0.0139858899638056,0.4266048669815063,0.3350510895252228,0.5312087535858154,0.3250082731246948,0.2011212706565857,0.2184725403785705,0.352182388305664,0.446626752614975,0.2951205968856811,0.4844523072242737,0.548620343208313,0.261276513338089,123.046875,17.61686243389883,18.149692922854047,22.223374887451456,21.922875331163745,21.796094366123853,21.16222987308497,28.719212955007308,classical,平静,2
-422.544677734375,89.8630142211914,-18.732948303222656,37.77190780639648,6.006347179412842,4.157854080200195,-1.9991796016693115,12.114277839660645,4.1649370193481445,13.78998565673828,2.8316237926483154,5.892904758453369,6.113411903381348,1800.8758120131474,3426.860226943156,0.1243542452146171,0.0135606583207845,0.293787270784378,0.158475860953331,0.356783926486969,0.1690257638692855,0.1250041872262954,0.3362551033496856,0.1325589120388031,0.2216873615980148,0.1783367097377777,0.2247611433267593,0.3807064890861511,0.1548808217048645,117.45383522727272,17.965258753725436,17.939238287376515,25.419526294889103,25.78809033249848,26.12808766154832,25.31245618189659,30.107727538136388,classical,平静,2
-203.65866088867188,111.14665222167967,-51.54851913452149,39.46770095825195,-10.575404167175291,11.908858299255373,-13.166576385498049,15.140764236450195,-7.281221389770508,13.37624740600586,-7.30366849899292,3.8474369049072266,-3.781568765640259,1933.75034806624,3574.5866602921983,0.1175719317962103,0.0569600313901901,0.2139494717121124,0.3671393692493438,0.599452018737793,0.2511314451694488,0.2210962176322937,0.1767197251319885,0.2197638601064682,0.2951436042785644,0.2117639929056167,0.4688014984130859,0.2908661663532257,0.1995204091072082,135.99917763157896,17.586383824452156,17.476313375943736,20.78984067268171,21.00956768786536,21.460906082073866,21.657116732623667,36.44108761701628,classical,平静,2
-280.705810546875,122.70870971679688,-14.398484230041504,26.85529327392578,1.3424961566925049,5.9945969581604,-13.109009742736816,3.3745083808898926,-11.562682151794434,5.179688453674316,-1.0512304306030271,2.755773067474365,0.0577944852411747,1494.4657470360255,2782.10483205844,0.0859099326904485,0.0366951674222946,0.3503470718860626,0.23687843978405,0.2438380867242813,0.1115778610110282,0.3790675401687622,0.1970922648906707,0.0826402455568313,0.1790787726640701,0.170256108045578,0.3320764303207397,0.1353830397129058,0.2491928935050964,103.359375,13.499979851527067,18.208182679444043,24.178789745551786,24.709173816965045,24.598081886238685,22.963552049635584,35.013794577543294,classical,平静,2
-287.60369873046875,101.75817108154295,-35.34540557861328,41.28015899658203,-12.727130889892578,17.276147842407227,-13.967988967895508,16.304946899414062,-5.592962265014648,13.654108047485352,-8.788415908813477,-0.0530952028930187,-13.757535934448242,1952.6079332127845,3779.909832239704,0.1234226212055297,0.0290834121406078,0.3978670835494995,0.1438601016998291,0.1123339980840683,0.1026996597647667,0.3878666758537292,0.5836416482925415,0.2786881625652313,0.2832642793655395,0.1927140653133392,0.5177865028381348,0.3101771771907806,0.1686361283063888,95.703125,15.679685056568916,18.681855999598262,21.48355528204767,23.96396082170758,24.473955971403903,23.647332034453264,34.825406279325755,classical,平静,2
-378.6961975097656,126.49835968017578,-18.83013916015625,42.889591217041016,-14.32557487487793,25.359525680541992,-14.636545181274414,18.717952728271484,-10.1842041015625,21.1190128326416,4.428082942962647,18.228246688842773,-10.292282104492188,1525.0760420116658,3325.672491299304,0.0806853610788863,0.0104998713359236,0.3057230114936828,0.3522405326366424,0.3314848840236664,0.3521751761436462,0.3939369320869446,0.2277872562408447,0.4246158599853515,0.3658118844032287,0.2528862953186035,0.3207506537437439,0.2991096973419189,0.3802762031555176,117.45383522727272,16.995481767960335,18.41694078902017,22.53492816757728,23.5589675641152,23.44327116455249,23.751256527539503,31.683750769990304,classical,平静,2
-23.10495376586914,70.2558822631836,3.805530786514282,28.323957443237305,13.75428581237793,5.728135585784912,3.973778963088989,7.472808361053467,2.6279067993164062,8.490234375,-2.320208072662353,2.0890800952911377,-3.3720123767852783,2798.0656266251635,6221.38434516059,0.1072048611111111,0.2482956349849701,0.2809078693389892,0.4264259934425354,0.3355585634708404,0.3660879135131836,0.3697452545166015,0.3916053175926208,0.5897400379180908,0.3942889273166656,0.4635734558105469,0.3292993009090423,0.3145764470100403,0.3453476428985595,161.4990234375,23.76564463148301,17.34000860036559,20.867623428404684,20.055148828773174,20.093644568125388,18.863696577597832,17.678507344662503,country,忧郁,4
-7.972789287567139,62.72463607788086,-1.45917010307312,28.1099853515625,9.967061042785645,9.363964080810549,5.4159040451049805,9.825429916381836,3.02754545211792,8.42094898223877,0.3107129335403442,6.540353775024414,0.7373716235160828,2938.1313051156862,6279.551664914443,0.1269882449970997,0.2304017692804336,0.3155816793441772,0.415137380361557,0.3190987706184387,0.446647435426712,0.4166249334812164,0.454822689294815,0.6393340826034546,0.4212628901004791,0.3800398707389831,0.2614920735359192,0.3887315392494201,0.5098791122436523,129.19921875,22.52371100300181,14.466340217921454,18.70224200266841,19.20902511824626,19.30556031737004,18.25837179697115,16.728414488788967,country,忧郁,4
-120.3051986694336,79.22588348388672,5.229386329650879,34.5482177734375,16.506736755371094,13.129608154296877,6.345089435577393,9.962078094482422,-2.00150728225708,6.810067653656006,-6.352068901062012,0.2281508147716522,-6.812808513641357,2308.811438098025,5190.094610091744,0.0741623811400993,0.1465266495943069,0.2632969319820404,0.3307700753211975,0.2521613538265228,0.2524800896644592,0.3602124154567718,0.2617184817790985,0.2277799397706985,0.2216861993074417,0.3736513555049896,0.4660134017467499,0.2931190133094787,0.2620474994182586,161.4990234375,18.779290885229884,19.67894049619019,20.15304334754364,18.63118315792976,18.968375660388062,18.404451797440657,17.443319893137623,country,忧郁,4
-57.7597885131836,95.7664794921875,-10.109318733215332,40.979637145996094,13.97903537750244,-0.989858329296112,-0.1884714663028717,7.425078392028809,-3.6333374977111816,9.54513931274414,-2.9410641193389893,2.436251163482666,1.994780421257019,2174.160493504712,4348.07370779315,0.1025643835864938,0.2042707055807113,0.3063268661499023,0.3565916419029236,0.6214753985404968,0.3440061211585998,0.3301470279693603,0.2327683418989181,0.3699313998222351,0.5071029663085938,0.3788370788097381,0.4702664315700531,0.2734430730342865,0.3329557180404663,161.4990234375,22.196615286529035,18.11204313102397,21.76578323802778,20.79094134895717,20.46390901799432,22.13486944012374,18.774480276252536,country,忧郁,4
-20.781349182128903,62.9504280090332,2.304440259933472,30.773717880249023,6.973462104797363,6.5058112144470215,6.323636531829834,9.873085975646973,3.4352967739105225,9.372201919555664,-0.4041579961776733,7.519415378570557,-0.9842739701271056,2966.1571589936843,6349.4199392596265,0.1241610028057275,0.2093932926654815,0.3137992620468139,0.232773870229721,0.2185053825378418,0.3611488342285156,0.5383796095848083,0.3554258644580841,0.3782783150672912,0.3223408758640289,0.4478796124458313,0.3798179924488067,0.410355806350708,0.6344665288925171,117.45383522727272,22.338170616687755,15.698051967034504,19.60947353945932,19.323552519581398,18.62033787815563,18.174621598991862,17.003658860873838,country,忧郁,4
-24.671669006347656,62.44026565551758,-7.754088401794434,28.432592391967773,10.997146606445312,5.551389217376709,-0.0867441892623901,13.745089530944824,2.8998165130615234,9.909151077270508,0.8537736535072327,5.952077865600586,-1.2259914875030518,2926.532916728232,6177.674360999856,0.1363724937643898,0.203798308968544,0.4400664865970611,0.4111133217811584,0.4956496953964233,0.3664421737194061,0.4426750242710113,0.3516552150249481,0.4036090075969696,0.522922694683075,0.3706208169460296,0.4111710488796234,0.3325605690479278,0.4441682994365692,129.19921875,21.500016368453363,14.872802962270244,19.052750156577577,19.068913822484408,19.648138910720164,17.692584437579605,17.493496309686385,country,忧郁,4
-23.20192527770996,71.15686798095703,1.5760129690170288,24.43892478942871,16.319950103759766,4.576767444610596,-3.885664463043213,17.993045806884766,-3.350504875183105,2.4355409145355225,2.915714979171753,0.8152115345001221,-1.1092840433120728,2807.9125120088343,6023.044502707776,0.1283081334879495,0.2139912694692611,0.3872219622135162,0.3239738345146179,0.4794762134552002,0.4100728332996368,0.4554080367088318,0.6417346000671387,0.4221310019493103,0.4380606710910797,0.2958625257015228,0.3834453523159027,0.4870381355285644,0.3348093628883362,112.34714673913044,21.88032848740603,15.983110180634515,19.33584071698996,19.490222162985543,19.35809155583897,17.983644075865246,18.483782589410737,country,忧郁,4
-20.817459106445312,64.90751647949219,6.767101287841797,26.357126235961918,11.665423393249512,13.185628890991213,-1.979106903076172,8.582197189331055,0.472895085811615,7.44109582901001,-0.4149094223976135,6.945586204528809,3.660606622695923,2898.787368032488,6400.052966421972,0.1129358250290247,0.2440600842237472,0.4749507009983063,0.4291466772556305,0.3860818147659302,0.5202968120574951,0.3613884150981903,0.3855161964893341,0.3128999173641205,0.4275357723236084,0.5793954133987427,0.3989005088806152,0.4305238127708435,0.3507533073425293,103.359375,24.02703455395978,16.128659046621575,20.01899883670056,19.3745237326054,19.9804394559699,18.56470719313004,18.211418358028254,country,忧郁,4
-19.76322555541992,76.64637756347656,-4.8265228271484375,32.23871994018555,7.7104949951171875,17.183757781982422,-1.4951016902923584,9.149327278137209,2.7572665214538574,9.145537376403809,-2.6543097496032715,7.519623279571533,0.3875510394573211,2505.851670781852,5480.083979104424,0.1045625873409791,0.274344801902771,0.355684220790863,0.3620880544185638,0.2672984898090362,0.3227209746837616,0.4840263426303863,0.3806467950344085,0.3894277215003967,0.2803483605384826,0.3909517228603363,0.2985550463199615,0.2663071155548095,0.4659971594810486,129.19921875,23.68445339455292,16.32546370655034,20.941022691697984,21.092005405866185,21.40377325118089,19.40276182043417,20.085740624257657,country,忧郁,4
12.14577579498291,58.99750518798828,0.9395952820777892,26.74325180053711,9.245794296264648,3.5632030963897705,1.527202606201172,8.654257774353027,1.0029399394989014,11.647981643676758,-2.1983072757720947,1.1939830780029297,0.4853008389472961,3191.2596105890007,6926.771206325955,0.1568727846498842,0.2364569306373596,0.3435801565647125,0.3298249840736389,0.4920908510684967,0.2811872661113739,0.3551694750785827,0.4317450821399688,0.4809279143810272,0.7535151839256287,0.4644766449928283,0.4557186067104339,0.3945997059345245,0.3724813163280487,123.046875,20.326415302931515,14.988263477458062,18.621544781426707,19.18761498534429,18.71062236938445,17.713691940655156,17.107745596628472,country,忧郁,4
-197.7026824951172,106.4964828491211,-4.433529376983643,37.656394958496094,-0.8653604984283447,-0.962103545665741,-3.4531171321868896,-0.0498056299984455,-9.302802085876465,-5.17772388458252,-4.250098705291748,-3.546040773391724,-1.3531574010849,1861.4546090166984,3769.3680553037993,0.0765400685179814,0.0746705457568168,0.3555890619754791,0.2453644871711731,0.2505576312541961,0.2349105030298233,0.3667679131031036,0.3183589279651642,0.2702936828136444,0.4376262724399566,0.2798266410827636,0.2809879779815674,0.209582969546318,0.2476465851068496,123.046875,22.70730945793068,18.66388819503408,21.46772378804265,19.468032497144808,18.87100867569328,19.37093423423452,16.633071902266835,country,忧郁,4
-199.05686950683597,61.14639663696289,9.977331161499023,23.480609893798828,10.260272026062012,0.0013762884773314,8.017387390136719,1.1231515407562256,-4.898378372192383,9.487703323364258,-6.3569746017456055,3.875741958618164,1.6276603937149048,2839.25842945996,6047.924011655307,0.1101627453112915,0.0784747377038002,0.2481935173273086,0.2587776482105255,0.4073908925056457,0.267475962638855,0.2684566974639892,0.2487353086471557,0.3665464222431183,0.3798198997974396,0.2493407875299453,0.3224429190158844,0.2587316632270813,0.3349471390247345,112.34714673913044,22.73731976971194,19.04255024449267,23.438336827327294,23.12911059517664,23.286867051854813,21.07387466317309,16.99932446090243,country,忧郁,4
-141.01443481445312,123.92110443115234,-2.5103795528411865,27.954957962036133,-0.0042821848765015,1.2101255655288696,-11.015172958374023,-1.3653062582015991,-7.019753456115723,-6.12955904006958,-5.183857440948486,-2.1625635623931885,-4.59874153137207,1667.5169597765605,3439.733518525232,0.0640535878286929,0.1268875747919082,0.4290153980255127,0.2757339477539062,0.266601949930191,0.2164617925882339,0.3606279194355011,0.3928498327732086,0.3189796805381775,0.4525404572486877,0.2541331648826599,0.1722834855318069,0.1557003557682037,0.2633766531944275,89.10290948275862,23.521720018261327,17.168088874899198,20.317514850023667,19.395353410496373,19.220853466964595,18.46959553028023,17.055759603474463,country,忧郁,4
-126.20301818847656,77.66020202636719,3.1578352451324463,19.944595336914062,10.816771507263184,0.7296954989433289,5.228460311889648,-0.493031233549118,-0.995940923690796,5.395140171051025,-3.7251055240631104,-3.493330955505371,-5.336726188659668,2811.872177544087,6061.51341130728,0.1295221716695669,0.0800281092524528,0.2763579487800598,0.3696868121623993,0.2896834015846252,0.2681813240051269,0.5375932455062866,0.363955557346344,0.3489638566970825,0.3043053746223449,0.3872934877872467,0.5407391786575317,0.3541662991046905,0.3763213753700256,129.19921875,21.486474766732915,14.37233390750461,18.693661278379803,20.68652923621182,20.879584141432662,19.135012882070026,15.53079435128856,country,忧郁,4
-124.62239837646484,72.49064636230469,16.715553283691406,18.250062942504883,12.224810600280762,8.094712257385254,7.986082077026367,-0.5102592706680298,2.3697214126586914,-0.5687946677207947,-5.568814277648926,0.5433139204978943,-5.056864738464356,2952.9885811173413,6570.3581559962295,0.1247839931361175,0.092618204653263,0.249929666519165,0.4367783367633819,0.4282823204994201,0.377742052078247,0.4762231111526489,0.3292133808135986,0.3297772407531738,0.2332553565502166,0.3551766872406006,0.5130576491355896,0.3340334296226501,0.3172191679477691,135.99917763157896,22.69284173836081,16.399348815752102,20.69032451980115,20.453710559648744,19.695285962263235,17.770906994434167,15.280115170137272,country,忧郁,4
-116.19743347167967,111.75399017333984,-5.24535608291626,33.98963928222656,-12.460973739624023,4.241429328918457,-14.408440589904783,8.494256973266602,-8.198440551757812,-1.3370373249053955,-12.551116943359377,-5.001109600067139,-2.13934588432312,1958.9864228599772,4208.1924190654,0.0942363930781129,0.1047398447990417,0.3378777801990509,0.3177804350852966,0.3777044415473938,0.7605422735214233,0.3644408583641052,0.3031982481479645,0.3208970725536346,0.3061196804046631,0.404933750629425,0.3272418677806854,0.4229552149772644,0.3113496899604797,151.99908088235293,25.26399101745916,13.95953373895658,16.882364979757956,18.68347842400772,18.68604886346879,17.892721230310382,19.78745833995118,country,忧郁,4
-210.1004180908203,139.62176513671875,-17.025503158569336,57.99346160888672,-9.658052444458008,-1.9567310810089111,-17.993432998657227,-8.213173866271973,-11.76938533782959,-7.876311779022217,0.6242502927780151,-9.96292495727539,-6.469420909881592,1426.0207482117,2880.8278236477668,0.0601952973946249,0.0798066258430481,0.4789347052574157,0.23966945707798,0.1993484646081924,0.1531144082546234,0.3226554989814758,0.6175612211227417,0.3346232175827026,0.2787699997425079,0.2233472317457199,0.3684676885604858,0.372882217168808,0.2822892963886261,107.666015625,25.18310586219368,17.814881376682045,22.01116327925659,19.572050719142823,17.15765849528268,18.506638573152586,16.92804406402907,country,忧郁,4
-171.32308959960938,137.33297729492188,7.95475959777832,28.533639907836918,2.6904237270355225,-0.5032651424407959,-2.956709384918213,-1.1481971740722656,-6.15258264541626,-2.3970329761505127,-5.85490083694458,-2.1742196083068848,-5.340976715087891,1470.2190431491572,2967.8432809781034,0.0638700575212683,0.0886793956160545,0.243770495057106,0.385576069355011,0.5562794804573059,0.3446776866912842,0.422014832496643,0.2808392345905304,0.4074699878692627,0.395101398229599,0.2766678929328918,0.4043008387088775,0.2475878894329071,0.3228110671043396,89.10290948275862,22.15436395440452,14.46243200354568,19.67746863821662,19.60553413494231,20.39205625709012,19.336065962717683,15.601996535372072,country,忧郁,4
-131.15769958496094,102.98625183105467,-11.529914855957031,17.738117218017578,16.9486026763916,4.441824436187744,1.297201156616211,3.41347599029541,-1.5013238191604614,1.6068559885025024,-7.989871025085449,-0.829896867275238,-8.880280494689941,2068.869796587892,4098.677845399507,0.0955890794180201,0.0967596471309661,0.5737066268920898,0.3621332347393036,0.3118705451488495,0.2616555094718933,0.3604269325733185,0.5146538019180298,0.3217521607875824,0.4098611176013946,0.3131485283374786,0.3941156268119812,0.2942425608634949,0.3207753002643585,86.1328125,22.251516413194818,17.73167282887166,18.965500796607163,20.2395365960778,21.632862771909853,20.44308447392835,17.49044912835728,country,忧郁,4
-256.0997009277344,163.07937622070312,-22.860849380493164,26.92572593688965,15.29462432861328,-3.506046772003174,4.223812580108643,-0.7875759601593018,-9.46112823486328,1.7529934644699097,-4.427716255187988,-3.6453375816345215,-4.250097751617432,1138.970375102019,2118.197709723028,0.0509447656854215,0.0820086747407913,0.3791675567626953,0.2572875916957855,0.2869770526885986,0.2438179850578308,0.3318470120429992,0.2941925823688507,0.3320547640323639,0.4662165939807892,0.2868923842906952,0.2857151627540588,0.2577362060546875,0.3668057918548584,123.046875,22.94348623614745,18.84608320368229,21.764290453788885,20.64720252194212,21.491729862180087,21.71866431446465,15.23625155215371,country,忧郁,4
-161.19606018066406,74.76473236083984,22.419219970703125,46.0118293762207,5.280712127685547,25.113439559936523,-0.5761165618896484,10.385748863220217,-6.833754062652588,5.054583549499512,-0.7702397108078003,1.4034671783447266,-6.012322425842285,2407.9531761672592,5212.450718713747,0.0868045485305491,0.1051742658019065,0.3170748353004455,0.312108427286148,0.46917524933815,0.3918687403202057,0.3245229125022888,0.3755935728549957,0.293111115694046,0.2685427963733673,0.2686158716678619,0.4082925319671631,0.5672914981842041,0.3893489241600036,103.359375,22.308238899880752,20.556325445889303,22.55589616720399,19.78964095757309,18.777051585645847,17.210035379903815,18.71594940221576,country,忧郁,4
-209.33364868164065,167.10169982910156,-20.841472625732425,36.80299758911133,10.272971153259276,3.995864152908325,-5.669880390167236,-4.625789165496826,-6.244420051574707,-4.174177646636963,-6.680476665496826,-3.2626216411590576,-7.968837738037109,1044.7200862613545,1947.6307596795243,0.0456491988109048,0.1097961589694023,0.3579665124416351,0.2297511249780655,0.2272970974445343,0.178032711148262,0.2887526154518127,0.3148686289787292,0.268447995185852,0.2988086640834808,0.2846415042877197,0.4278299212455749,0.3073813617229461,0.2870905995368957,107.666015625,26.496400839466585,17.649889831447613,21.710567953244716,19.309654006524227,20.02309778658483,20.531044711968505,16.3969129922738,country,忧郁,4
-195.0731658935547,114.2574462890625,0.0414755828678607,38.20061874389648,11.28605842590332,-6.046064376831055,1.2285592555999756,0.0147772105410695,-15.413630485534668,-3.5779056549072266,-6.128469467163086,-4.504781723022461,-0.1242567673325538,1719.4714520311263,3449.967202454321,0.0680572674980665,0.0750886872410774,0.2682861089706421,0.2939822673797607,0.3205896019935608,0.4404686391353607,0.3145686089992523,0.2319114804267883,0.2937893569469452,0.3182233870029449,0.3963021636009216,0.2892637252807617,0.3512023389339447,0.3419841229915619,95.703125,23.80067653642349,16.06515963112747,21.129393529972408,19.997686175385557,20.297267552593507,21.6499420959827,15.868415232711186,country,忧郁,4
-353.0911560058594,110.67462158203124,32.74344253540039,24.18994140625,18.75409698486328,5.926588535308838,-1.7344855070114136,3.8793368339538574,-2.979118824005127,-1.9010765552520752,-2.8730127811431885,-0.9832502007484436,-6.486424922943115,1495.5580556268485,3053.293292760296,0.0354636443832173,0.0388837493956089,0.3050968945026397,0.2288819849491119,0.2519214451313019,0.2459526509046554,0.3368520736694336,0.5548098087310791,0.4018780887126922,0.2885320484638214,0.2304755300283432,0.3191524744033813,0.2826000452041626,0.2190604209899902,83.35433467741936,26.94241517669688,19.982957438604696,22.767060146258725,20.70370044896904,19.556659780809444,17.132939786897786,15.544134722899075,country,忧郁,4
-200.0602569580078,109.14046478271484,-5.5424628257751465,48.1405143737793,1.219650387763977,4.592617511749268,-9.150065422058104,-1.4768000841140747,-11.66641616821289,-5.204704284667969,-11.54538631439209,4.980433464050293,-4.984466552734375,1738.8802794251512,3424.7701905996228,0.0824179476024748,0.0965507924556732,0.5198591947555542,0.2772071659564972,0.2014477401971817,0.2066786289215088,0.2152671068906784,0.2057263851165771,0.2492425143718719,0.4142485857009887,0.2171944230794906,0.184882715344429,0.201712504029274,0.3521358966827392,129.19921875,22.199268256273896,18.679068951390143,23.72951330922392,22.62461990648724,22.78694389046305,20.713430081168624,19.131569042643253,country,忧郁,4
-200.6343994140625,119.69184112548828,-3.590749263763428,31.953746795654297,9.979257583618164,15.29326343536377,0.6465809345245361,0.235924482345581,-4.470190525054932,-2.312380313873291,-5.261340618133545,-2.478390693664551,-6.041272163391113,1565.155663257242,3188.704332674739,0.0572769389259474,0.0798801705241203,0.372094988822937,0.3256294429302215,0.3540298342704773,0.3271187543869018,0.3808367550373077,0.24858920276165,0.3364934027194977,0.4322111010551452,0.3296575248241424,0.3278932869434356,0.2951162159442901,0.4382811486721039,143.5546875,23.445713726983183,19.652658254726493,21.97198595723281,19.399080073197915,20.03571419086769,17.785008878497884,16.56011174416937,country,忧郁,4
-194.235107421875,151.79347229003906,-3.045004367828369,29.494707107543945,9.111863136291504,5.9693474769592285,3.7879228591918954,3.759901523590088,-5.853435039520264,1.5923064947128296,-3.765780925750733,0.9401923418045044,1.9712700843811035,1270.301226914328,2498.192962858904,0.0548041890226218,0.1005022898316383,0.3404518365859985,0.2998252213001251,0.4791754484176636,0.2920849025249481,0.2404142767190933,0.1940007805824279,0.3448466956615448,0.3807982802391052,0.2623550593852997,0.4149317145347595,0.2833320498466491,0.4260710775852203,107.666015625,22.2021258209477,17.943425545309267,21.16731069604971,21.786632818150427,21.024812061483612,18.914568285965235,15.775366359386638,country,忧郁,4
-100.76679229736328,106.98420715332033,-27.158416748046875,29.099830627441406,5.0396809577941895,-5.423926830291748,3.2426602840423584,-5.179370880126953,-5.1185832023620605,-0.8158500790596008,-3.834214687347412,-2.7052552700042725,-6.645411014556885,2011.7251476004385,3907.751776392112,0.0973503661542923,0.1165514662861824,0.2672760784626007,0.3642912209033966,0.3319756090641022,0.4006053209304809,0.5926682949066162,0.3932311534881592,0.3299645185470581,0.2891342937946319,0.4509738087654114,0.5626846551895142,0.3610771894454956,0.3578954637050628,92.28515625,29.738578287490387,16.01189834309522,18.45628666010944,17.866379583195013,18.112114962350496,20.604122298925898,15.128859222469462,country,忧郁,4
-169.22511291503906,132.7867889404297,-13.487546920776367,31.18621253967285,6.340468883514404,-3.755664587020874,-2.0590016841888428,-3.625316858291626,-4.561240196228027,1.280982494354248,-6.977039813995361,-7.252835273742676,-1.395025610923767,1474.2739870616333,2925.9676125652554,0.0598153972109435,0.0940691828727722,0.2244886755943298,0.3438624739646911,0.4130789637565613,0.2715222835540771,0.3400546610355377,0.3242637515068054,0.4487859010696411,0.3651334941387176,0.2731204032897949,0.3658841550350189,0.215947151184082,0.2332495152950287,89.10290948275862,27.644738555441485,17.317897560069696,20.87708852925714,20.26444783670195,20.4437122204798,21.45279747600937,16.262128493891428,country,忧郁,4
-171.24200439453125,160.4872589111328,-17.805805206298828,30.491003036499023,7.510969638824463,-8.24746322631836,-5.667515754699707,0.1315497756004333,-8.835052490234375,-2.65570330619812,0.7119977474212646,-3.781826257705689,-6.502073764801025,1214.2001323890852,2274.3092689602668,0.0542105477813225,0.1170655936002731,0.2693805396556854,0.3948057293891907,0.3184607625007629,0.3748522996902466,0.3228483498096466,0.4374319911003113,0.3281422257423401,0.2516761720180511,0.3933270275592804,0.2615905106067657,0.2093459069728851,0.1578252017498016,89.10290948275862,20.970929165682755,16.938298967470143,20.84955774784577,19.76407473993717,18.72955503729729,21.142385934572232,16.942989938613675,country,忧郁,4
-277.1075744628906,128.2529296875,42.42516326904297,37.693504333496094,12.766558647155762,9.593896865844728,-5.988017082214356,-7.539554119110107,-8.034139633178711,-4.942542552947998,-6.532015800476074,-3.627644300460816,-7.227562427520752,1240.7101460307977,2413.3841176044084,0.0428343121616396,0.0795820578932762,0.0474394112825393,0.1303022056818008,0.3481541275978088,0.1761942207813263,0.2296067327260971,0.1456766277551651,0.2610370814800262,0.2784550189971924,0.2221616953611374,0.5091872215270996,0.2045273184776306,0.1037440001964569,161.4990234375,25.28997324567109,19.86105839315992,26.176988140414192,24.060967373702724,22.731243289234563,19.79436174467879,16.675072590093336,country,忧郁,4
-130.48167419433594,104.12419891357422,-19.271059036254883,34.14787673950195,5.397541046142578,-2.171722888946533,-0.7280454039573669,-2.907891273498535,-5.462085247039795,4.069365501403809,-4.469831943511963,3.525730609893799,2.1481220722198486,2053.1842219986365,4094.547733740574,0.0953251129882057,0.1007965058088302,0.5477679967880249,0.2592791020870209,0.2713653147220611,0.1681073606014251,0.2645410597324371,0.3527696132659912,0.2671806216239929,0.4904203116893768,0.2489524930715561,0.3130035102367401,0.2903795838356018,0.2876431941986084,112.34714673913044,19.48051859689167,19.124486822938,23.700010133863348,21.98943807247419,21.49262052080829,22.90749106996314,17.908701475677564,country,忧郁,4
-237.9395294189453,97.7332992553711,6.4867448806762695,45.97126770019531,2.148812294006348,16.21855926513672,8.811720848083496,7.763634204864502,-0.5899204015731812,4.483778953552246,0.1491990536451339,3.019926786422729,-1.662581205368042,1823.2405420958116,4016.0006706786544,0.0675863574294276,0.0605069994926452,0.3768210113048553,0.2878803312778473,0.2132808119058609,0.29949951171875,0.4909485280513763,0.347275048494339,0.2859062850475311,0.2151477187871933,0.2733254730701446,0.3112679719924927,0.346085250377655,0.525458037853241,99.38401442307692,28.208932160400643,21.29920497063541,24.326521536142927,23.502985059988177,23.31705927997624,22.3899168202716,20.21753510842862,country,忧郁,4
-133.27146911621094,78.9800033569336,-5.65168046951294,35.542171478271484,-7.547013759613037,7.928213119506836,2.7289066314697266,0.4022509455680847,-1.1442519426345823,-1.1125527620315552,-7.844962120056152,-1.171491265296936,-4.817747592926025,2456.7182165816203,4914.87450832004,0.1236318306506187,0.1045934036374092,0.2374897301197052,0.2540177404880523,0.2056308835744857,0.3649510443210602,0.3545136153697967,0.292181134223938,0.4641322791576385,0.2806305885314941,0.356643944978714,0.2437246143817901,0.2940852642059326,0.4542024731636047,92.28515625,25.52554081548484,17.25886266570208,21.901375786853656,21.40060388678283,21.78104530155457,21.06964993856887,17.95625888023012,country,忧郁,4
-153.86862182617188,83.66914367675781,-8.426156997680664,13.954345703125,13.531211853027344,3.766593217849731,3.0097830295562744,6.355865955352783,2.07790207862854,2.068880796432495,3.168486833572388,-0.4843805730342865,-3.025616407394409,2614.344099768441,5435.626631380511,0.1192822378915313,0.0782329589128494,0.2783803939819336,0.353482723236084,0.4532177150249481,0.3515475690364837,0.3954822123050689,0.3509975075721741,0.3817682862281799,0.3266203701496124,0.3036739528179168,0.4958729147911072,0.3239907324314117,0.2952089011669159,135.99917763157896,27.2533437138939,16.148594719067518,19.361491460415547,19.36509117360668,19.120604528705584,18.150096308453705,15.058459682238096,country,忧郁,4
-120.41706848144533,95.35442352294922,-6.025269985198975,25.163818359375,20.95363426208496,-7.127004623413086,8.549671173095703,2.433668851852417,-14.656024932861328,9.286930084228516,-2.3609251976013184,-3.1556684970855717,0.6114373803138733,2321.8879492685483,4580.651883791328,0.1043653023491879,0.0999282151460647,0.4254257082939148,0.2990857660770416,0.2939600944519043,0.2778958082199096,0.462069422006607,0.5493124127388,0.3383691310882568,0.383420467376709,0.3336299359798431,0.4296244382858276,0.3954797983169555,0.3222889900207519,99.38401442307692,23.77527067653271,17.122635751940148,20.36816587897467,19.526453024849964,18.00025358796545,22.13338885861902,16.803751935932365,country,忧郁,4
-339.64666748046875,97.73859405517578,-9.76349639892578,50.97268295288086,7.814855098724365,11.72110080718994,0.67392498254776,2.4926815032958984,-4.774001598358154,0.2095191031694412,-5.979657173156738,-2.9014666080474854,-6.158287525177002,1827.8001725934416,3647.521434527262,0.0848665289056457,0.0227609686553478,0.3695344924926758,0.5966700315475464,0.3655866384506225,0.312306135892868,0.2181561440229416,0.3013167679309845,0.196295753121376,0.3141041398048401,0.6202409863471985,0.365325391292572,0.2452858537435531,0.231409341096878,112.34714673913044,25.683354626338485,21.52821244458255,23.69937964335104,22.792637955903004,21.448170879425323,21.28490746286693,18.66241847773401,country,忧郁,4
-173.44346618652344,105.07096099853516,1.1555923223495483,24.11549949645996,22.13428497314453,2.5480732917785645,-1.589373230934143,0.1664440482854843,-5.327747344970703,3.813227415084839,-4.526458740234375,-4.588154315948486,-1.5657426118850708,2068.662126290897,4232.98974269504,0.0849643362093967,0.072048120200634,0.3346685171127319,0.3990340530872345,0.3363299071788788,0.433554857969284,0.353965163230896,0.3930630087852478,0.3393726050853729,0.3034006655216217,0.4153177440166473,0.3970631957054138,0.4569674730300903,0.3245795965194702,99.38401442307692,21.2212951724868,17.114242767071087,20.132905625316525,18.693883081905344,20.12946098831544,18.53525020179023,15.622818316044285,country,忧郁,4
-118.05889892578124,74.18070983886719,8.26566219329834,15.44716739654541,6.157881736755371,8.441980361938477,4.111673831939697,5.726583957672119,-1.9592636823654173,3.163398504257202,5.048195838928223,-1.1217972040176392,2.4379732608795166,2860.0275833530027,6246.1527176080335,0.1211492622534802,0.0908899381756782,0.4962264001369476,0.3705559372901916,0.4321274757385254,0.3408617675304413,0.4203869700431824,0.327037900686264,0.362795740365982,0.3941803872585296,0.2461911290884018,0.2853666543960571,0.2886068820953369,0.4427199363708496,151.99908088235293,21.31640012974076,16.165171638077076,19.722346195753435,20.39307449237864,19.69747379406621,17.599794572855306,16.202218839152945,country,忧郁,4
-89.70954895019531,36.28278350830078,11.465645790100098,37.49739456176758,9.179835319519045,3.7314453125,2.8276619911193848,6.817220211029053,1.4637537002563477,0.0984007343649864,1.0316733121871948,1.1726795434951782,-3.568035364151001,3760.408113053086,7442.153116389936,0.2123672237529002,0.0963256880640983,0.4305325448513031,0.6495246291160583,0.458976149559021,0.4507860243320465,0.6284803748130798,0.3801821768283844,0.3937985002994537,0.3462918996810913,0.3952009975910187,0.4807338416576385,0.2923448979854584,0.3459013402462005,123.046875,23.70616659189745,14.611312350566417,20.739169903231133,19.656362365128285,20.08210480916929,17.85388170213408,16.23176714242517,country,忧郁,4
-102.86876678466795,85.3385238647461,-4.32037878036499,30.584402084350582,3.014871597290039,-1.94874370098114,4.437098026275635,3.4139795303344727,-4.2582783699035645,-1.7707371711730957,-3.967840671539306,-1.3573309183120728,-3.760347604751587,2449.7536777060777,5042.957930775087,0.1063055877803557,0.1090000793337822,0.3497447669506073,0.4196488559246063,0.5621703267097473,0.344494879245758,0.33534637093544,0.2409456521272659,0.3411983251571655,0.4285057783126831,0.3550640046596527,0.4327651262283325,0.2937084138393402,0.3778663277626037,143.5546875,26.59990617417483,15.483997690011128,18.829898398809927,18.862140851600422,17.345453746603564,18.707786866646384,15.875211803548526,country,忧郁,4
-111.62213897705078,82.2491455078125,13.051350593566896,31.92533493041992,23.6848258972168,-0.5329458713531494,12.033108711242676,3.662160396575928,-5.739371299743652,3.341915369033813,1.4315192699432373,0.7713819146156311,0.5497471690177917,2634.223606489956,5808.127730296549,0.0958602209010054,0.1132174804806709,0.3631429076194763,0.3477210700511932,0.3876975774765014,0.4304453134536743,0.4897911250591278,0.3000310659408569,0.2751431465148926,0.3311968743801117,0.472087949514389,0.617621660232544,0.4021130502223968,0.3860013484954834,129.19921875,23.315132692913167,16.45483360795448,19.5660539483426,18.021449210709804,17.73237807097493,19.30545209176622,15.403830873910598,country,忧郁,4
-101.2879409790039,84.11575317382812,7.775730609893799,30.372737884521484,13.849443435668944,11.625495910644531,-0.119096465408802,-4.936893463134766,-2.364722728729248,-1.9683380126953125,-8.188102722167969,2.8200759887695312,0.5401415228843689,2387.97203880899,5391.869097574681,0.0870443463602088,0.1176661774516105,0.4523103833198547,0.4319259226322174,0.4173320531845093,0.3256153762340545,0.4133822023868561,0.3098114728927612,0.2432339191436767,0.3131463825702667,0.3776715397834778,0.5494745373725891,0.4559851586818695,0.4099898934364319,103.359375,28.252071952905258,16.61121841707394,20.19910129442474,18.31638004977697,18.91180016624338,17.747639415858153,15.786261850856109,country,忧郁,4
-101.1926727294922,85.44992065429688,-19.70174217224121,20.57063102722168,9.992323875427246,7.598466873168945,0.1001566126942634,3.403209924697876,0.056307416409254,1.5763916969299316,-1.4527314901351929,-1.2911733388900757,2.135674476623535,2530.4998439482647,5070.286613163428,0.1342852740719257,0.0949725061655044,0.3635354936122894,0.375901460647583,0.501563310623169,0.3407060205936432,0.3890710473060608,0.2987216413021087,0.4167602658271789,0.4250814914703369,0.395539790391922,0.6596929430961609,0.3163145780563354,0.3545475006103515,135.99917763157896,19.54255897453085,15.21793417517642,19.361587079609485,19.446022533089327,20.4015953076246,18.020771902480156,16.10169589847854,country,忧郁,4
-162.78079223632812,119.89014434814452,-2.9078404903411865,20.508928298950195,27.81016159057617,5.490170001983643,6.040868282318115,1.191266655921936,-3.696574926376343,0.3522786796092987,4.416835308074951,-0.4102477431297302,2.456137418746948,1729.7885870910534,3359.521087858904,0.0665036796693735,0.1136431768536567,0.295618325471878,0.3605746626853943,0.2692472338676452,0.4463853240013122,0.3933075666427612,0.2578883171081543,0.4102812111377716,0.3449456691741943,0.4583207368850708,0.3969220519065857,0.3328005373477936,0.3548716008663177,151.99908088235293,22.74098115221604,18.90997811796069,24.026884056075897,22.682965180079524,22.904559904612164,22.359174738060428,17.622846695766885,country,忧郁,4
-61.22266387939453,71.25141906738281,-17.03792381286621,17.11426544189453,5.051262378692627,-4.211960315704346,-1.6805952787399292,1.181888461112976,-0.8543820977210999,4.96776819229126,-1.7029342651367188,4.84189510345459,-0.16024249792099,2777.4882405051285,5622.539164461282,0.1329707288041376,0.1465869694948196,0.3109943568706512,0.2893471717834472,0.3232524394989013,0.5441288352012634,0.3041947782039642,0.2918873727321625,0.2581544518470764,0.384537935256958,0.4531588852405548,0.3175598382949829,0.3852984011173248,0.2839247286319732,151.99908088235293,23.278329482849347,16.88803336048179,20.032192904842688,18.2914761923164,18.704662517840664,18.40000764430077,16.305569431003757,country,忧郁,4
-126.90666198730467,103.49356842041016,-31.8978214263916,58.72883605957031,-1.961522102355957,-3.1359188556671143,-2.942936897277832,0.3602377474308014,-3.0343480110168457,-0.8273261189460754,5.58687162399292,-10.137715339660645,0.7289897203445435,2109.417730689385,3843.893255601073,0.1158846613979118,0.1032949313521385,0.2334467321634292,0.3672983348369598,0.40671306848526,0.3591188788414001,0.5566785931587219,0.4547867476940155,0.4013779163360595,0.3329039216041565,0.4273631572723388,0.4840705692768097,0.2593347430229187,0.2070172727108001,151.99908088235293,27.472987583116023,16.445462285330603,20.5696605974629,19.310969845267085,19.44440104713161,21.59454803909368,17.374431022795555,country,忧郁,4
-165.5442352294922,117.90447235107422,-33.605472564697266,42.59893035888672,-1.3801003694534302,3.8279640674591056,7.166964054107666,-7.171044826507568,-1.6472125053405762,0.8621200919151306,-12.51009750366211,2.884921073913574,-12.365842819213867,1784.0387310049896,3556.059445693156,0.0941000670678654,0.090626560151577,0.4670239686965942,0.2587590217590332,0.3467261791229248,0.232741966843605,0.2866347730159759,0.2681190371513366,0.2643463611602783,0.5305963754653931,0.3196203410625458,0.2565880715847015,0.1921381056308746,0.2999617457389831,151.99908088235293,26.465097847121992,17.54194466397658,21.0611263052031,22.218127713932844,22.31433951001597,24.37722183981347,17.41345970347715,country,忧郁,4
-148.9879608154297,107.24359893798828,11.189903259277344,26.69613647460937,11.397692680358888,-3.8045828342437744,14.020328521728516,-5.876818656921387,-11.048489570617676,2.797104597091675,-8.450596809387207,3.1810462474823,-0.7678391337394714,1939.8088633748253,4126.805904237964,0.0639637108468677,0.1168887466192245,0.3248611986637115,0.277602344751358,0.3296493291854858,0.279665470123291,0.296497106552124,0.4974118769168854,0.2758985459804535,0.2207588255405426,0.1893056780099868,0.2688615024089813,0.4383597671985626,0.335574597120285,117.45383522727272,29.390926564489103,17.037887877175176,20.8264818859896,18.27125852601463,18.67053892296064,21.543175327048274,16.363573644287573,country,忧郁,4
-110.04325103759766,134.7767791748047,-24.01736831665039,19.40414047241211,-4.4027628898620605,-4.810311794281006,-7.802365779876709,-0.3913302719593048,-5.40698766708374,-2.956292152404785,0.7801952362060547,-4.774831771850586,-0.1785104423761367,1599.911202685332,3006.7296145410382,0.0757919748163186,0.14351886510849,0.2902290225028991,0.205882579088211,0.4398447871208191,0.324803739786148,0.3147491216659546,0.2429463565349578,0.3033044040203094,0.425315111875534,0.2695021331310272,0.3305544257164001,0.3055289089679718,0.4339216351509094,112.34714673913044,24.857764723059137,16.257533745266194,19.61783501387112,19.50318634393716,18.782624386443967,19.44227231227672,16.119597725397874,country,忧郁,4
-143.0597381591797,121.87437438964844,-13.355456352233888,47.767852783203125,-12.669740676879885,23.36755752563477,-11.009172439575195,18.8591423034668,-13.70774745941162,15.945981979370115,-11.35879611968994,10.28953742980957,-6.009820938110352,1780.2063536153105,3875.043956641531,0.0789452218677494,0.1093697398900985,0.4768100380897522,0.2975650429725647,0.3870542347431183,0.3083189725875854,0.3985203802585602,0.301945298910141,0.269123911857605,0.4165959656238556,0.3282743692398071,0.4452560544013977,0.2826292216777801,0.3016245067119598,117.45383522727272,19.783256454790852,17.80961845159637,20.59700844087432,20.564387580750047,20.37421146529861,19.320706767593595,39.145958277472666,country,忧郁,4
-204.64370727539065,121.9170913696289,-17.759082794189453,46.32514572143555,-1.804566502571106,17.017440795898438,-14.691548347473145,14.671546936035156,-19.392051696777344,10.927664756774902,-13.475388526916504,1.1953375339508057,-6.209474563598633,1553.0252624967882,3167.3210126341355,0.0592791563950116,0.090308241546154,0.2253894209861755,0.1267516762018203,0.1014056727290153,0.2287483960390091,0.3806268870830536,0.2788078486919403,0.293691873550415,0.246169701218605,0.4015690386295318,0.3786022663116455,0.2741121053695678,0.3599334061145782,129.19921875,23.979861509148503,22.54236160987041,24.405131690640854,22.81261820471893,23.33640044089309,22.43980167469553,37.07262458239824,country,忧郁,4
-265.2709045410156,138.86660766601562,6.128691673278809,47.47786331176758,-2.3875465393066406,21.051250457763672,4.090743541717529,17.650291442871094,-12.01880168914795,15.490483283996582,-1.1288179159164429,7.895354270935059,0.5013676285743713,1115.679701025284,2347.685365610499,0.0354628891144624,0.0694913119077682,0.4625573754310608,0.2576035857200622,0.2232315242290496,0.2555401623249054,0.4441524147987366,0.5458828806877136,0.3555423021316528,0.3945527672767639,0.2773857712745666,0.2623090744018554,0.2041001915931701,0.2642562389373779,112.34714673913044,22.37263773585891,20.68095317945716,23.197522710143616,22.25532931266131,21.34112283513795,21.796211420575585,33.81614237316504,country,忧郁,4
-84.68878936767578,100.96957397460938,-16.019012451171875,51.74445343017578,-17.086820602416992,22.575502395629883,-20.297760009765625,18.90978240966797,-19.486066818237305,15.338604927062988,-17.739526748657227,8.58395004272461,-15.003451347351074,2271.8519286411943,4957.865973027842,0.1083081828837973,0.1335271000862121,0.2858165502548218,0.3245839178562164,0.3803645372390747,0.3685508966445923,0.598827600479126,0.3419695198535919,0.3064315021038055,0.3565536439418793,0.346263438463211,0.5380676984786987,0.3511957228183746,0.2820830941200256,89.10290948275862,20.08050705468839,15.248351313820072,19.05382709357915,18.54598950066991,18.528608712639397,17.440211857933363,42.346563145413015,country,忧郁,4
-175.0096435546875,115.71355438232422,5.100793838500977,58.1680908203125,-3.307455539703369,29.656007766723636,-10.033720970153809,19.659372329711918,-16.31183624267578,13.744991302490234,-8.83457088470459,7.22251558303833,-8.883325576782227,1654.4094237766933,3907.9599473426624,0.0601847236320572,0.1042778119444847,0.2526561915874481,0.2094495743513107,0.4057095050811767,0.3987169563770294,0.300765186548233,0.3218743205070495,0.2479709982872009,0.3513834476470947,0.3106743395328522,0.3010016083717346,0.4088120460510254,0.2437085211277008,75.99954044117646,22.083019477343534,21.339994833908573,22.81921076057298,20.99756358430799,21.80278804411316,20.060166725892078,38.9117236974206,country,忧郁,4
-82.94549560546875,122.5311279296875,-16.672252655029297,40.01723861694336,-15.01421070098877,21.67564392089844,-18.2518367767334,18.362712860107425,-17.989063262939453,16.9892520904541,-16.042936325073242,8.533766746520996,-8.709853172302246,1881.2205095617792,4111.442888087297,0.0811154866347641,0.1549708992242813,0.3025184273719787,0.3125354945659637,0.260115772485733,0.4058381021022796,0.4698174297809601,0.2761578857898712,0.3162469863891601,0.2955099642276764,0.4782440960407257,0.3701881468296051,0.3247169852256775,0.4735138714313507,129.19921875,20.462588375158933,15.862124147234873,19.54737093889873,19.57074706009084,19.44355862781965,17.84498098490666,41.061725705114114,country,忧郁,4
-164.78546142578125,123.44315338134766,4.224730491638184,48.80087661743164,-5.1533308029174805,22.848054885864254,-7.809706211090088,19.28812026977539,-11.021053314208984,21.25664710998535,-9.74107265472412,5.161777973175049,-6.143531799316406,1468.457465978388,3212.660645664153,0.0549250320233952,0.13616843521595,0.3617763221263885,0.2479183822870254,0.2080434113740921,0.1553444266319275,0.2722897231578827,0.6047756671905518,0.3641064465045929,0.2882733941078186,0.2774956226348877,0.4324752986431122,0.3761702477931976,0.2408856600522995,129.19921875,24.44739590731949,19.78664657807186,23.526662778247776,22.901341039768237,23.06881895824394,22.20119642555957,39.41820457507079,country,忧郁,4
-137.86004638671875,121.52003479003906,-13.279322624206545,43.32895278930664,-10.695388793945312,17.859846115112305,-7.950050830841064,9.101156234741213,-19.791091918945312,9.44209098815918,-19.604745864868164,6.905621528625488,-12.549705505371094,1741.888486282652,3791.309273491879,0.0754453064578499,0.1300695240497589,0.287827581167221,0.3580057919025421,0.2330105155706405,0.3692229092121124,0.2307448536157608,0.2485565394163131,0.2638619542121887,0.2793555557727813,0.5625497698783875,0.398262083530426,0.333830714225769,0.2155631631612777,135.99917763157896,29.96280992914416,18.24719949396852,22.36565576347961,21.50302096480273,20.719875953630623,20.906139353289248,38.92611500686516,country,忧郁,4
-101.29830169677734,120.43597412109376,-0.4128393530845642,49.037696838378906,-15.870199203491213,19.877580642700195,-13.0966215133667,18.572927474975582,-15.718035697937012,15.243731498718262,-5.9167094230651855,6.655969619750977,-10.362753868103027,1796.711976232924,4165.017763921113,0.0732871259909126,0.1637807786464691,0.3226402401924133,0.212865799665451,0.3185804784297943,0.5221744775772095,0.3462890386581421,0.4103373289108276,0.2865720987319946,0.3166403174400329,0.2690503299236297,0.2950212657451629,0.5648796558380127,0.3137099742889404,112.34714673913044,26.943027491720088,16.879188030350978,20.463700765812607,20.13709705686821,18.711198027429248,18.003847994566627,40.63973291201983,country,忧郁,4
-185.06336975097656,120.5121078491211,29.720224380493164,56.37221908569336,-3.028254508972168,22.21393394470215,-10.35004425048828,20.05312156677246,-13.679162979125977,9.17014503479004,-6.430171489715576,3.300246477127075,-8.732939720153809,1535.405936256092,3510.478334360499,0.0525349840487239,0.1454228907823562,0.1875258982181549,0.1342740207910537,0.2145907580852508,0.3944423496723175,0.2574758231639862,0.3204624652862549,0.2748152911663055,0.449037492275238,0.4277938604354858,0.2903511226177215,0.2888452708721161,0.1729233860969543,135.99917763157896,26.56055193473566,20.78791962662166,25.183150020678585,22.35728952667339,21.057351922363974,19.38052227682579,38.60292556820074,country,忧郁,4
-178.4794921875,130.1080322265625,12.07606601715088,47.04983139038086,2.6116671562194824,24.09943389892578,-4.625374794006348,22.778528213500977,-10.929765701293944,13.534307479858398,-6.806914806365967,8.726393699645996,-6.095906734466553,1373.628372500732,3070.4965401138343,0.042916258821539,0.140973150730133,0.4870207905769348,0.2703115046024322,0.2319967001676559,0.2198601961135864,0.3527518510818481,0.490805983543396,0.4196619093418121,0.4470364451408386,0.3326266705989837,0.3311731219291687,0.2475771456956863,0.2743957042694092,69.83741554054055,27.471318715294743,20.327996279758175,22.516515317186165,20.81216675847756,21.467470146463707,20.269823447141302,38.05827642985717,country,忧郁,4
-186.3311462402344,135.86915588378906,5.950401306152344,45.837703704833984,-5.776936054229736,22.777603149414062,-12.992676734924316,17.12588119506836,-13.762872695922852,9.738706588745115,-8.365435600280762,6.6548285484313965,-9.085711479187012,1397.8552412349427,3101.2558797672564,0.0485830402890564,0.1072091981768608,0.1506657004356384,0.2989341616630554,0.4374719560146332,0.2556981146335602,0.2916077077388763,0.1594976037740707,0.2385040819644928,0.2893419861793518,0.392356276512146,0.6775434613227844,0.3522721827030182,0.231034442782402,123.046875,27.573957652855224,19.04388178882434,23.542564733698413,21.17041596136631,21.592476727305595,19.88363177412691,37.30865090453423,country,忧郁,4
-94.15290832519533,109.18757629394533,-11.854669570922852,41.572715759277344,-19.48259925842285,23.833261489868164,-19.930463790893555,20.37279510498047,-17.291353225708008,16.56532859802246,-10.201441764831545,9.387508392333984,-10.049827575683594,2166.605873872704,4793.95216656395,0.1023355175705723,0.1301247626543045,0.3350047171115875,0.3869044184684753,0.5766118168830872,0.4264223873615265,0.4424719214439392,0.3988727331161499,0.3467702567577362,0.3144316375255584,0.3611424267292022,0.5273613929748535,0.2820327877998352,0.2856722772121429,89.10290948275862,22.206589147364205,14.486756687365,18.9125590165625,19.17256601655733,19.001268032354453,17.341183733979243,41.587969229693954,country,忧郁,4
-185.41427612304688,118.4951629638672,17.7957763671875,48.86901473999024,-2.1734654903411865,21.35428237915039,-8.994564056396484,20.533510208129883,-11.412322998046877,9.274986267089844,-5.478168487548828,5.761849880218506,-2.988394021987915,1614.587918187712,3657.921655216792,0.0582580330384764,0.1314034014940261,0.2937930822372436,0.3800634741783142,0.4755395948886871,0.3328924775123596,0.3783754706382751,0.2874734699726105,0.3861366808414459,0.2819231450557709,0.2191763520240783,0.2836962640285492,0.2994464039802551,0.3887107372283935,83.35433467741936,20.504120814722203,18.73919448935585,22.87182915422156,22.40035811442902,21.59241687322393,19.635063532965948,38.14797063722244,country,忧郁,4
-217.81781005859372,128.3734130859375,-7.511242866516113,39.28459548950195,-2.541402101516724,18.17368698120117,-15.148812294006348,16.76080322265625,-15.247552871704102,4.896236896514893,-6.500651836395264,2.9013941287994385,-11.492000579833984,1511.6824075794038,3237.6494865683003,0.0600752096626063,0.0825498402118682,0.313865065574646,0.2153427004814148,0.2361414730548858,0.2562192976474762,0.3320350348949432,0.5466318726539612,0.2787414491176605,0.2873774468898773,0.2105567902326584,0.1926909387111663,0.1537090688943863,0.1385276913642883,135.99917763157896,23.022693212233808,21.26206134013832,25.767679007571918,24.21240349720828,23.415426126818787,21.161074387521676,36.35913064550401,country,忧郁,4
-250.85716247558597,163.07423400878906,-3.874575614929199,30.15300750732422,5.589060783386231,7.500940322875977,4.026386260986328,-2.116412878036499,-5.477513313293457,-1.062121033668518,-9.98177719116211,1.8189913034439087,-8.753830909729004,894.5392325301327,1639.8291921947505,0.0386682497099768,0.1105286478996276,0.2451067566871643,0.227486565709114,0.1405231803655624,0.2042216956615448,0.3165826201438904,0.285365879535675,0.3569590747356415,0.2785959243774414,0.3763810992240906,0.3346381187438965,0.2672936618328094,0.3602484762668609,123.046875,28.491524745175685,21.317966468393653,23.01818121983213,22.04566694922492,22.21871663290544,22.273670994811106,30.46829676969071,country,忧郁,4
-102.48180389404295,135.68374633789062,-46.88444519042969,32.738887786865234,-11.159095764160156,23.46954345703125,-9.779006958007812,16.897071838378906,-11.684481620788574,13.215306282043455,-7.182966709136963,4.746215343475342,-8.193245887756348,1701.962005788988,3244.66068418286,0.0989043316173627,0.1364449858665466,0.1679138541221618,0.2483933568000793,0.3315837383270263,0.2343478500843048,0.4513725340366363,0.2591570913791656,0.3257210850715637,0.3554099798202514,0.3134725987911224,0.658451497554779,0.2704415321350097,0.2317553907632827,112.34714673913044,23.470169428243267,14.954570231805723,18.673187914302428,21.226647088038497,20.579062251269782,19.815695425773853,38.9560708697462,country,忧郁,4
-328.71905517578125,167.0304718017578,13.01728630065918,28.825632095336918,11.25177001953125,14.431291580200195,11.699711799621582,7.80141544342041,-11.720728874206545,2.380079507827759,-8.350319862365723,-3.852791786193848,-6.7398529052734375,858.1117097118614,1446.105305611949,0.0353639489075792,0.0554165281355381,0.3396922945976257,0.3717192411422729,0.2966131865978241,0.3251623511314392,0.3191663324832916,0.3790881335735321,0.2531767785549164,0.2775207757949829,0.3787143528461456,0.3087272047996521,0.3397696912288666,0.2664964497089386,129.19921875,28.01781756145508,20.396108483138736,22.958083715003816,19.502569967215333,19.0287350989317,20.05729485288223,28.503519727256258,country,忧郁,4
-229.4932861328125,157.29971313476562,-16.750404357910156,31.88174819946289,-0.1080542206764221,16.648754119873047,1.3576680421829224,12.212552070617676,-3.863710165023804,6.8358235359191895,-4.267375469207764,1.3341368436813354,-5.9014387130737305,1131.0769030321612,2216.987316016531,0.05023594595901,0.0834524035453796,0.2450151145458221,0.388479083776474,0.4613948762416839,0.3427124619483948,0.3290557861328125,0.3016630113124847,0.4495276212692261,0.2831043303012848,0.314238041639328,0.4555999636650085,0.3389286994934082,0.2817527055740356,161.4990234375,27.07628359647065,18.841744219078898,20.657309032008826,21.28539510197522,20.1004690090397,19.03413434305609,32.54371222534372,country,忧郁,4
-217.11801147460935,136.189453125,-10.363231658935549,51.37767028808594,2.5987257957458496,15.119397163391112,-0.6796686053276062,12.281108856201172,-6.229038238525391,7.803084850311279,-5.412613391876221,3.61227822303772,-2.7987616062164307,1327.7101968688285,2755.833658098898,0.0610736749564965,0.087141029536724,0.2063319236040115,0.3748919069766998,0.5756732225418091,0.3349352478981018,0.2695333957672119,0.2251756191253662,0.335783302783966,0.3393731415271759,0.378877580165863,0.579893171787262,0.3167928457260132,0.2885134220123291,112.34714673913044,25.472079566143787,17.69351190311457,22.264074010579296,22.34633281697006,24.301363265305756,22.93702700341377,35.55191461193317,country,忧郁,4
-99.3305435180664,117.57579040527344,-29.87335586547852,40.84806823730469,-15.256190299987791,27.98876190185547,-11.962531089782717,13.34176540374756,-11.372492790222168,10.539091110229492,-8.746650695800781,8.420694351196289,-6.837034702301025,1934.7410487910731,4048.308802204176,0.0947227861562258,0.1443022787570953,0.2973712086677551,0.3179632425308227,0.2713476121425628,0.4412641227245331,0.5798888206481934,0.344159722328186,0.3399980068206787,0.2801068425178528,0.3960213959217071,0.3840095400810241,0.3052985072135925,0.4249676465988159,112.34714673913044,26.234428316778725,16.11487665535685,19.60612384759137,19.976903180592043,19.97926537536572,18.240230393539637,39.83014440701452,country,忧郁,4
-185.85482788085935,155.27069091796875,-25.01550674438477,20.559324264526367,-3.840679168701172,-0.5795828700065613,-4.573758125305176,-5.901455879211426,-16.531105041503906,-0.4480641186237335,-16.29958152770996,-4.212399482727051,-16.80467987060547,1261.4987366751002,2422.3354684781034,0.0605177971529389,0.1183701530098915,0.1965459287166595,0.2305199652910232,0.4250628352165222,0.2680798470973968,0.2955347299575805,0.1894124448299408,0.2868773341178894,0.2861895859241485,0.2584188580513,0.3620637953281402,0.2837811708450317,0.4291280210018158,143.5546875,31.723131094827668,18.347157647522327,22.38024874351158,21.88010745661376,22.6003977769848,22.949072471405504,33.22779205148561,country,忧郁,4
-96.24627685546876,131.92442321777344,-26.341777801513672,35.975467681884766,-22.810157775878903,14.49544620513916,-11.845881462097168,11.814581871032717,-21.224220275878903,11.547977447509766,-12.93090534210205,7.188192367553711,-13.94133186340332,1711.3330130756565,3556.5090949463456,0.0822699149265274,0.1566079258918762,0.2490610629320144,0.4853748679161072,0.3708350360393524,0.2356820404529571,0.3292685151100158,0.3031178414821625,0.4971598088741302,0.2990857362747192,0.3250229358673095,0.4969801604747772,0.2967777550220489,0.2521564364433288,151.99908088235293,20.528749073507825,15.858891893146684,20.192630522765423,20.549737503763453,19.726780370003304,19.938931578768997,39.5736900177608,country,忧郁,4
-167.00668334960938,132.4709014892578,-17.308982849121094,46.92164611816406,-3.6383252143859854,20.937959671020508,-8.825932502746582,8.533767700195312,-15.14203929901123,8.10665225982666,-16.94434928894043,6.661935806274414,-10.93470859527588,1548.9063873637622,3289.384131199246,0.0697362299400618,0.0958199277520179,0.368687242269516,0.302343338727951,0.2407591640949249,0.3453318774700165,0.3844730854034424,0.2947451770305633,0.4551454484462738,0.3404684662818908,0.3859898149967193,0.3653390109539032,0.3940423130989074,0.6209731101989746,151.99908088235293,29.34507962639807,16.963303140642715,21.19486853629468,20.24676292456272,20.23622532161981,20.738115837225003,37.56528594878169,country,忧郁,4
-207.2435760498047,130.93798828125,-18.50727081298828,33.301239013671875,-3.9344985485076895,15.38137435913086,-6.393796920776367,2.9486029148101807,-16.781152725219727,7.079055309295654,-8.595192909240723,4.799717903137207,-12.249361038208008,1534.0502232319084,3117.759672726944,0.0711281902552204,0.082295536994934,0.3517824709415436,0.3071303367614746,0.4947504699230194,0.3416016399860382,0.2651093006134033,0.2020572572946548,0.3618558049201965,0.5634568929672241,0.341921716928482,0.3790835440158844,0.2828342914581299,0.3683356344699859,135.99917763157896,28.54081316458921,18.604618392348737,21.64278193702247,20.74707290017965,20.75872366356444,20.57459508666215,34.28471700511242,country,忧郁,4
-60.918251037597656,105.4795379638672,-16.908376693725586,40.71572113037109,-15.02683925628662,36.03335189819336,-12.81208324432373,17.487258911132812,-16.74123764038086,11.76303005218506,-10.137154579162598,13.196802139282228,-12.20942211151123,2187.1340254846773,4840.865571980134,0.1137185506090487,0.1796727478504181,0.2128508388996124,0.294692724943161,0.3143748641014099,0.4008255302906036,0.6378628611564636,0.3090860545635223,0.3471102714538574,0.4584183990955353,0.3868427276611328,0.5470709800720215,0.3180340528488159,0.2353410124778747,95.703125,27.170319383325303,14.742034020165304,18.21979380731854,21.03821951880232,20.379709502502504,18.910308617236677,43.30221161857392,country,忧郁,4
-183.984375,159.7994842529297,-23.13769149780273,43.02262115478516,-9.470625877380373,8.825905799865723,-1.6558597087860107,4.349173069000244,-13.371261596679688,0.8312222361564636,-13.969490051269531,1.4447743892669678,-7.380751609802246,1321.6158527095797,2589.8631226435614,0.0664987704224671,0.1282869577407837,0.2209647595882415,0.2955118715763092,0.4115093052387237,0.2906035482883453,0.3278322517871856,0.2350111454725265,0.2708344757556915,0.20817930996418,0.2519179284572601,0.4806114137172699,0.2838140428066253,0.2902865409851074,143.5546875,28.612525850847074,17.40428617460621,21.86240524348145,21.532858090701637,21.093072115738654,20.93554228647741,33.15517875936871,country,忧郁,4
-118.21475982666016,152.95570373535156,-46.512428283691406,31.12163543701172,-17.298686981201172,6.282561779022217,-3.69624137878418,13.05859375,-13.142221450805664,15.704862594604492,-13.088501930236816,5.708540439605713,-10.694908142089844,1513.0709550116749,2922.4536869199537,0.0878218955433101,0.1314125657081604,0.5937191843986511,0.2440915256738662,0.2498892545700073,0.209828570485115,0.3528293669223785,0.513858437538147,0.262090802192688,0.4002611935138702,0.2935398817062378,0.3988178372383117,0.2358393520116806,0.2931034564971924,92.28515625,25.58333839640397,16.117692993704342,19.828938424263868,21.175103718629988,20.358411331317463,22.690156008433707,36.909634388425424,country,忧郁,4
-302.41064453125,150.11639404296875,-3.713838815689087,26.95195960998535,-0.2614175975322723,13.506061553955078,7.2338948249816895,4.227106094360352,1.7578513622283936,6.571225643157959,-0.500728189945221,7.906125545501709,1.3247036933898926,1144.8885616291911,2223.757035328452,0.0498956973849574,0.043314192444086,0.3763513565063476,0.3960598111152649,0.3579744100570678,0.4009654819965362,0.4408004283905029,0.3135036528110504,0.3241781592369079,0.2580662667751312,0.3578645586967468,0.4139411449432373,0.404331237077713,0.4705184698104858,129.19921875,24.89083018980119,18.00228573242458,20.19766437727362,20.327198583302614,20.02560111795042,19.313788659188383,29.342535170843405,country,忧郁,4
-229.0567779541016,180.3300323486328,4.537211418151856,24.171106338500977,1.0911428928375244,4.015376091003418,-6.006487846374512,1.902865290641785,-13.129048347473145,0.0159859247505664,-13.500770568847656,1.5909428596496582,-13.422154426574709,963.6542370411188,1754.931074173434,0.0457606009522428,0.1152487471699714,0.409469723701477,0.2188939452171325,0.2999578714370727,0.241638109087944,0.4552448391914367,0.352016806602478,0.2593185901641845,0.4712800979614258,0.25273397564888,0.3082549571990967,0.1828659474849701,0.2720910608768463,80.74951171875,24.022824299644704,19.278661397333263,23.085183050716623,22.65051331175881,22.854893206405336,21.04716334966873,32.190391879576715,country,忧郁,4
-101.0208740234375,111.6190414428711,-13.149066925048828,44.60680389404297,-5.945529937744141,29.3388671875,-7.944220542907715,19.591711044311523,-22.431093215942383,17.26593589782715,-17.816373825073242,11.403573036193848,-12.458792686462402,2049.246281139036,4434.515876504495,0.0893611332656612,0.1531912088394165,0.3015822470188141,0.3503817915916443,0.6031535863876343,0.4611130058765411,0.2721612751483917,0.2247254550457,0.3889250755310058,0.4345442056655884,0.3446587324142456,0.4927802979946136,0.3762005567550659,0.397176593542099,99.38401442307692,22.291869674582813,16.15636510352104,20.333902818446767,19.65479872517368,19.810722427254884,18.65851684022764,41.42556423763033,country,忧郁,4
-74.15763092041016,107.6103515625,-21.18836784362793,47.216304779052734,-5.984584331512451,17.79499053955078,-20.406625747680664,14.97862148284912,-15.971437454223633,15.732458114624023,-14.66434383392334,10.680036544799805,-10.130846977233888,2102.290176447949,4417.928815164588,0.1010477843435808,0.1678309589624405,0.322806715965271,0.3284372985363006,0.3426814973354339,0.361627459526062,0.5062724947929382,0.3069600164890289,0.2885266840457916,0.3116172552108764,0.4163973331451416,0.5475088357925415,0.3875434100627899,0.4233425855636596,89.10290948275862,23.640344158543904,15.49229773119622,19.593641771744917,18.5422707576242,18.558660983547476,18.35411141923498,41.57387351202954,country,忧郁,4
-68.57477569580078,101.34968566894533,-16.899402618408203,51.50786209106445,-10.240495681762695,20.057523727416992,-21.787132263183597,15.519601821899414,-18.78899383544922,16.342649459838867,-17.896718978881836,12.110844612121582,-13.195822715759276,2253.4147941386177,4799.531148038718,0.1060631465100541,0.1664840579032898,0.3519666194915771,0.3303465247154236,0.4486075341701507,0.382244199514389,0.3901612758636474,0.3512338101863861,0.4064598083496094,0.5469316244125366,0.373611181974411,0.3780174851417541,0.3141198754310608,0.3569821715354919,117.45383522727272,24.16679705062284,15.020026799085588,18.764505028358656,17.409126576267862,18.31356115406116,17.33262851886638,41.90878258213071,country,忧郁,4
-148.53707885742188,141.28717041015625,-15.904905319213867,44.66475296020508,0.9870616793632508,13.67025375366211,-13.241113662719728,12.654531478881836,-11.70802116394043,12.162338256835938,-10.482789039611816,9.917887687683104,-5.069251537322998,1436.1116636001782,2924.427147531177,0.0595446333623356,0.1310126036405563,0.2700067460536957,0.3418865501880646,0.2411849796772003,0.3190731406211853,0.3975409865379333,0.2486249357461929,0.2892287969589233,0.2557112276554107,0.4329464435577392,0.3562372922897339,0.2815917730331421,0.3875526487827301,143.5546875,26.48290339860644,18.20183017606551,21.70506306200528,20.051039130340467,21.102882501296477,20.931593107546373,37.37160036419807,country,忧郁,4
-80.2308349609375,108.20328521728516,-23.831283569335938,52.62173843383789,-6.413538455963135,15.06437873840332,-17.638652801513672,9.731314659118652,-16.172584533691406,8.904531478881836,-15.960603713989258,8.001686096191406,-10.708484649658203,1964.956171002316,4059.433457801624,0.0929928430732792,0.1806089431047439,0.3408897519111633,0.2770022749900818,0.4412592053413391,0.2743890583515167,0.2925514876842499,0.2216778993606567,0.2649023532867431,0.4073452353477478,0.2824487388134002,0.3963004648685455,0.2636062502861023,0.3739802837371826,172.265625,25.667088988259174,17.96894449634262,22.554215630160275,19.473162169289683,20.40019872606537,19.66415811091452,40.33915150881152,country,忧郁,4
-146.0340576171875,124.63389587402344,-17.923778533935547,49.24625015258789,-0.1637298911809921,22.783910751342773,-7.180131435394287,16.748544692993164,-9.71323013305664,15.436436653137209,-7.632503509521484,10.915411949157717,-3.4583303928375244,1596.3192351340854,3291.640704303219,0.0692675856776875,0.135407269001007,0.2252686470746994,0.307078868150711,0.2853464484214782,0.3359468579292297,0.5213914513587952,0.3409132659435272,0.3044722974300384,0.2187409549951553,0.3723661005496979,0.5061045289039612,0.3082523643970489,0.3291588723659515,143.5546875,30.07312731446051,19.13149702939227,21.98867659359001,21.33792713901394,22.12878237020653,20.653902929133057,38.46758109968213,country,忧郁,4
-122.4289093017578,111.4904327392578,-13.70000457763672,53.85050964355469,-2.6792430877685547,19.70017433166504,-14.1241455078125,13.753132820129396,-14.027731895446776,14.631096839904783,-13.993237495422363,9.227839469909668,-10.55429458618164,1879.437181005724,4031.4303015334976,0.0782847393416473,0.1335547715425491,0.3892887532711029,0.3368092775344848,0.3984902203083038,0.4152902364730835,0.3579139709472656,0.4472712874412536,0.3229881525039673,0.3363426923751831,0.2737431824207306,0.3711084723472595,0.4646332263946533,0.3524593710899353,117.45383522727272,20.71713983201304,16.490780234608838,20.284451559257747,19.600389049492065,19.843334416521564,18.99773394142203,39.06714685828562,country,忧郁,4
-170.84280395507812,124.7550277709961,-19.236621856689453,39.21209335327149,-3.7663841247558594,15.302874565124512,-12.97920036315918,8.5299654006958,-11.831753730773926,11.324966430664062,-13.77603530883789,3.1141598224639893,-10.082475662231444,1591.310655282915,3162.97440318663,0.073959692817092,0.1085779666900634,0.3336844742298126,0.2650756239891052,0.3650448322296142,0.2732338607311249,0.3738972544670105,0.2361927032470703,0.2703683078289032,0.480988472700119,0.322392076253891,0.3547714650630951,0.2809624671936035,0.3862517476081848,143.5546875,27.38129745866296,19.936832061931007,23.356438327638976,22.124828631647127,23.386330113308983,22.636782152041025,37.70200497293664,country,忧郁,4
-121.95899963378906,123.24600982666016,-8.496770858764648,51.59900665283203,-0.1066912561655044,20.418153762817383,-11.878725051879885,16.26213264465332,-11.528809547424316,11.83263874053955,-8.090615272521973,9.130125045776367,-8.650754928588867,1622.8096134803377,3527.1653177566704,0.0660505184164733,0.1526181548833847,0.2720362842082977,0.3312517404556274,0.2600981295108795,0.3852298259735107,0.46315798163414,0.3148424327373504,0.3569291532039642,0.2984603941440582,0.4197450578212738,0.4171623587608337,0.3419401347637176,0.3829848766326904,103.359375,24.939158043990293,17.361429303227087,21.38314426622048,20.1563587147261,20.485485569301197,19.41653101691064,39.17448400507323,country,忧郁,4
-205.0675506591797,140.98951721191406,-8.96308708190918,36.96881484985352,6.427648067474365,14.86945343017578,-4.316958904266357,12.22562026977539,-11.429149627685549,11.85521125793457,-7.889388084411621,9.911035537719728,-2.349137544631958,1321.763474149792,2584.125931246375,0.0524919337296983,0.1046360433101654,0.289669781923294,0.3911721110343933,0.3504897356033325,0.2424084395170211,0.2949264943599701,0.2491124868392944,0.264941394329071,0.2126469612121582,0.3577874898910522,0.5254479050636292,0.3437053859233856,0.3437769711017608,143.5546875,25.00300298474339,19.774915842033558,23.01419840038728,21.75260037896621,22.396682671470572,21.71456067620816,35.589071826425524,country,忧郁,4
-91.65494537353516,115.85130310058594,-30.201814651489254,52.28487396240234,-5.018789291381836,16.961172103881836,-15.656676292419434,13.546172142028809,-12.756255149841309,15.970040321350098,-11.9656982421875,11.06804084777832,-9.953225135803224,1927.5251167094743,3883.612272966213,0.0989968520398298,0.1473607569932937,0.2963274717330932,0.3376397490501404,0.2485342174768448,0.3983438014984131,0.4845781624317169,0.3644062578678131,0.4968745112419128,0.3346966803073883,0.4161939024925232,0.2747827172279358,0.3263074457645416,0.4781111180782318,135.99917763157896,24.63243682442818,16.96223461513424,19.73834728758468,19.12158332585124,20.223076952834013,19.732057432038097,39.822223438548455,country,忧郁,4
-193.73313903808597,125.5769500732422,-20.945106506347656,46.33686065673828,-2.6908516883850098,12.840516090393066,-6.60264253616333,10.736069679260254,-10.919580459594728,6.123416423797607,-9.441399574279783,5.165988445281982,-3.661441326141357,1563.3792654565448,3233.794160564095,0.0647382389549497,0.0894459709525108,0.3492986559867859,0.3005162477493286,0.3851280212402344,0.475493311882019,0.3224067986011505,0.4025095403194427,0.3024699985980987,0.3598242104053497,0.3267753720283508,0.3132937252521515,0.3973395228385925,0.3064595460891723,117.45383522727272,26.7245651149308,19.40985367724074,22.43452012854304,21.344135704654988,22.04542303173473,22.56890926834367,35.74494253115617,country,忧郁,4
-50.792259216308594,96.71365356445312,-24.32533073425293,66.08502197265625,-14.70022964477539,24.393627166748047,-21.029590606689453,12.470781326293944,-18.15088653564453,13.26036548614502,-12.81322193145752,9.800076484680176,-11.34779453277588,2335.089633019832,4839.225184889791,0.1212093061194895,0.1764310002326965,0.2709380090236664,0.2866822183132171,0.4718869030475616,0.407488465309143,0.4517950713634491,0.2680200040340423,0.3680973947048187,0.5437890887260437,0.4019443988800049,0.3756677210330963,0.2692086100578308,0.3297751545906067,161.4990234375,21.31544380100144,16.124221152172094,18.65150120128914,18.265574718437385,19.04239718013797,17.831823521778446,40.67340246480148,country,忧郁,4
-213.6230010986328,117.20726776123048,-21.87163352966309,45.65717315673828,-10.280003547668455,5.057990550994873,-11.914002418518066,5.5748677253723145,-17.799598693847656,0.1872597336769104,-14.17054843902588,-1.1572178602218628,-10.30495834350586,1537.7806406173002,3055.5581927022918,0.0681278851266434,0.0925118327140808,0.1203579902648925,0.2069531083106994,0.3276323080062866,0.2099483758211136,0.2503285408020019,0.1834325492382049,0.3200158774852752,0.3818938434123993,0.2591457962989807,0.3553488552570343,0.1925889700651168,0.2045459747314453,86.1328125,29.962501142737075,22.83814566521675,26.34653561204953,24.425777451884517,23.71894545609845,23.680567720699795,35.999126005900976,country,忧郁,4
-104.32958984375,136.4242706298828,-20.96272087097168,52.84556198120117,2.0186939239501958,20.42343139648437,-11.615843772888184,17.66742706298828,-15.73991584777832,11.050942420959473,-11.322824478149414,3.6751577854156494,-6.49644136428833,1474.747173267392,3107.859062318736,0.0629996102813225,0.2066862285137176,0.4573311507701874,0.2830207347869873,0.2992554306983948,0.2636021971702575,0.3555781245231628,0.3660521805286407,0.3577581644058227,0.5968126654624939,0.4033229053020477,0.3812658488750458,0.262907862663269,0.3737172782421112,112.34714673913044,25.671916459999785,17.007871585390482,21.64561215623045,20.69736618794784,20.740894381570897,19.620319316628667,39.53980883333947,country,忧郁,4
-124.79656982421876,127.31084442138672,-23.381498336791992,47.37570571899414,0.5761372447013855,16.01137924194336,-9.977922439575195,16.199665069580078,-16.736051559448242,6.788448333740234,-8.195150375366211,3.201631784439087,-1.5992869138717651,1557.7510489456868,3220.9541763341067,0.0673669518561485,0.1752784103155136,0.2728613317012787,0.2664943635463714,0.4547934234142303,0.3461007177829742,0.33657306432724,0.3949426412582397,0.2873328030109405,0.3829343318939209,0.2582891583442688,0.3722320795059204,0.3331044018268585,0.240604743361473,89.10290948275862,25.513349945863503,18.676654570574627,22.8295465603192,21.1270775910592,21.05765180750312,21.05457586170672,39.4950647419661,country,忧郁,4
-69.83627319335938,124.20770263671876,-32.48236846923828,47.68980026245117,1.4008857011795044,22.600839614868164,-8.752852439880371,21.427227020263672,-15.660797119140623,15.749120712280272,-12.43254280090332,9.573857307434082,-9.04707145690918,1754.316930048776,3504.9992749419957,0.0974130534609435,0.218017429113388,0.2495919167995453,0.289882481098175,0.582302987575531,0.2523031234741211,0.2165539115667343,0.1878162920475006,0.363953173160553,0.5041890740394592,0.2816989719867706,0.3942222893238067,0.2427680492401123,0.3438025712966919,117.45383522727272,23.823446714778022,17.927573873115218,22.23605477568935,21.25765466918525,21.85297725938074,20.65993310877833,41.17003006621222,country,忧郁,4
-148.36997985839844,126.86573028564452,-19.57128524780273,52.876766204833984,8.581604957580566,17.882394790649414,-8.09940242767334,17.78060531616211,-15.515440940856934,13.506863594055176,-10.964570045471191,9.469388008117676,-1.9210474491119385,1561.0425270580386,3175.33143081134,0.0671992821925754,0.1530272960662841,0.355026364326477,0.2742698490619659,0.3445212244987488,0.2676854431629181,0.2955179810523987,0.4788752794265747,0.3277121186256408,0.3983443081378937,0.3701419830322265,0.4460557699203491,0.3483365476131439,0.2700416445732116,112.34714673913044,26.87438933692257,19.09860905436255,22.77669531398496,21.152372151682865,21.58655625415415,22.03777151958262,38.529165686678326,country,忧郁,4
-139.56085205078125,128.79107666015625,-20.232744216918945,49.42770385742188,-2.1633641719818115,16.994394302368164,-8.3399658203125,9.827165603637695,-20.141237258911133,2.5050971508026123,-11.247482299804688,3.766316175460816,-6.4156575202941895,1425.2797032637825,2981.1912023274363,0.0617220731825212,0.1762114763259887,0.3235326409339905,0.1854816675186157,0.2405088394880294,0.183230459690094,0.3011687994003296,0.3227469623088836,0.2586116790771484,0.4367868304252624,0.2355182468891143,0.2623487710952759,0.1801000237464904,0.3224877119064331,117.45383522727272,25.29727597602283,19.77465452596487,25.191326619451395,22.94187344302345,22.931491736736287,22.683808062872718,39.04888631225204,country,忧郁,4
-42.18054962158203,106.26459503173828,-24.218505859375,44.6755485534668,-12.344403266906738,20.53428649902344,-16.052776336669922,18.49297523498535,-18.786243438720703,15.519278526306152,-15.459701538085938,8.95469856262207,-9.98207187652588,2157.483363148039,4478.689752211427,0.1082458732115235,0.2207014560699463,0.3206047117710113,0.4435635805130005,0.3225172460079193,0.334972620010376,0.3181611597537994,0.4285966157913208,0.6385541558265686,0.3548505008220672,0.3387369513511657,0.2974735796451568,0.3424670696258545,0.4305304288864136,143.5546875,23.81695883058637,14.996335420905652,18.67985002368105,18.923305699736503,18.752798821148023,19.149515800722103,43.18395508430241,country,忧郁,4
-111.09918975830078,94.0258560180664,12.438058853149414,16.629438400268555,8.126039505004883,15.66383934020996,-1.4103329181671145,7.014441013336182,0.9597830176353456,-1.4994508028030396,-3.078932762145996,-5.09898567199707,-3.715648889541626,2298.1112240567795,4889.646293275712,0.0965254538231895,0.1420854181051254,0.3177263140678406,0.3929480314254761,0.5092092752456665,0.4342909157276153,0.4932722151279449,0.480242520570755,0.5751980543136597,0.4785635769367218,0.429399162530899,0.4126307070255279,0.3679237961769104,0.4555287063121795,117.45383522727272,17.996968111225858,15.284204928369215,17.888036028748296,18.68149414386484,18.197139380297926,16.091756390203084,16.343923649618628,disco,活力,0
-29.043100357055664,51.860496520996094,-7.56760835647583,21.507436752319336,8.141378402709961,18.11808586120605,6.8945746421813965,6.569046974182129,0.7113646268844604,11.15976333618164,-1.8163267374038696,1.6355899572372437,-2.5911896228790283,3292.704549878069,6522.435342111895,0.1885523173483103,0.1770745366811752,0.3981772363185882,0.3206945061683655,0.3627867698669433,0.4569278359413147,0.5894337296485901,0.4127786159515381,0.3537511527538299,0.3846383392810821,0.4298191368579864,0.4682848155498504,0.3253442049026489,0.4241642951965332,117.45383522727272,18.14245293568292,14.96532435341748,17.854837901400984,18.99784994023933,19.60911435660682,17.75724213393214,17.00813267399001,disco,活力,0
-53.1693000793457,57.1737174987793,21.16082763671875,11.30526351928711,18.11834144592285,1.6628117561340332,0.3451026976108551,2.323979377746582,-5.105269432067871,2.747910976409912,3.1522436141967773,-5.514477729797363,-3.1615028381347656,3592.2181145867817,8074.817942466648,0.153338438950116,0.1612735986709594,0.3198029398918152,0.3120321929454803,0.3715882003307342,0.3714718222618103,0.5163390040397644,0.5070171356201172,0.5735121369361877,0.4311749041080475,0.3646213412284851,0.4441271126270294,0.3352125585079193,0.3970209062099457,112.34714673913044,29.49122401089337,14.842892854624637,19.261321310588364,18.55654133422613,17.91575385726282,16.73944969825939,16.10602806419888,disco,活力,0
-44.4330940246582,52.32051086425781,3.2428550720214844,43.93930816650391,12.584174156188965,24.506044387817383,4.9235029220581055,15.306509971618652,2.0410919189453125,10.38636589050293,-1.46232271194458,8.83460807800293,0.4166823923587799,3045.783197240785,6206.430158943966,0.1495607339559387,0.1962912827730178,0.6607908010482788,0.458096444606781,0.3555403649806976,0.3923998475074768,0.4072501361370086,0.4312432110309601,0.3520068228244781,0.4851196408271789,0.4839281439781189,0.6146949529647827,0.6952074766159058,0.6057286262512207,129.19921875,16.27497973261334,15.467031783041836,17.496001138951357,17.523815718433656,17.826806925483318,17.171700016735645,19.326727120389453,disco,活力,0
-83.55509185791016,64.49134063720703,5.6444172859191895,2.701930046081543,0.786340057849884,6.165175914764404,1.8841153383255005,1.974973440170288,-1.810813069343567,1.8658113479614256,2.462479829788208,-0.222725823521614,2.9572231769561768,3328.4809117165955,7195.770306155742,0.1690144195910672,0.1145493313670158,0.2964240610599518,0.3480669856071472,0.2833246886730194,0.3724991977214813,0.4299753606319427,0.3213022351264953,0.4171328544616699,0.3201563060283661,0.4537318646907806,0.4162037670612335,0.3895157277584076,0.5371542572975159,123.046875,22.064332392938184,15.203961355612206,19.09509334706463,19.42112784008859,19.566890745304807,18.03685804729187,16.25166426912692,disco,活力,0
-24.816133499145508,73.69841766357422,-11.74449348449707,28.30463409423828,6.291743755340576,2.190713405609131,8.419228553771973,12.195893287658691,-4.0575852394104,13.498218536376951,1.8683927059173584,-0.9259458780288696,0.5338900685310364,2722.838205604773,5472.246935614224,0.1446281579262452,0.2067949622869491,0.4608183801174164,0.3729085624217987,0.4528078138828277,0.3860666155815124,0.4969332218170166,0.4007260203361511,0.3762881457805633,0.5524575114250183,0.4851253926753998,0.5380489826202393,0.3945389688014984,0.4596859216690063,107.666015625,19.98378778579009,15.067192066012469,18.048402201507137,18.630328549148352,18.51188667024335,19.29423612424984,16.909020677758683,disco,活力,0
-14.574816703796388,65.19933319091797,-19.88851547241211,31.502683639526367,-4.814698696136475,11.865560531616213,9.996403694152832,5.96023416519165,-3.80077075958252,9.380570411682127,-4.387615203857422,3.339226245880127,-4.445434093475342,2848.395241985928,5506.662886546549,0.1636452140129543,0.191893383860588,0.4509703516960144,0.4813968241214752,0.3970456421375274,0.5354028940200806,0.4867578744888305,0.3389526605606079,0.426720529794693,0.525981068611145,0.6557658910751343,0.4183703064918518,0.4541508853435516,0.5169853568077087,123.046875,19.83585708577925,15.814956600168268,17.67658520299622,17.611043748551932,17.46357785961761,18.972106839018423,18.46417215439427,disco,活力,0
-53.432594299316406,56.16560363769531,-6.337501049041748,31.602523803710938,4.648096084594727,16.339651107788086,4.108209133148193,1.87781822681427,-0.3853498697280884,2.498018503189087,-0.5452887415885925,0.9600377678871156,0.4909866750240326,3099.082005849926,6098.201459632395,0.1402915488447409,0.1595754921436309,0.4332074224948883,0.483043223619461,0.3572282791137695,0.3405951857566833,0.444727212190628,0.4140928089618683,0.4180947244167328,0.3551179468631744,0.4727928638458252,0.5631662607192993,0.4195209145545959,0.4774116575717926,129.19921875,25.47308564749347,16.305508076271373,19.466231786309542,18.700917161669405,17.581181110366103,17.34507190802096,16.637684776600306,disco,活力,0
-32.56987762451172,65.03629302978516,-26.76116752624512,30.30056381225586,5.6973371505737305,11.660781860351562,-2.227686882019043,10.421781539916992,-2.3734118938446045,5.365474224090576,-3.878614664077759,-0.8631799221038818,-0.2106435596942901,2801.719944106093,5445.952622059036,0.1643124669216705,0.190488114953041,0.4207032918930053,0.499522715806961,0.3979951739311218,0.4463774859905243,0.3825835287570953,0.5157533884048462,0.4917931854724884,0.4170629978179931,0.577190637588501,0.456804484128952,0.4525215625762939,0.3931783437728882,123.046875,17.199455727339572,15.596608043360945,18.08928796942038,18.326375863289385,18.80144984371604,18.406623891054327,18.405492952255223,disco,活力,0
-68.9268798828125,63.11762237548828,-15.855326652526855,28.00232696533203,8.173501968383789,7.323384761810303,-4.931679248809815,9.490028381347656,-0.9740489721298218,-1.596336841583252,-6.184393882751465,-3.936596632003784,-1.166956901550293,3016.9654959671584,5955.038133519432,0.1706677028953983,0.1189434081315994,0.556584358215332,0.4800017178058624,0.5722894072532654,0.4930978715419769,0.3801825046539306,0.5343366861343384,0.3870203793048858,0.3859246671199798,0.2899444997310638,0.3031239211559295,0.4446346461772918,0.4789739847183227,129.19921875,31.23385377849688,14.91663097607426,17.378430054699546,17.29424254773355,18.81547460999281,17.01212708221917,16.26305540004228,disco,活力,0
-6.765200614929199,61.12942886352539,-16.672161102294922,27.4387264251709,7.734436988830566,16.013572692871094,4.646263122558594,11.445980072021484,0.343693345785141,9.835786819458008,3.1894264221191406,5.031802177429199,-1.8564006090164185,2877.4074655436298,5865.166570747535,0.1503026361900618,0.2328572422266006,0.4399579167366028,0.4549551904201507,0.3916274905204773,0.4688418507575989,0.4247164130210876,0.5013718605041504,0.3925003707408905,0.3825613856315613,0.4989953935146332,0.4208812415599823,0.4898783564567566,0.3858974277973175,107.666015625,16.354938840879928,13.952172732987831,17.535524057764334,17.4270422548701,17.79937485792279,17.380995219945188,17.696330770076244,disco,活力,0
-41.31513977050781,62.78868103027344,7.323929309844971,12.122529029846191,6.358506202697754,9.252999305725098,3.064216375350952,13.849785804748535,0.1527454555034637,8.056879043579102,-2.6997385025024414,-7.220554351806641,-3.241377115249634,3132.9752097469195,6864.145655089907,0.1309711547757154,0.1888410747051239,0.3547338247299194,0.2668347954750061,0.2646495997905731,0.2871941030025482,0.3309381902217865,0.2603344023227691,0.2728725671768188,0.4559594690799713,0.4710040986537933,0.6162577867507935,0.4862618446350097,0.4153761565685272,95.703125,33.591289979248046,16.903086644792964,17.590392762736098,18.38386714687129,16.10824276866185,16.30847856068904,16.95065583536359,disco,活力,0
-57.95558547973633,68.42820739746094,-15.226616859436035,23.414100646972656,14.886022567749023,13.217155456542969,2.180786609649658,12.793448448181152,0.0489804781973362,12.763608932495115,0.0070237759500741,3.3800199031829834,0.8436663746833801,2737.358914673473,5710.012308756511,0.1314991138599537,0.1755619049072265,0.5504569411277771,0.4233901500701904,0.3731447160243988,0.3485910892486572,0.4113397896289825,0.3419863283634186,0.3415885269641876,0.4805067181587219,0.4619185924530029,0.5225592255592346,0.4280720055103302,0.4568809270858764,112.34714673913044,16.991258535771404,14.88340459716847,18.327035944243963,17.94489937605401,18.351980788317825,18.043262763002087,17.397474650375653,disco,活力,0
-40.07685470581055,56.21980285644531,23.69286346435547,31.939529418945312,2.454800844192505,2.570276260375977,-2.4864346981048584,3.1007561683654785,1.881709098815918,3.347036838531494,-0.0018149107927456,-1.516345739364624,-2.451519012451172,3391.3650850232443,7203.947261093387,0.1595289992991106,0.1707706749439239,0.2690443992614746,0.3115399181842804,0.3858445286750793,0.4176816940307617,0.5815201997756958,0.4950425624847412,0.4732855260372162,0.4810377359390259,0.4439616203308105,0.4586542844772339,0.3594036698341369,0.3820781409740448,89.10290948275862,30.01397864565683,15.007085977996017,16.23035257226632,18.043547756730987,16.69076513552664,15.856205603781977,15.2722034145639,disco,活力,0
-23.927661895751957,61.22075653076172,-0.9586992263793944,25.33101272583008,0.3942346572875976,6.030254364013672,2.489081621170044,6.189191818237305,-0.3292669653892517,9.69687557220459,-5.507835388183594,1.06181800365448,-2.436964750289917,3087.483970853388,6530.043847051567,0.156306688999613,0.1737232655286789,0.5521469116210938,0.328158289194107,0.2911868691444397,0.3804513216018677,0.4194515347480774,0.6166231632232666,0.4280031621456146,0.4120986461639404,0.4307482540607452,0.4084433019161224,0.5546968579292297,0.4125521183013916,103.359375,22.570070821374568,15.461363690109176,17.577604805871314,18.4235002600478,17.581745841583718,17.565018031051704,17.556725517608818,disco,活力,0
-46.762786865234375,103.7007827758789,22.12663078308105,9.223700523376465,2.2584798336029053,-4.7948832511901855,4.798995018005371,0.9515379071235656,-9.411773681640623,-1.066728591918945,-0.8673272132873535,-5.279599189758301,-1.7630391120910645,2362.4116318966007,5439.756743039443,0.0902270488930781,0.2158605605363845,0.3926203548908233,0.3219157755374908,0.4653668105602264,0.3907289803028106,0.5191586017608643,0.3971120119094848,0.4520748555660248,0.4786774814128876,0.2987620532512665,0.4464006423950195,0.3137162327766418,0.5006524324417114,123.046875,27.676685614088207,13.835060800584571,18.349271946534785,20.407490389629256,18.808131710293434,18.36728282637113,15.043171992166148,disco,活力,0
-35.856197357177734,83.80528259277344,-2.901970624923706,32.21396255493164,9.144426345825195,4.182419776916504,0.1370866447687149,11.094396591186523,-2.89473557472229,7.9954514503479,0.6289428472518921,3.673209190368652,3.783178329467773,2520.434661747475,5334.772696659483,0.1142480842911877,0.2056774795055389,0.4544228613376617,0.5076145529747009,0.4574599862098694,0.4528288543224334,0.527925431728363,0.406670331954956,0.4120664298534393,0.3402082622051239,0.3356087505817413,0.4338774979114532,0.4184536039829254,0.4747378528118133,123.046875,20.72292580675841,15.01191169720995,18.424944029394723,18.09789625109224,17.938232595399374,17.610133423812094,16.913187817100606,disco,活力,0
-98.18701171875,92.40616607666016,2.658999443054199,19.365163803100582,3.572561740875244,-1.752833366394043,-1.7048804759979248,-3.181124687194824,-9.103381156921388,-4.084535598754883,-5.1873955726623535,-5.481767177581787,-4.2330322265625,2564.2888412274115,5388.221942521027,0.1207210248694895,0.116038404405117,0.4863830804824829,0.3611511588096618,0.5284546613693237,0.4310581386089325,0.3802210688591003,0.4326063394546509,0.374439537525177,0.5200361609458923,0.2692867815494537,0.2842140197753906,0.4468984305858612,0.3397797048091888,123.046875,29.5552706222156,14.124236453867464,18.34700616029186,17.569807396949134,17.722498941440822,17.201264499880924,15.321025251683828,disco,活力,0
-73.08694458007812,71.74661254882812,12.055068969726562,1.4190236330032349,4.536818504333496,10.854836463928224,3.867708683013916,0.938452124595642,-5.977385520935059,9.039346694946287,-2.36775541305542,3.5528106689453125,-0.1429574638605117,3043.11239467636,6837.516427095417,0.1435833877126836,0.1387321949005127,0.3618315458297729,0.4380935430526733,0.2967354655265808,0.3402077555656433,0.2975258529186249,0.2812672853469848,0.4092410504817962,0.3653450310230255,0.49116051197052,0.3273566663265228,0.3847793340682983,0.4480411112308502,123.046875,27.793724915703287,14.96018689329175,18.937817117007,19.763143055866102,19.98446596079284,18.362395899427103,16.585845807679863,disco,活力,0
-95.04603576660156,109.33905029296876,-30.173484802246094,16.3712158203125,20.0415096282959,11.963911056518556,3.490323066711426,6.177453994750977,5.204813480377197,8.618460655212402,0.3315828442573547,0.3817095160484314,0.5376681685447693,2117.6008935704253,4198.641535854118,0.1036553497196442,0.1469728946685791,0.3693778812885284,0.3730603158473968,0.5337568521499634,0.5034797787666321,0.44068044424057,0.4749788045883178,0.3604023158550262,0.4374727606773376,0.384959876537323,0.5148171186447144,0.5766546726226807,0.3709381818771362,117.45383522727272,24.26901315528168,15.47613533033166,18.262854917929584,17.75016898642272,19.3980436543948,18.970157766721982,16.063517511096414,disco,活力,0
-104.13796997070312,105.87117004394533,-14.327589988708496,36.71042251586914,-10.330669403076172,16.791772842407227,-6.818428993225098,8.13119888305664,-4.464369773864746,0.9813637137413024,-10.006949424743652,0.3754729926586151,-1.7045552730560305,2116.937132007475,4349.140806264501,0.1032629876015081,0.1245440766215324,0.3422382473945617,0.3423199355602264,0.3223988711833954,0.4118337035179138,0.2934409081935882,0.2474471032619476,0.3470507264137268,0.2453536987304687,0.2858534157276153,0.2968859076499939,0.4125244915485382,0.5633516311645508,161.4990234375,26.16820268928133,16.808043454819902,20.638837563004405,20.271500612780454,20.647153578776365,19.16156872747889,20.225166633488268,disco,活力,0
-115.0771942138672,70.42092895507812,31.231395721435547,11.17184352874756,13.07083511352539,3.878578424453736,1.8067201375961304,4.974539756774902,-1.035394310951233,3.928635835647583,-1.2870672941207886,-0.6889938116073608,-1.0698988437652588,3248.710113626103,7422.743256960557,0.1240453402938901,0.1113595962524414,0.7455489039421082,0.5254884362220764,0.3932887017726898,0.332851767539978,0.2859534025192261,0.2294289618730545,0.2389151602983474,0.4119338691234588,0.3556513488292694,0.357222706079483,0.4308855831623077,0.5083492994308472,107.666015625,19.699323824771472,15.856641334988234,18.170126941644504,18.65517842840805,17.806859961203635,16.636199757478828,15.228255514132323,disco,活力,0
-71.95389556884766,46.87051010131836,21.026630401611328,29.955154418945312,9.503479957580566,2.3987131118774414,8.242609024047852,2.5120275020599365,-2.1593832969665527,0.4453966617584228,-0.2278796583414077,-1.5480238199234009,-3.60627007484436,3708.111084995513,7808.475701493619,0.1728866824970997,0.1368414163589477,0.3410322666168213,0.3617127537727356,0.4661808609962463,0.4411327540874481,0.5042932033538818,0.4753977954387665,0.5736876130104065,0.4395105838775635,0.3156937956809997,0.4674910604953766,0.4280543327331543,0.4104893207550049,123.046875,27.58411747456787,14.380887172555058,17.871558174802274,17.11952867181619,16.80035977859207,16.090593460139004,14.772827069751768,disco,活力,0
-32.17642593383789,60.042598724365234,3.3742270469665527,18.97592163085937,4.333144664764404,0.6889650225639343,-2.02207612991333,1.329651951789856,-4.642695426940918,3.7909770011901855,-6.739723205566406,-4.887253284454346,-2.336693048477173,3167.5553238891907,6730.133523963167,0.1509782240912606,0.17817322909832,0.4545264542102813,0.3732589781284332,0.3986380100250244,0.4515171647071838,0.3900618553161621,0.4730482399463653,0.4580966532230377,0.5332932472229004,0.4680408835411072,0.4107787311077118,0.4314757287502289,0.3819910585880279,112.34714673913044,26.904194501349,15.61556351876902,16.97281951138595,16.678545125400436,16.61182036662856,16.64097023657079,15.92238430309905,disco,活力,0
-69.63065338134766,83.07227325439453,-16.59992790222168,0.1183711737394332,7.420607089996338,0.7700079679489136,1.3374780416488647,4.695798397064209,-1.416824460029602,3.3194353580474854,-2.878265142440796,-8.202150344848633,-5.767510890960693,2624.814629146055,5605.777239522912,0.1202165053412606,0.1429274380207061,0.2867169082164764,0.3696708977222442,0.2740698754787445,0.3717687726020813,0.3111177086830139,0.4872511625289917,0.5516753792762756,0.3753361403942108,0.5085594654083252,0.2827169299125671,0.3762768507003784,0.2776904106140136,129.19921875,29.752017498942006,16.1419351725176,18.92610382322248,19.113686802306564,19.466280983384586,17.548978072827634,15.208348218880122,disco,活力,0
-124.16992950439452,90.15501403808594,-11.32868480682373,10.93141746520996,-1.1485722064971924,-3.759183406829834,-0.8579286336898804,-3.8354804515838623,-3.70474624633789,-0.2598790526390075,-5.816019535064697,-3.438340187072754,-4.632643222808838,2410.17299144527,5080.412048198231,0.0996603556409512,0.1078788936138153,0.5332136750221252,0.4943162798881531,0.3436997830867767,0.2574078738689422,0.2519817650318146,0.4273833036422729,0.3301829695701599,0.3725918233394623,0.3775334656238556,0.280416190624237,0.3219594955444336,0.3048101961612701,123.046875,25.22064496070144,17.208652985930264,19.311617789607016,18.8198053989681,18.303388641625368,17.96147381536233,15.658623311741357,disco,活力,0
-68.05400848388672,66.35392761230469,11.85841941833496,21.97743797302246,9.757756233215332,6.689318656921387,1.5989806652069092,3.8087968826293945,0.9507466554641724,4.770767211914063,-4.210414886474609,-0.063488483428955,-1.2341598272323608,3043.44261890053,6612.500283225783,0.1315957620359628,0.1429911255836486,0.3415176272392273,0.3351032435894012,0.4591633677482605,0.3646680116653442,0.4271807968616485,0.5091317296028137,0.4308952689170837,0.5165431499481201,0.3716789782047272,0.3894025385379791,0.3743126690387726,0.2949151396751404,117.45383522727272,28.67266739671496,15.247930250064714,17.606517092292627,17.943466264089327,17.818827330479973,16.753536409306047,15.722786569915204,disco,活力,0
-155.67005920410156,60.62317657470703,23.156450271606445,31.17670249938965,25.046491622924805,16.90212059020996,9.445918083190918,8.451035499572754,5.319857120513916,6.555652618408203,5.76958703994751,3.923652410507202,7.568104743957519,2908.67464508436,6348.173137054089,0.101182977450696,0.1155909448862075,0.4445353746414184,0.4229236841201782,0.4480347633361816,0.4500236809253692,0.5210273265838623,0.5122193098068237,0.4539695382118225,0.4554606676101684,0.4911385774612427,0.5591908693313599,0.5522801876068115,0.5142358541488647,112.34714673913044,26.03769654375325,15.5183543797517,17.65831866775539,15.705861712904833,16.531080813498026,16.773963185070652,14.582781254116776,disco,活力,0
-20.493900299072266,53.69212341308594,5.980858325958252,10.135650634765623,17.066591262817383,9.531476974487305,4.618680477142334,6.399700164794922,-0.3361653387546539,1.7284748554229736,3.6760637760162354,-0.7774311900138855,-5.881968975067139,3715.186360888221,7728.130041418938,0.1983751148008507,0.1724963337182998,0.418897271156311,0.4984923005104065,0.6146534085273743,0.5235768556594849,0.4530893266201019,0.4647543430328369,0.4560588300228119,0.57709139585495,0.4764771163463592,0.4510458409786224,0.4745237827301025,0.3887037932872772,123.046875,26.501845259990368,14.126163049792002,16.594809264858036,15.651802390288577,16.52966762251258,15.330050244534942,14.782794244086215,disco,活力,0
-58.975624084472656,68.86752319335938,-8.467236518859863,3.6156859397888175,5.068393230438232,3.265187740325928,13.515074729919434,-1.3705546855926514,1.6674580574035645,3.704598188400269,-3.709589719772339,-0.3285945951938629,-2.8358054161071777,3075.024487857884,6847.716803672419,0.1385359266241299,0.1475345492362976,0.3110235929489136,0.3677239120006561,0.3528391122817993,0.3997704088687897,0.487913429737091,0.4413207769393921,0.4724145531654358,0.4308544993400574,0.4189588725566864,0.3147704899311065,0.2943692505359649,0.3166316747665405,103.359375,28.14654709162054,15.62998455567052,18.23156205160723,17.80667724545895,17.86874990331991,18.341727974909432,16.202721797928678,disco,活力,0
-40.75261306762695,63.94863128662109,4.900273323059082,16.338193893432617,12.10965633392334,9.33510398864746,4.537440776824951,5.185623645782471,-0.5902747511863708,-0.0855463445186615,2.94746994972229,-1.4827536344528198,-1.7634143829345703,3167.957019535548,6935.539964290893,0.1507754344305877,0.1699379086494445,0.4932696521282196,0.4227579236030578,0.4943018853664398,0.4710124433040619,0.4700173735618591,0.341681957244873,0.3574788570404053,0.4224301278591156,0.436057299375534,0.5156060457229614,0.4362364411354065,0.5405802726745605,135.99917763157896,26.613475270957377,15.24711428174751,16.65454967779197,16.04192509296596,17.76964978363594,15.739151520818623,15.651465708304396,disco,活力,0
-66.57301330566406,58.330596923828125,-8.167374610900879,15.471976280212402,5.565494537353516,7.685080051422119,4.063464164733887,-3.593889713287353,-1.33248770236969,1.6080923080444336,-5.481993198394775,-3.741950750350952,-3.2483386993408203,3256.824592073175,6681.488136238399,0.1737518428557617,0.1157366782426834,0.3535052537918091,0.4103188216686249,0.4609900414943695,0.31897833943367,0.3754039108753204,0.3205750584602356,0.5033431053161621,0.540862500667572,0.4233779311180115,0.4508724212646484,0.3611777424812317,0.4867573082447052,123.046875,19.778562647237813,15.49743838287745,18.058366857384307,17.825284630074435,18.271581161556185,17.77119874528735,14.776136018987968,disco,活力,0
-123.33120727539062,86.98848724365234,-22.51022720336914,6.942469120025635,8.465195655822754,12.644245147705078,-0.8552823662757874,-0.8346989750862122,-3.260672807693481,2.62437105178833,-0.7705084681510925,-0.4143341183662414,-3.8346292972564697,2446.973203805007,4958.0408366263055,0.1232511751981825,0.1110624819993972,0.3794803023338318,0.2942013144493103,0.3922879099845886,0.3571875393390655,0.467767596244812,0.4346231818199157,0.3031643033027649,0.321632832288742,0.3763903677463531,0.5939793586730957,0.2430774420499801,0.257122278213501,112.34714673913044,27.74734657760407,15.793658979633456,18.7593128088098,19.8891992694798,20.33432198341897,18.861424521294364,16.708319161443182,disco,活力,0
-57.8161506652832,86.55978393554688,-11.807114601135254,38.7700080871582,2.370802164077759,8.82680892944336,-1.282187581062317,9.910632133483888,-1.6604489088058472,9.840832710266112,3.00850510597229,7.504814147949219,1.7077206373214722,2450.056640885936,5023.3482272331785,0.1244871725154679,0.1569222658872604,0.4586605429649353,0.2908446192741394,0.3376213610172272,0.2761929333209991,0.4575868844985962,0.6380244493484497,0.3689172267913818,0.3789114356040954,0.3454106152057647,0.5005536675453186,0.3376440405845642,0.3122731447219848,129.19921875,26.136340207403432,15.412519001085323,19.84529645053645,19.57538893912318,19.48369993700142,18.977266128290417,18.12377745267619,disco,活力,0
-65.76850128173828,52.8183479309082,16.573312759399414,12.56186294555664,5.6153106689453125,8.38082504272461,-0.6204210519790649,-0.6156938672065735,-4.081848621368408,0.6821998357772827,-7.784730911254883,-1.893623948097229,-7.254853248596191,3653.660039941644,7835.304773600638,0.1808128504447022,0.1228636056184768,0.232928991317749,0.3737148642539978,0.517208993434906,0.3788252174854278,0.3642005920410156,0.3503979444503784,0.4875582754611969,0.3939679265022278,0.3073683381080627,0.3553513884544372,0.236494168639183,0.2942427396774292,129.19921875,27.646869028873294,14.88255544254219,18.64217970520556,18.486859517001363,18.48605827535367,16.80842169986908,16.416464507354586,disco,活力,0
-51.7651596069336,55.67180252075195,11.406057357788086,7.478551864624023,12.00295352935791,6.261124610900879,4.35258150100708,4.310238838195801,-5.940637588500977,0.5639912486076355,3.5921661853790283,-2.3924636840820312,-5.827445030212402,3623.47282265526,7702.866414860064,0.1763363725348027,0.1524545550346374,0.274080365896225,0.2910597622394562,0.3583610951900482,0.578460156917572,0.4494135975837707,0.4531661570072174,0.4489004909992218,0.3757350146770477,0.3933243453502655,0.3767940700054168,0.5111477375030518,0.3200224637985229,123.046875,30.38085335459544,14.64739983906976,17.578905451745715,17.450523568772837,17.572487686357,15.962483664974211,14.685789001329404,disco,活力,0
-23.554237365722656,57.342735290527344,6.998447895050049,16.5434513092041,5.511960983276367,11.862945556640623,1.688477873802185,5.461319446563721,2.7518310546875,7.338019847869873,1.9618067741394043,1.2653590440750122,-2.344998836517334,3347.891415972544,7057.02020419446,0.1620300717807424,0.173064038157463,0.5258702039718628,0.4097829461097717,0.4497814178466797,0.3254976570606231,0.4004135727882385,0.4946350455284118,0.3750326037406921,0.5291292667388916,0.4242803454399109,0.5326157808303833,0.3644983470439911,0.3858122527599334,135.99917763157896,26.657043186727805,14.179806224202892,17.50764245663213,17.43681246133184,17.90902888083994,16.33287913022056,17.221077732092517,disco,活力,0
-26.57212448120117,52.05680847167969,4.179826259613037,12.867350578308104,16.74480438232422,10.125092506408691,4.477273941040039,6.327497482299805,1.1676530838012695,0.6514689326286316,4.632640361785889,2.135597944259644,-3.368008136749268,3637.157091722293,7770.988276718387,0.1900112686098221,0.1639466434717178,0.3984150290489197,0.5022350549697876,0.4165688455104828,0.4165409207344055,0.4522803723812103,0.5760636925697327,0.7405216693878174,0.5112841129302979,0.4018822908401489,0.3451423943042755,0.3956038951873779,0.2969681322574615,129.19921875,25.009242290288885,14.06644817031984,16.03399724266569,16.3439035258224,17.73564458167434,16.032816567652457,14.975831205044566,disco,活力,0
-77.44352722167969,52.19202423095703,-9.003063201904297,12.859450340270996,8.564753532409668,2.890939950942993,8.930610656738281,4.007405757904053,-7.348583698272705,-2.259707450866699,0.9599889516830444,-1.045193791389465,-3.765717029571533,3353.4041591983114,7042.789638014791,0.1682021280452436,0.1130877211689949,0.4002189934253692,0.3337913453578949,0.3741683959960937,0.3359099924564361,0.4153852164745331,0.4848947525024414,0.4015854597091675,0.4475172758102417,0.3618176877498626,0.3021403551101684,0.2822022140026092,0.3075960278511047,123.046875,26.06055583821273,15.260783914405058,18.99996369295216,19.779328677880383,18.362729918681435,16.961697316336284,14.81735275663607,disco,活力,0
-107.41901397705078,91.06334686279295,-8.360447883605957,34.29916763305664,-1.918014645576477,3.776259660720825,10.525864601135254,5.5680928230285645,6.945283889770508,4.7721028327941895,0.6848718523979187,-3.8467650413513184,-2.577471971511841,2328.0941748431023,4866.670443010441,0.1011584312161639,0.124298021197319,0.2424038648605346,0.1938816606998443,0.3395776748657226,0.292529284954071,0.4418016374111175,0.2701473236083984,0.3337445259094238,0.5243586301803589,0.3392127752304077,0.4900465905666351,0.2367653250694275,0.388259619474411,112.34714673913044,24.98862411930443,15.614465427465255,21.2297327881606,22.270657414136963,20.787942509541296,19.91433511837569,16.280862427096547,disco,活力,0
-78.31010437011719,80.05325317382812,-9.145552635192873,25.45411872863769,-3.387540578842163,16.801464080810547,7.261398315429687,1.816660761833191,0.4876320958137512,6.316794872283936,1.4947495460510254,2.164970636367798,0.6583117246627808,2606.2991274506444,5354.906263594838,0.1264267026778809,0.1451296955347061,0.3480531275272369,0.3583130836486816,0.5207785367965698,0.3960174322128296,0.4368714690208435,0.5609113574028015,0.4873261153697967,0.596742570400238,0.3761921226978302,0.3394439816474914,0.3400921821594238,0.2891036570072174,135.99917763157896,27.6639954352353,14.641254495923585,18.484864101053876,18.593068860532075,17.425987500389223,17.59972833025381,16.655373392931587,disco,活力,0
-122.02580261230467,116.83340454101562,28.3161678314209,24.712554931640625,10.907238960266112,-1.897335171699524,-1.3955236673355105,-0.9501110911369324,-3.547698736190796,-2.620152711868286,-1.125432014465332,-4.18950891494751,-2.542572498321533,1776.2078695953194,3874.369482761746,0.0538442424352281,0.1753912717103958,0.2245914340019226,0.3639415502548218,0.4232467710971832,0.3292982280254364,0.4129880368709564,0.3004498481750488,0.3654150366783142,0.3217326998710632,0.3556385934352875,0.5750914216041565,0.313013881444931,0.2827551662921905,161.4990234375,29.76828669489136,18.01891555832441,22.661817019411227,21.49528055116164,20.1360301338303,17.964087251816267,15.245860861677873,disco,活力,0
-62.33566665649414,92.05890655517578,-19.73221969604492,17.626943588256836,-3.195096015930176,5.407782554626465,-4.014354705810547,8.878787994384766,-2.5088322162628174,3.154782056808472,-0.5376991629600525,-1.5001122951507568,1.293399214744568,2403.5943006159314,4900.743864196636,0.121640942212877,0.1359531879425048,0.385322093963623,0.3342258632183075,0.6355282664299011,0.3983661234378814,0.3455298244953155,0.257684051990509,0.325492262840271,0.5447060465812683,0.4053569436073303,0.3871028423309326,0.3196178078651428,0.3896181583404541,107.666015625,22.80097474351903,15.048838584478322,17.971276542155433,18.23410885092483,18.272361034433345,17.27208178724905,16.811478550353417,disco,活力,0
-62.772682189941406,77.84457397460938,3.548541784286499,26.00986099243164,5.935957908630371,11.29356575012207,11.112386703491213,-1.9588369131088257,1.8317075967788696,9.176684379577637,4.06867265701294,0.986205756664276,5.612893581390381,2875.4360880726217,6020.828480731583,0.1347388129592034,0.1736567169427871,0.5090176463127136,0.3527255654335022,0.4114315807819366,0.362221896648407,0.4482586979866028,0.376323789358139,0.3759621679782867,0.445628672838211,0.4406484365463257,0.49796062707901,0.4133104979991913,0.4088720977306366,129.19921875,25.047393594043637,16.300179341834053,19.855438960810325,18.6397227618406,19.36978927837233,19.024446119150664,16.18231834031881,disco,活力,0
-71.29618835449219,97.73014831542967,-18.382888793945312,8.583880424499512,5.191987991333008,-0.9440426826477052,0.458246111869812,1.621820330619812,-4.783833980560303,0.0617431253194808,-0.5539028644561768,-4.45856523513794,-5.319331169128418,2330.184617913994,4644.4354630401685,0.1095898739607501,0.148884505033493,0.4217288196086883,0.2893303036689758,0.3219522833824157,0.5320193767547607,0.3796435296535492,0.4012510776519775,0.2610883414745331,0.4110563397407532,0.4494585394859314,0.2701527774333954,0.3653368651866913,0.2996121346950531,123.046875,25.541448271270387,15.520804755540231,18.722643844542684,18.48694130394467,18.50664945377701,17.721552673338127,15.31254844938938,disco,活力,0
-81.30502319335938,106.47955322265624,-9.540607452392578,17.966781616210938,3.010284185409546,8.300962448120117,3.8893439769744873,4.25072717666626,-3.7409379482269287,-2.0746686458587646,-2.209534168243408,-4.5908613204956055,-1.1636227369308472,2248.030510146551,4609.5460117278135,0.1097190249178267,0.1353800594806671,0.5148983597755432,0.3719478547573089,0.5359412431716919,0.3951121270656585,0.3183685541152954,0.4061516225337982,0.3557877242565155,0.5117638111114502,0.3144524097442627,0.2779953777790069,0.4782702028751373,0.4068608582019806,123.046875,27.39973945039515,14.147349485640412,17.670567133274023,17.46360948325322,17.029560678909355,17.291203275494926,15.496448976196524,disco,活力,0
-125.73259735107422,101.78743743896484,-17.478824615478516,33.67085266113281,-15.239169120788574,23.698205947875977,-8.662550926208496,18.543148040771484,-14.054488182067873,19.96738052368164,-15.139362335205078,12.968242645263672,-14.305062294006348,2259.6134225197134,4889.502632866879,0.1141981462683681,0.112957626581192,0.3170255422592163,0.3360312581062317,0.4867011904716491,0.3633104562759399,0.312979131937027,0.4088724851608276,0.4064866006374359,0.6067848801612854,0.3885620534420013,0.3193852305412292,0.3008504509925842,0.2715788185596466,123.046875,20.63885790385925,14.315222211781222,18.18118282172159,18.853449012847666,19.48474272546233,20.32670644606321,40.91799235595075,disco,活力,0
-280.85430908203125,120.81253814697266,-37.6297607421875,28.712121963500977,-10.775235176086426,-6.405319690704346,-13.794427871704102,-4.074550151824951,-14.84901237487793,4.79644775390625,-20.16425895690918,-5.091475963592529,-6.790001392364502,1710.9750338855315,3238.8652049195184,0.087009226363109,0.0469830073416233,0.2356276661157608,0.1540747731924057,0.1838563680648803,0.15777188539505,0.2370347678661346,0.2296196818351745,0.2147902697324752,0.335298627614975,0.2422630339860916,0.2947001457214355,0.1796256154775619,0.1821181625127792,117.45383522727272,20.737726457769785,19.681392214495023,23.691039631886817,22.801044438975044,22.67063560387697,23.651724682270363,32.69866089286061,disco,活力,0
-105.02220916748048,80.18618774414062,-41.07682037353516,54.00217056274414,-8.363625526428223,25.715185165405277,-12.457801818847656,28.706199645996094,-15.013625144958496,15.607915878295898,-7.619718551635742,12.427019119262695,-7.360461235046387,2617.495747563951,4986.227183330917,0.154337659512761,0.11226137727499,0.3541748821735382,0.3345224857330322,0.522029459476471,0.5457648634910583,0.5623040199279785,0.4796664714813232,0.4126983880996704,0.3144794702529907,0.2652899920940399,0.3437250852584839,0.3543987572193146,0.428039401769638,99.38401442307692,22.498430717694827,15.049584612323349,18.104017057670607,17.75309507768778,18.31058483008248,18.640977192278825,41.69846670252626,disco,活力,0
-45.15996170043945,98.66787719726562,-24.66595458984375,40.49519729614258,-18.095556259155277,26.11712646484375,-12.685221672058104,13.979275703430176,-15.417926788330078,16.177091598510742,-14.375685691833496,8.136639595031738,-11.938591957092283,2396.988699228778,4920.578392365139,0.1352758090438901,0.2094475179910659,0.4371474683284759,0.3664228022098541,0.3418538272380829,0.4458027780056,0.3498803675174713,0.3550060987472534,0.4676308929920196,0.3369451761245727,0.4948715269565582,0.3901166617870331,0.4616129994392395,0.6076704263687134,123.046875,21.4950968571713,15.639580257504988,17.125325759736103,16.99367771926697,18.27638225768275,18.764451756576342,42.6889241011904,disco,活力,0
-45.83755493164063,101.74323272705078,-32.092620849609375,34.283172607421875,-17.537839889526367,32.319087982177734,-15.645129203796388,22.037208557128903,-16.11332130432129,18.67573547363281,-13.077868461608888,16.480182647705078,-9.910720825195312,2376.024789661101,5006.06171149942,0.1287397132395591,0.1589455604553222,0.6393333673477173,0.3522061109542846,0.3784461915493011,0.5529975891113281,0.3802145719528198,0.4103980660438537,0.4210833013057709,0.616449236869812,0.3874853849411011,0.3311311602592468,0.5056348443031311,0.4382092952728271,107.666015625,23.63604077047469,13.442653972842068,17.71531864844073,17.227812413111764,18.250702897277485,17.180715241575786,42.774580146055065,disco,活力,0
-77.26700592041016,89.39314270019531,-34.234031677246094,38.69170379638672,-22.262561798095703,31.24288749694824,-16.38173484802246,22.3354606628418,-16.019210815429688,19.276945114135746,-13.239377975463867,16.723400115966797,-10.39064884185791,2650.7330123265733,5370.86048524507,0.1576298760150812,0.1063063889741897,0.6304535269737244,0.3566091954708099,0.3897982835769653,0.554844856262207,0.3918447494506836,0.4203766882419586,0.4386893510818481,0.6395101547241211,0.3939380645751953,0.346488893032074,0.5197389125823975,0.4428438544273376,107.666015625,18.30178237265772,13.404783715678931,17.421643473967666,17.10330110114504,17.84895956746993,17.15186521299802,42.10713758252232,disco,活力,0
-70.54645538330078,90.50209045410156,-48.06134033203125,36.66894912719727,-17.682130813598633,21.58345031738281,-30.191699981689453,24.033105850219727,-20.452550888061523,14.475555419921877,-18.496910095214844,9.12170124053955,-12.0477876663208,2590.895265318272,5061.243667071491,0.1697749752271848,0.125289499759674,0.4145609736442566,0.3801300823688507,0.531674861907959,0.3371551632881164,0.3886699080467224,0.4006766974925995,0.3850477635860443,0.4406825006008148,0.3440431952476501,0.4919818639755249,0.4579746723175049,0.4234704077243805,123.046875,15.927158812039726,15.487473086120678,17.411964866544167,17.982030130107226,18.512099029058625,19.27919530939647,43.84479365541479,disco,活力,0
-108.5648422241211,69.97128295898438,14.885137557983398,45.51344299316406,-5.374344348907471,41.79509353637695,-13.517867088317873,32.56660079956055,-20.381011962890625,23.436946868896484,-12.12874698638916,18.00275421142578,-9.027056694030762,3078.4715203424157,6405.67828043431,0.154212662533836,0.1725440025329589,0.3642808794975281,0.4351573586463928,0.4430132210254669,0.5565715432167053,0.4097583293914795,0.4039452075958252,0.452128142118454,0.5164560079574585,0.6600024104118347,0.545708417892456,0.4706933200359344,0.3562941551208496,135.99917763157896,18.075061589135725,14.176544099137642,16.80195591957751,16.54949726379142,17.399778062453805,17.181766588626534,46.33009825877152,disco,活力,0
-226.3096466064453,78.28395080566406,7.823919773101807,53.82357025146485,-1.1362898349761963,11.305400848388672,-7.822294235229492,24.35828399658203,-14.93752384185791,18.47645378112793,-19.13241958618164,6.13400936126709,-10.059035301208496,2565.721387688884,5520.260613036543,0.114602970320959,0.0521479323506355,0.4075382649898529,0.2957662343978882,0.3477011024951935,0.4362694919109344,0.5245264172554016,0.3767537176609039,0.2649862468242645,0.3953909277915954,0.4742322266101837,0.5276588201522827,0.3982826769351959,0.3667010962963104,112.34714673913044,20.73802248176596,16.476612393996128,17.878099795115883,18.893066307317763,18.201841493955595,20.508952875078105,37.99259219300259,disco,活力,0
-103.1010971069336,107.49596405029295,-33.5389518737793,52.7861557006836,-9.130404472351074,30.33711624145508,-9.325206756591797,23.037296295166016,-11.889162063598633,18.16913414001465,-7.546332836151123,9.400738716125488,-5.425160884857178,2108.2221109107218,4398.119267510151,0.1103900812064965,0.1214671805500984,0.6206455230712891,0.4465196132659912,0.4564479887485504,0.3886053264141083,0.4258335530757904,0.4384864866733551,0.4101797640323639,0.5691258907318115,0.4084569811820984,0.4597508907318115,0.4803858697414398,0.4535324573516845,129.19921875,17.387473250921772,14.872882281353276,16.943359489990286,17.51828717020948,17.892316564031443,20.11866114536836,40.75600006043493,disco,活力,0
-182.81173706054688,124.19493103027344,-10.05361270904541,41.57794189453125,-7.377842903137207,26.93907165527344,-12.354729652404783,19.813566207885746,-16.044252395629883,16.194204330444336,-10.25069522857666,3.1294546127319336,-8.979432106018066,1755.0626026809584,3815.532045297999,0.0769275213892111,0.0761777088046073,0.3233932554721832,0.2785438895225525,0.3079180717468261,0.2878782749176025,0.3630804419517517,0.3534962832927704,0.5174717307090759,0.4883874654769897,0.3143627047538757,0.3468977808952331,0.3132684528827667,0.406232625246048,89.10290948275862,17.071108679408947,15.077234824699843,18.77410393675177,18.880577793379768,19.309326476248103,18.253301594095348,37.59666022624958,disco,活力,0
-143.2467041015625,122.6179428100586,-23.91728973388672,28.13870620727539,-23.69029998779297,23.092947006225582,-17.90481185913086,18.745880126953125,-18.63771247863769,18.351133346557617,-13.917981147766112,9.72555160522461,-12.233235359191896,1937.5108828466305,4163.010995957801,0.0924305454853055,0.0761604309082031,0.4143769741058349,0.2785699367523193,0.3367580473423004,0.581756055355072,0.3462559580802917,0.350432276725769,0.2585487961769104,0.3922002017498016,0.5199593901634216,0.324619859457016,0.3456594049930572,0.2921853363513946,117.45383522727272,18.966488423212557,15.476469656866517,18.596563167975745,18.21567721649065,17.640538213902513,16.84011987158019,38.70221475098228,disco,活力,0
-109.57256317138672,104.13824462890624,-16.223966598510742,45.34979248046875,-10.18936252593994,25.54694366455078,-17.156564712524414,22.264034271240234,-16.843860626220703,16.52762222290039,-12.082589149475098,8.661933898925781,-8.848724365234375,2218.099825491157,4744.041099459832,0.1109455813756767,0.1221813857555389,0.3934773206710815,0.3738136291503906,0.4385795593261719,0.37775319814682,0.4665940999984741,0.4618669152259826,0.373660147190094,0.386557787656784,0.4572023153305053,0.5255322456359863,0.3799218833446502,0.3728805184364319,129.19921875,23.800281316085947,14.06864437911046,17.47269881448522,16.755838917289786,17.891148149801136,18.196388419118023,41.12633427673161,disco,活力,0
-109.09089660644533,106.83238220214844,-18.27195167541504,23.419095993041992,-17.746166229248047,19.014434814453125,-13.604413986206056,18.686166763305664,-18.363712310791016,18.39069175720215,-9.709160804748535,11.856559753417969,-5.552552223205566,2280.0273192565046,4829.1746913971865,0.1101755848801237,0.1169051453471183,0.3790165483951568,0.4485104084014892,0.496132880449295,0.3171377182006836,0.3252245783805847,0.3134855926036834,0.4389882683753967,0.3678308129310608,0.3492662906646728,0.4510085582733154,0.4405705332756042,0.5183361172676086,123.046875,22.437512115819704,14.3990370569045,17.649589028964737,17.376385962492733,16.488307540262365,17.00044494236653,40.357807698675465,disco,活力,0
-121.18379974365234,116.97425842285156,-22.781049728393555,45.15374374389648,-4.218045234680176,30.248779296875,-12.239500999450684,21.706035614013672,-16.536746978759766,16.226421356201172,-10.65036678314209,7.32931661605835,-9.341279983520508,1974.5076873650016,4249.843262851653,0.0929732060856535,0.1144544184207916,0.5877526998519897,0.3992266654968261,0.3900599181652069,0.3451229333877563,0.4034751057624817,0.4379577040672302,0.4075981080532074,0.5446559190750122,0.3822566568851471,0.4302931725978851,0.4576555788516998,0.4327964186668396,129.19921875,22.1844566836534,14.863701502571782,17.276043018312848,17.551362446384406,18.2700030764901,19.49075524665785,39.793480243019886,disco,活力,0
-91.98377227783205,87.64009857177734,-2.066795587539673,34.27814483642578,-18.124570846557617,19.345659255981445,-14.665754318237305,17.112077713012695,-15.336203575134276,17.028182983398438,-13.534050941467283,11.835088729858398,-9.814680099487305,2549.269756774819,5583.144893779002,0.1158336807569605,0.184339702129364,0.4329018294811249,0.3216491043567657,0.3663852512836456,0.3444401025772095,0.3215557634830475,0.3351743817329407,0.3329903483390808,0.3529141247272491,0.2696354687213897,0.2449277341365814,0.2390616834163665,0.3180064857006073,123.046875,16.84331507914247,15.728974619819084,19.02366563456431,19.995101103420534,19.370803943980427,18.63316856236189,43.55392594738717,disco,活力,0
-107.98770141601562,81.93318939208984,-30.60575485229492,41.32852554321289,-8.4967041015625,31.341997146606445,-8.859783172607422,26.031679153442383,-8.266654014587402,17.88808822631836,-4.646325588226318,7.425039768218994,-4.354049682617188,2387.679352105526,4919.995513703596,0.1276283352668213,0.1510787159204483,0.4757337868213653,0.381687194108963,0.3847975432872772,0.4101559519767761,0.4045425355434418,0.5010846853256226,0.4038434326648712,0.5069088935852051,0.335386723279953,0.4119998514652252,0.4661895334720611,0.4414930045604706,107.666015625,17.0329485730944,15.884512453308622,17.97560839391165,18.00874185386769,18.29884572374272,17.66785040352142,42.11155050224834,disco,活力,0
-51.74236297607422,70.33154296875,-3.8982093334198,49.74502182006836,1.5872373580932615,35.71136474609375,-4.094437122344971,24.790552139282227,-9.714731216430664,22.046329498291016,-6.115389347076416,17.181833267211914,-2.779345989227295,2583.5803998593105,5856.390083472303,0.0997170007975638,0.2937323153018951,0.6459962725639343,0.542022705078125,0.5185099244117737,0.5625624060630798,0.545028567314148,0.6050525307655334,0.5020061135292053,0.5088250637054443,0.5234871506690979,0.5250014662742615,0.5329397916793823,0.5655916929244995,129.19921875,22.035953828798664,13.18799557249312,16.721268362968313,16.04314391316561,16.183704522376605,15.825925687872036,39.72139438060143,disco,活力,0
-189.1540069580078,93.94435119628906,7.8499226570129395,41.89419555664063,-7.111259937286377,31.876928329467773,-12.591970443725586,24.20943260192871,-6.070887088775635,24.529634475708008,-6.031069278717041,16.755128860473633,-2.0233445167541504,2144.867078927163,4947.807152697216,0.0648764531370843,0.0921835005283355,0.6106061935424805,0.4427445828914642,0.3671353459358215,0.293836236000061,0.3623236119747162,0.3751436173915863,0.381573349237442,0.451835572719574,0.2895545959472656,0.2512316703796386,0.3127352297306061,0.5213061571121216,123.046875,19.505773006378814,15.854626726928442,18.16136155211892,18.45513106546732,21.1825005027136,18.88050653689935,39.81131317748586,disco,活力,0
-106.29430389404295,105.61094665527344,-5.504286766052246,50.05148696899414,1.250188946723938,36.981842041015625,-9.615050315856934,23.992408752441406,-8.664799690246582,14.95967960357666,-2.535745620727539,9.75111198425293,-0.9251957535743712,1887.0062144326305,4363.138220979554,0.0736186889742846,0.1852918267250061,0.4191324412822723,0.4241340160369873,0.4446515440940857,0.3704513907432556,0.4282047748565674,0.5006526112556458,0.6824102401733398,0.5090173482894897,0.4079855978488922,0.4790436625480652,0.435208797454834,0.5498682260513306,129.19921875,15.76484406607288,15.726859006964167,18.93892929068848,17.36443646455197,18.270367012514857,17.317189906110915,40.30558033139074,disco,活力,0
-57.61141586303711,96.70357513427734,-24.457252502441406,39.99736022949219,-17.280683517456055,27.833837509155277,-13.284010887145996,23.19786834716797,-16.520660400390625,19.428203582763672,-15.479723930358888,11.827777862548828,-10.570341110229492,2492.5900128312974,5114.010839617169,0.1385699137180974,0.1695586889982223,0.4251895844936371,0.4480456709861755,0.4585500955581665,0.4478624165058136,0.5862995386123657,0.4358599483966827,0.406392753124237,0.4388613700866699,0.4388414621353149,0.5189315676689148,0.394147515296936,0.4101235866546631,135.99917763157896,20.776337736461965,13.96341970946176,16.790277519757353,17.610631778472467,18.73739999716573,18.857265220002034,43.39868011507239,disco,活力,0
-103.80819702148438,92.4626235961914,-27.21350479125977,39.22121047973633,-23.041711807250977,20.6254825592041,-17.769180297851562,18.95148086547852,-15.207714080810549,16.388751983642578,-14.656908988952637,12.24164581298828,-14.979622840881348,2541.894374434493,5183.456668720998,0.1432352088167053,0.0913189873099327,0.3029979765415191,0.4175317287445068,0.3544204533100128,0.3095780313014984,0.5722630620002747,0.330162763595581,0.3364880383014679,0.2408630400896072,0.345532476902008,0.5174039602279663,0.3120073080062866,0.33988818526268,99.38401442307692,19.806080937257736,15.244075655494898,18.66373981258601,18.38003801598229,18.281807470415515,17.293343804369734,41.01226992013086,disco,活力,0
-93.35663604736328,77.85465240478516,-8.789851188659668,42.06367111206055,-11.246891021728516,24.241188049316406,-17.913877487182617,22.249004364013672,-16.031782150268555,16.692520141601562,-15.664026260375977,15.410893440246582,-18.117002487182617,2956.079112286355,6131.50048488254,0.1626135168938515,0.1067553535103797,0.3845163285732269,0.6064060926437378,0.3665404617786407,0.3520090579986572,0.3902244567871094,0.4415103495121002,0.5619341135025024,0.3915216624736786,0.4362586140632629,0.3084994852542877,0.369757205247879,0.3847164511680603,107.666015625,23.023086136157925,15.882145572007918,18.33133970921449,18.68640509732722,18.158606582529224,16.602525772834586,42.76583279234024,disco,活力,0
-118.40576934814452,114.23575592041016,-6.764106273651123,37.3933219909668,-17.423431396484375,28.370479583740234,-23.717119216918945,9.281444549560549,-10.43462371826172,12.624009132385254,-5.141177177429199,12.252357482910156,-3.865487813949585,1931.0406859349848,4516.06060125435,0.0836037195475638,0.1115494221448898,0.5612373948097229,0.2955543398857116,0.3674168288707733,0.5488540530204773,0.4015603065490722,0.4900506436824798,0.348715603351593,0.3953105807304382,0.2768913805484772,0.2805934846401214,0.3351199924945831,0.3711155951023102,107.666015625,20.17432293505469,13.123626461813764,17.16267707514005,17.123469210687666,18.962533575281803,16.61204650337906,39.056324731868486,disco,活力,0
-81.7620849609375,97.61368560791016,-27.61421203613281,36.656280517578125,-17.25920295715332,30.74907493591309,-15.952651023864746,20.96842384338379,-16.221738815307617,17.413185119628906,-13.36976146697998,15.092774391174316,-10.377819061279297,2449.2386358180383,5184.522503987819,0.134583605230085,0.1109785288572311,0.6378008723258972,0.3567352294921875,0.3810485601425171,0.5422369241714478,0.3819169998168945,0.4235793650150299,0.4337210953235626,0.6155486702919006,0.3932985663414001,0.3442482054233551,0.5118429660797119,0.4443563818931579,107.666015625,17.509579558033252,13.64373605764544,17.46112409260979,17.035458557158663,17.743641560128136,16.92990237510513,41.721938775826,disco,活力,0
-105.53448486328124,79.25039672851562,-15.200756072998049,40.80681610107422,-12.249134063720703,23.53496551513672,-19.93960189819336,27.305809020996094,-16.492477416992188,21.520198822021484,-11.671629905700684,13.985746383666992,-10.764670372009276,2809.0680167308506,6001.635119090777,0.155900310566512,0.0981015264987945,0.4928674399852752,0.3538467288017273,0.3822911083698272,0.5729227662086487,0.5571472644805908,0.6482789516448975,0.3813987374305725,0.3260185420513153,0.3423930704593658,0.3587998747825622,0.4112021028995514,0.3996893465518951,112.34714673913044,20.82000903655678,14.036441850435478,17.707566320599724,17.90393026763504,17.75024707281774,17.021824867979902,42.94935498567655,disco,活力,0
-128.43966674804688,67.2624282836914,-36.92177963256836,40.89099884033203,-21.74936866760254,23.135217666625977,-13.251678466796877,13.08155345916748,-14.004082679748535,17.78702735900879,-15.169231414794922,16.377792358398438,-10.453286170959473,2902.9084645115768,5470.108067629785,0.1840673035092807,0.0844922885298729,0.3388378322124481,0.4878461062908172,0.6150218844413757,0.4025448858737945,0.4725677967071533,0.3665259480476379,0.4110642671585083,0.349484384059906,0.3991170525550842,0.5688204169273376,0.4023236036300659,0.3973643481731415,135.99917763157896,17.503380576352992,16.291325302210677,18.57631498771759,18.52748340038048,18.659183652523502,19.368539881213884,41.30899658619183,disco,活力,0
-95.2695770263672,82.22649383544922,-26.23598861694336,37.5103759765625,-16.362791061401367,25.28815078735352,-21.807662963867188,21.80565643310547,-20.065622329711918,16.303897857666016,-16.122407913208008,14.43095588684082,-11.909069061279297,2847.3774256059246,5925.935834632395,0.1763450581254833,0.0955054238438606,0.384384274482727,0.3990078270435333,0.649864137172699,0.3505547940731048,0.4091960191726684,0.5110660791397095,0.4486533403396606,0.621006429195404,0.3440902829170227,0.3689029514789581,0.4468660056591034,0.4224278926849365,112.34714673913044,19.018989593573533,14.003511907184176,17.426180056341725,17.551614227822487,17.47812474347796,16.896336138982605,43.330742167680455,disco,活力,0
-40.81153869628906,86.80333709716797,-26.94032859802246,34.944278717041016,-20.044639587402344,21.66502952575684,-23.94926643371582,19.274099349975582,-17.52947998046875,18.051179885864254,-16.018600463867188,12.443822860717772,-13.87908172607422,2648.809544128405,5546.0321767147625,0.1510733879543696,0.1775928288698196,0.4734398424625397,0.3014709949493408,0.3401806354522705,0.5441057085990906,0.5159397721290588,0.6323168873786926,0.3209496140480041,0.2805154919624328,0.3222057521343231,0.3492589592933655,0.3967275619506836,0.3565726578235626,112.34714673913044,20.36382091127472,14.09077751517246,17.64742922827363,17.70081869259682,17.71127814368675,17.02897385021446,44.403997865733935,disco,活力,0
-91.73849487304688,86.31415557861328,-17.35449981689453,43.08697891235352,-18.393627166748047,34.048004150390625,-18.38849449157715,26.830928802490234,-13.56145477294922,20.20347023010254,-14.606948852539062,12.665814399719238,-12.59261703491211,2690.503166212552,5775.486525250145,0.1298956520688321,0.1108839660882949,0.4797135889530182,0.4323304295539856,0.4261431694030761,0.3654804527759552,0.3611964583396911,0.3894623219966888,0.4271610677242279,0.5895693898200989,0.5173082947731018,0.4133259356021881,0.3606652915477752,0.3880676031112671,135.99917763157896,23.534057561571775,13.94657464818484,17.25763870750282,17.01148347685845,17.297319328013227,16.373195092191217,42.82482393768196,disco,活力,0
-95.91632843017578,103.34938049316406,-36.492469787597656,27.09720039367676,-22.86488151550293,9.975509643554688,-24.651752471923828,15.649426460266112,-20.147499084472656,18.73279190063477,-18.55528259277344,9.852910995483398,-15.085710525512695,2251.7610160342965,4557.353391005656,0.1218607254205336,0.1242188736796379,0.3116035759449005,0.2210050672292709,0.3956392109394073,0.4390812516212463,0.4430932700634002,0.5079967379570007,0.2988441884517669,0.3620498776435852,0.3087894320487976,0.335330605506897,0.3305440843105316,0.2842074036598205,129.19921875,17.986840138190903,16.990401082123803,19.34583188592444,19.700803910481188,18.97379903798397,19.096116699104563,41.47652550360967,disco,活力,0
-56.88446044921875,97.00123596191406,-17.859025955200195,44.9279899597168,-6.923825263977051,23.798044204711918,-23.31004905700684,25.989112854003903,-10.475471496582031,10.44265079498291,-15.224968910217283,10.025230407714844,-9.165606498718262,2309.274600517877,4945.325754966648,0.1175809950212683,0.2065750956535339,0.5510132312774658,0.378881424665451,0.4071847796440124,0.3429387509822845,0.4291157722473144,0.37741219997406,0.342669814825058,0.4980218708515167,0.4110064804553985,0.5215591192245483,0.3290387392044067,0.4000227153301239,117.45383522727272,22.97979058765557,13.94379707752304,17.811517970910607,19.17030627897236,20.76087900585194,17.43079257183132,42.746048975271655,disco,活力,0
-182.107666015625,103.4304428100586,-18.18817901611328,31.197874069213867,-12.529232025146484,18.83884048461914,-12.868974685668944,19.37246322631836,-17.702714920043945,18.49202919006348,-14.325810432434082,11.538477897644045,-11.629478454589844,2218.89166415782,4882.1333812173725,0.0961245649651972,0.0682181194424629,0.4403880536556244,0.2873209118843078,0.2469392269849777,0.2836807668209076,0.4297726452350616,0.602705717086792,0.3738157451152801,0.3066290616989136,0.2530776262283325,0.24080790579319,0.2357292026281356,0.2823461294174194,129.19921875,19.17462345138061,17.017902841722748,20.270373007314216,18.626339846045678,18.06971034912674,17.4343038263451,38.54133201569121,disco,活力,0
-154.6510467529297,97.9324722290039,-10.347631454467772,39.127403259277344,-11.20980739593506,24.1033935546875,-11.851628303527832,24.19209861755371,-13.451448440551758,20.557750701904297,-8.308699607849121,5.884982585906982,-9.684563636779783,2292.343238495662,5038.586340813515,0.0997630721916086,0.0847454592585563,0.3884017169475555,0.4242053925991058,0.4062435328960418,0.4475277960300445,0.4850475192070007,0.6476290822029114,0.5115928053855896,0.4333930313587188,0.5574079155921936,0.3918016850948334,0.3902121484279632,0.3524811565876007,123.046875,24.3319954388452,13.627797739015527,16.46321083777407,16.98192755253726,17.22833169246211,17.787734247578864,40.55302258077481,disco,活力,0
-219.40530395507807,94.6740493774414,12.12384033203125,48.86188125610352,-7.206564426422119,16.640010833740234,-15.078675270080566,21.715749740600582,-19.99355697631836,13.237187385559082,-15.695850372314451,5.0565505027771,-15.275193214416504,2144.4212945283607,4958.257334414879,0.0847419095610982,0.0591965802013874,0.3540672659873962,0.4548778831958771,0.2854880392551422,0.3053700923919678,0.3395309746265411,0.5425769686698914,0.4853435456752777,0.357393741607666,0.4614101648330688,0.3516683876514435,0.4260867238044739,0.3009125888347626,99.38401442307692,21.957514037814185,16.211273468422352,19.0398395929678,18.317365813054444,18.52464405946641,19.64487395537116,38.96445389877226,disco,活力,0
-193.1521148681641,89.18025207519531,-19.99084854125977,38.73858642578125,-2.721124649047852,17.0499267578125,-7.942614555358887,16.082536697387695,-16.751808166503906,7.717518806457519,-15.705435752868652,9.018949508666992,-11.315524101257324,2292.7794270588483,4741.368184454756,0.1164020204949729,0.0786999687552452,0.4158866703510284,0.3455454111099243,0.3402839004993438,0.3760951459407806,0.5528622269630432,0.4315999746322632,0.2458600401878357,0.3315080404281616,0.3153723776340484,0.346131682395935,0.2799019813537597,0.3208703100681305,129.19921875,22.1245193886536,15.888563675498688,19.46793995666381,19.450281540237903,20.14781087474405,20.85574431449528,38.36231406737148,disco,活力,0
-63.61102294921875,94.46295928955078,-13.432527542114258,32.754234313964844,-13.73465633392334,26.770050048828125,-19.40343475341797,24.6492862701416,-11.66947078704834,13.7286376953125,-9.449254989624023,8.831938743591309,-4.984809875488281,2577.207725556345,5419.988829575116,0.1381975662219644,0.1808570474386215,0.6227138638496399,0.3912728428840637,0.3539314866065979,0.4308063685894012,0.3498263955116272,0.4196788668632507,0.3634451031684875,0.4848189055919647,0.4531553089618683,0.3432191908359527,0.4077121913433075,0.4520285725593567,123.046875,17.317880384683118,15.39568495103042,18.598779208998813,18.531215660227367,18.688755518480388,17.7474419994947,39.93714595817266,disco,活力,0
-167.48876953125,112.50460052490234,-4.578629970550537,37.09139251708984,-8.612248420715332,27.81465721130371,-14.704627990722656,18.514869689941406,-16.47320556640625,13.75543212890625,-13.3242826461792,10.204630851745604,-11.572749137878418,1959.0741388861084,4352.013565382105,0.0899853628915313,0.0875679478049278,0.3228354156017303,0.3959420621395111,0.4376276433467865,0.4568504095077514,0.5520723462104797,0.4651708900928497,0.3966816961765289,0.4173764288425445,0.4889278411865234,0.3832886517047882,0.3083732724189758,0.345051497220993,117.45383522727272,18.18436921185906,15.118430040381964,17.372801015679457,17.95528580802025,17.98521069840357,17.00503424426921,38.73266465437979,disco,活力,0
-197.21649169921875,83.34770202636719,-38.58099365234375,43.67588424682617,-7.302443504333496,25.63462257385254,-8.659459114074707,13.366768836975098,-12.161141395568848,12.14454460144043,-12.04527187347412,10.619483947753906,-2.399330139160156,2455.249157769272,4726.57972012761,0.1514181681409512,0.0619918592274189,0.4793612957000732,0.5560317635536194,0.4944168031215668,0.42718505859375,0.4394970238208771,0.398348331451416,0.4718463122844696,0.4277594983577728,0.5221761465072632,0.561690628528595,0.6588279008865356,0.6061527132987976,112.34714673913044,17.296966197493976,12.720324537375726,17.103568304827316,15.557984257484716,16.630375027053816,19.141892730985543,37.86595800120764,disco,活力,0
-166.8841552734375,67.67794799804688,11.208783149719238,37.44181823730469,-10.936878204345703,27.395809173583984,-18.94221305847168,27.29613876342773,-15.84908962249756,20.54136657714844,-8.619038581848145,14.184041976928713,-6.046257019042969,3004.2823843648275,6576.211923125725,0.1586842311968291,0.0891960337758064,0.6477569937705994,0.5290030837059021,0.5141125321388245,0.5567101240158081,0.6331910490989685,0.5829208493232727,0.5214373469352722,0.5594161748886108,0.5432289838790894,0.5296593308448792,0.5351446270942688,0.6645643711090088,123.046875,19.265216071740937,12.264098554181722,15.012923398501698,15.937140870631849,15.757314090891496,15.367574860019008,42.13719308148607,disco,活力,0
-95.7837371826172,122.07247924804688,-29.34126663208008,50.33086395263672,-11.952024459838867,28.393482208251957,-7.055488109588623,11.860459327697754,-8.614768028259277,11.576042175292969,-18.40104484558105,6.876073837280273,-11.656872749328612,1867.9449473321624,3804.782097411543,0.0944656171452049,0.1652407050132751,0.467953085899353,0.3480287492275238,0.3947673439979553,0.4299384951591491,0.4003989696502685,0.3332545459270477,0.3390848040580749,0.4809693992137909,0.3968094289302826,0.3928817808628082,0.3663679659366607,0.3915773332118988,123.046875,23.314284614981705,16.101675673380786,19.508211457660757,19.673271991397403,19.309951731814092,19.342898912509938,39.19602115791872,disco,活力,0
-100.28072357177734,109.98675537109376,-26.644407272338867,36.837772369384766,-10.409534454345703,28.78653717041016,-14.846010208129885,21.28755760192871,-19.685312271118164,18.507953643798828,-16.396865844726562,9.154231071472168,-13.79087257385254,2139.9275394701567,4527.826423379495,0.1002388915071539,0.1192207932472229,0.45013228058815,0.3684294819831848,0.358547568321228,0.3902338147163391,0.3807771801948547,0.4814893007278442,0.4209427237510681,0.4060791134834289,0.3866505324840545,0.3390206694602966,0.3201416134834289,0.3135296404361725,107.666015625,25.89967844155848,15.074627652376764,18.599578995680343,17.734945947273456,17.95883554375626,17.37448397870374,41.32254179414051,disco,活力,0
-97.90475463867188,101.02156066894533,-40.56285095214844,51.03369522094727,-11.708700180053713,25.06258773803711,-14.040237426757812,17.196807861328125,-9.614368438720703,16.974563598632812,-7.166896820068359,11.722058296203612,-5.717738628387451,2238.534887235576,4384.238428527407,0.1314061895784996,0.1190052330493927,0.4983634352684021,0.3421418666839599,0.4761146306991577,0.3106282949447632,0.3602904081344604,0.4031832218170166,0.3536350131034851,0.5766758918762207,0.3634948134422302,0.4089775681495666,0.3013418614864349,0.3808446824550628,123.046875,22.04740614684229,14.764238944562008,19.03592438171713,19.57366714561802,19.40157377356953,18.967962004920444,40.536970952022,disco,活力,0
-114.9353256225586,113.47696685791016,-29.81976890563965,42.61116790771485,-10.305928230285645,26.97817039489746,-14.481595993041992,21.23563766479492,-17.64386749267578,17.091943740844727,-13.474371910095217,8.586037635803223,-11.412158966064451,2128.932662144525,4423.058147386166,0.1118250918406805,0.1002926304936409,0.5649431347846985,0.3776799738407135,0.3964923620223999,0.3425679504871368,0.4124644100666046,0.4493533670902252,0.4109027981758117,0.5714749693870544,0.3788788318634033,0.4220196306705475,0.4373842477798462,0.3928420543670654,129.19921875,22.09965200300505,14.891634480863964,17.001795929032273,17.603410836109234,18.13911230212733,19.851148632639283,39.947093904864936,disco,活力,0
-125.69112396240234,88.54061889648438,-16.764917373657227,42.784759521484375,-9.905492782592772,29.1658878326416,-19.35784339904785,20.462629318237305,-16.48971939086914,15.013230323791504,-8.762800216674805,12.773268699645996,-7.757984638214111,2574.459664277503,5458.62535799739,0.1461135380413766,0.0906011909246444,0.4456219375133514,0.4441411793231964,0.6390340924263,0.401413083076477,0.4779039621353149,0.6105749607086182,0.5512664318084717,0.5485902428627014,0.395227700471878,0.4454255104064941,0.4375321865081787,0.427413672208786,129.19921875,20.222564818818157,13.26852813925567,16.297340410548458,17.316631863376244,18.023496176286404,16.7033187202503,41.05320770227687,disco,活力,0
-116.88239288330078,98.4711685180664,-18.994415283203125,44.84028625488281,3.802605867385864,28.490915298461918,-1.1055837869644165,14.694502830505373,-7.755101680755615,9.754842758178713,-10.107707023620604,6.374910831451416,-3.911044359207153,2038.0233320076643,4205.2946794337295,0.091605792005027,0.1735767722129821,0.5550999641418457,0.527893602848053,0.5074421167373657,0.4793162047863006,0.3238753378391266,0.3232403099536896,0.3277894854545593,0.4735227227210998,0.3353119492530823,0.2347642034292221,0.4512479305267334,0.4595669209957123,99.38401442307692,20.86291902897776,15.390752101160675,19.05675566176744,19.23275822121093,19.786997607659053,20.14615419185783,37.956255665044615,disco,活力,0
-123.83838653564452,89.85542297363281,-1.846598744392395,51.16645050048828,-16.249853134155273,28.270509719848636,-12.485133171081545,19.029924392700195,-13.273393630981444,18.48080062866211,-13.773316383361816,12.864999771118164,-8.755853652954102,2457.2908366769266,5267.457810687355,0.1174699705143078,0.1066576391458511,0.3050150573253631,0.3978243768215179,0.3050592243671417,0.3975151777267456,0.5853946208953857,0.4031890034675598,0.3100912272930145,0.3280334174633026,0.5292633175849915,0.2415723502635955,0.224202811717987,0.4226236939430237,117.45383522727272,17.281888896458362,15.844255408778023,18.72354242960763,19.553952574844143,18.70635065462295,17.68480543006273,41.391021462296834,disco,活力,0
-86.06047821044922,87.53961944580078,-20.164945602416992,53.99480438232422,-1.0499107837677002,19.55442237854004,-4.069276332855225,21.033279418945312,-19.546560287475582,12.37977123260498,-22.00703239440918,9.582277297973633,-15.91219711303711,2460.976249719336,5018.7851199971,0.1370223680394431,0.1532868444919586,0.5157285332679749,0.4109083414077759,0.4574965834617615,0.3529835939407348,0.4038091599941253,0.5225192308425903,0.3345844745635986,0.407419353723526,0.3100842833518982,0.4560603499412536,0.3866462409496307,0.3404536545276642,107.666015625,19.069749905556755,13.373463781317932,17.42732166854141,19.74808074614596,19.45599315340569,19.05666847293098,42.06618836846508,disco,活力,0
-130.04454040527344,102.52375793457033,-4.447380065917969,50.05027770996094,-15.527547836303713,32.127708435058594,-18.167598724365234,24.282224655151367,-11.898268699645996,13.758482933044434,-12.887310981750488,7.27159309387207,-9.363436698913574,2207.5083642922987,5074.241861223898,0.0935562735643851,0.0992944613099098,0.7009884119033813,0.4386107623577118,0.358682781457901,0.3415369987487793,0.4024429619312286,0.387415200471878,0.3248094916343689,0.4404254257678985,0.3354612588882446,0.3420886099338531,0.4463376700878143,0.4863893985748291,135.99917763157896,21.720583277661312,14.080193755986643,17.044215865435902,17.567866447408534,18.776079460883604,18.33837273782564,41.56094301329286,disco,活力,0
-159.87213134765625,81.97704315185547,-16.809410095214844,52.47428512573242,-4.483214378356934,22.819843292236328,-8.224291801452637,23.363256454467773,-5.51419734954834,17.69527816772461,-15.364145278930664,10.800621032714844,-13.514514923095703,2487.329042044781,5008.401552983613,0.1180315128335266,0.098395437002182,0.421818733215332,0.3937539458274841,0.5708183646202087,0.479559451341629,0.4345781505107879,0.4853558242321014,0.4372254014015198,0.5348371863365173,0.5001473426818848,0.5171358585357666,0.4369084239006042,0.4043949544429779,123.046875,23.22110841666572,14.61066893324195,18.94327813720234,18.960658217832894,19.836280697907984,19.29510492584583,39.53610383170684,disco,活力,0
-133.8544158935547,93.4715805053711,-24.21526908874512,61.42246627807617,-22.84237289428711,30.96756935119629,-14.948222160339355,20.224098205566406,-9.285204887390137,15.777139663696287,-8.730884552001953,11.95977783203125,-5.319780826568604,2481.7391882072347,4956.558659458382,0.1343604233130317,0.0919708684086799,0.4286753833293915,0.3748860359191894,0.4367117881774902,0.3526508212089538,0.3849830031394958,0.330466479063034,0.4199377298355102,0.524111807346344,0.4140517711639404,0.4125896394252777,0.3879992067813873,0.532372236251831,103.359375,23.522146381442827,14.98174293283591,18.707473744939183,18.802536315159728,18.277157777804277,18.213731572787733,41.36188181948708,disco,活力,0
-116.93205261230467,75.74908447265625,-4.221549034118652,37.29044723510742,-5.326528549194336,31.376789093017575,-12.156291007995604,22.91886711120605,-11.431438446044922,14.620312690734863,-13.04833698272705,13.391820907592772,-13.217572212219238,2825.987251028338,6233.179503969693,0.120450638655259,0.1080680042505264,0.3750099837779999,0.3303998708724975,0.3608066439628601,0.2749397158622741,0.2971896529197693,0.5953247547149658,0.3300201296806335,0.2699035406112671,0.3992059528827667,0.4615519940853119,0.8023647665977478,0.4829849302768707,129.19921875,24.39748187497208,15.661903632745547,18.093117918068454,18.511230146681108,18.83290459023577,17.482548063894523,42.3089960852404,disco,活力,0
-91.60157775878906,99.44184112548828,-8.968849182128906,40.15718460083008,-18.0112361907959,22.5396728515625,-21.94744873046875,15.766948699951172,-25.639265060424805,17.6573486328125,-13.664313316345217,15.622417449951172,-15.459026336669922,2418.030526971729,5386.464979698376,0.1125694091985692,0.122635394334793,0.3863363862037658,0.4518317878246307,0.4692081212997436,0.42787966132164,0.5168328285217285,0.4854319989681244,0.6252051591873169,0.4391731023788452,0.3153541982173919,0.3296526372432709,0.346228539943695,0.4990836679935455,123.046875,24.26900258361448,14.04501755855554,16.733034981544446,16.73939928153823,16.74706513039892,16.974805390930218,42.55908930301283,disco,活力,0
-91.60157775878906,99.44184112548828,-8.968849182128906,40.15718460083008,-18.0112361907959,22.5396728515625,-21.94744873046875,15.766948699951172,-25.639265060424805,17.6573486328125,-13.664313316345217,15.622417449951172,-15.459026336669922,2418.030526971729,5386.464979698376,0.1125694091985692,0.122635394334793,0.3863363862037658,0.4518317878246307,0.4692081212997436,0.42787966132164,0.5168328285217285,0.4854319989681244,0.6252051591873169,0.4391731023788452,0.3153541982173919,0.3296526372432709,0.346228539943695,0.4990836679935455,123.046875,24.26900258361448,14.04501755855554,16.733034981544446,16.73939928153823,16.74706513039892,16.974805390930218,42.55908930301283,disco,活力,0
-80.9342269897461,84.78052520751953,-31.53462791442871,33.90174102783203,-19.83676147460937,23.553936004638672,-22.136857986450195,20.026500701904297,-16.76481056213379,19.21947860717773,-13.098828315734863,11.502167701721191,-10.718427658081056,2668.000439557657,5475.470551315981,0.147308750845901,0.1252043843269348,0.3754906058311462,0.3575955033302307,0.478376179933548,0.4515606462955475,0.614051342010498,0.4705201685428619,0.45571368932724,0.4683745503425598,0.4652330875396728,0.5391836762428284,0.4175224006175995,0.4359001517295837,117.45383522727272,16.861378242790174,13.214964921997623,15.793577490262477,16.217045340579716,16.125088285566854,16.176874430250166,42.203502647484775,hiphop,律动,5
-81.23490905761719,49.59363555908203,-14.547479629516602,57.9649658203125,6.819768905639648,27.149471282958984,-6.858137130737305,31.30455780029297,-10.085701942443848,20.30662727355957,-2.541109561920166,12.749883651733398,3.98340106010437,2808.925771808581,5528.454221650232,0.0977064753721964,0.2853830456733703,0.4932142794132232,0.551151692867279,0.7130405306816101,0.8043497204780579,0.6252232789993286,0.4158608019351959,0.2988280653953552,0.2418168038129806,0.2699767351150512,0.3302615582942962,0.3477389514446258,0.3950268626213074,92.28515625,27.534728909076268,15.261157974347231,18.80153319692216,18.114679150985747,17.918666636019513,18.627175471592537,40.261474672668285,hiphop,律动,5
-202.88803100585935,132.3721466064453,12.017282485961914,43.7468147277832,-10.215272903442385,17.121580123901367,-13.547270774841309,15.044367790222168,-16.24814796447754,9.42336082458496,-11.63670253753662,7.048088073730469,-4.321259021759033,1490.683575771141,3095.0940196309457,0.058711571925754,0.0934789478778839,0.3922503292560577,0.4013038277626037,0.4163282215595245,0.3756684064865112,0.3437180519104004,0.3709711134433746,0.3066550493240356,0.2878968715667724,0.361844927072525,0.4698920547962188,0.6071159243583679,0.5172948241233826,99.38401442307692,22.483702494342467,14.545301655872798,18.53652584658532,17.67903822001245,16.443353776241175,17.25305592711395,36.52443451710672,hiphop,律动,5
-40.30154037475586,80.84723663330078,-25.676889419555664,38.44305419921875,-11.07282543182373,24.89941024780273,-7.373213768005371,26.759275436401367,-5.306029796600342,16.782676696777344,-3.507571220397949,8.458928108215332,-5.601728439331055,2492.954722767294,5125.735027552204,0.1035012748936581,0.2663226425647735,0.5714963674545288,0.5505549311637878,0.5816279053688049,0.5056278705596924,0.3839316666126251,0.3428672850131988,0.3355490267276764,0.3340512216091156,0.3359872102737427,0.4988999366760254,0.5551939010620117,0.6111454367637634,92.28515625,18.524251137590124,14.08750695771912,17.73959748529863,17.067977300336054,16.686119376613497,16.93801003856376,36.62922235461264,hiphop,律动,5
-140.16278076171875,71.62643432617188,-3.7887423038482666,38.988525390625,4.18959903717041,31.52836227416992,-3.9393038749694815,19.74245262145996,-3.749621629714966,16.006996154785156,-3.1765267848968506,11.833970069885254,-1.2471250295639038,2372.6884690483,5060.011295044229,0.0998514386359242,0.2004654109477996,0.4028528928756714,0.3771101236343384,0.4704473614692688,0.4102829098701477,0.4713197648525238,0.4553741812705993,0.3936851024627685,0.4696402847766876,0.5286832451820374,0.5219039916992188,0.4573173522949219,0.4334936738014221,95.703125,22.691852730001106,16.391448651850876,19.14240688860747,18.604370398849277,18.693575104163568,17.006585806464756,36.47686700181256,hiphop,律动,5
-11.706974983215332,81.9766616821289,-8.50862979888916,52.77378082275391,-14.692110061645508,31.962574005126957,-19.680723190307617,22.857765197753903,-14.704154014587402,14.509825706481934,-10.078540802001951,14.002206802368164,-8.072071075439453,2709.1715224983186,5794.946345707656,0.1245830916473317,0.2615861296653747,0.4348702430725097,0.4696843028068542,0.4831037521362304,0.479758620262146,0.4878190159797668,0.5239945650100708,0.5371997952461243,0.5413912534713745,0.505832314491272,0.5443018078804016,0.4566656947135925,0.4243019223213196,143.5546875,18.36191262883473,12.257585874544496,16.117299830783722,15.707120498055628,16.367167652788698,15.46512163095222,42.03907437859823,hiphop,律动,5
-59.56592559814453,63.92966842651367,3.4871747493743896,45.235748291015625,-1.1528621912002563,28.24374008178711,-13.170860290527344,23.59147071838379,-6.623230934143066,16.470619201660156,-7.272899627685547,14.477062225341797,-5.800775051116943,2858.192614610909,6048.0988752537705,0.1281702405984145,0.2705450654029846,0.4253652393817901,0.3998857140541076,0.4121592342853546,0.4836733639240265,0.5282621383666992,0.4220167100429535,0.387194812297821,0.4296850860118866,0.4912002682685852,0.5675491690635681,0.5249422192573547,0.4993606209754944,99.38401442307692,17.973811710692168,14.20393036246575,16.741121668540323,16.19468530224071,16.583519615008054,16.16240822083804,38.75395911395599,hiphop,律动,5
-58.49630355834961,103.04962158203124,-7.211678981781006,44.8616828918457,-8.600805282592773,12.351102828979492,-13.741840362548828,19.971471786499023,-13.11966323852539,17.13652229309082,-3.943918228149414,15.574058532714844,-0.4531826972961426,2047.1754195666024,4553.073396262326,0.0786366945813998,0.2638739049434662,0.3882119655609131,0.3767388761043548,0.4293145835399627,0.5307580232620239,0.6233505606651306,0.3743967711925506,0.3315266072750091,0.3520699739456177,0.412964254617691,0.4887504577636719,0.4489981532096863,0.434832215309143,123.046875,21.85533739507053,14.489697462267827,18.51953659284478,17.780397959859382,17.64658157228719,17.104394998104084,37.78442007952546,hiphop,律动,5
-111.15650177001952,55.17007446289063,-18.427658081054688,47.19125747680664,-24.791309356689453,22.537811279296875,-21.14180374145508,12.53944206237793,-15.87039852142334,16.290925979614258,-12.566340446472168,9.62449550628662,-12.129927635192873,3070.837758466109,5754.494566596578,0.1770497238737432,0.1418158710002899,0.3998988568782806,0.3514687418937683,0.3204523026943207,0.3790231347084045,0.4239907562732696,0.4362333118915558,0.4841395914554596,0.5075427889823914,0.5721113681793213,0.5597262978553772,0.5111293792724609,0.4976233541965484,172.265625,22.040398904353864,15.381113152518177,18.160610920974133,17.226744755815425,17.309579739899448,17.130396780193763,42.142173289178,hiphop,律动,5
-94.9458465576172,94.2147979736328,-2.5425851345062256,49.543235778808594,-6.60890531539917,33.22038269042969,-7.631567001342773,20.948034286499023,-8.870920181274414,16.786113739013672,-5.258269309997559,10.7630615234375,-3.474364995956421,2200.1104645288874,4792.170223227233,0.0983091798385537,0.2156528383493423,0.6223043203353882,0.5301129221916199,0.5406934022903442,0.5957190990447998,0.6398892998695374,0.6359426379203796,0.5602840185165405,0.480814665555954,0.443672627210617,0.4652720689773559,0.5595353841781616,0.6528237462043762,103.359375,16.346565056939852,13.131785198586028,15.70922094264306,14.998826889239997,16.096260109352556,16.30011511360629,37.81930403476479,hiphop,律动,5
-67.46241760253906,94.8482666015625,-38.84962844848633,37.63341522216797,-12.246915817260742,36.89029312133789,-12.640727996826172,18.29576301574707,-8.845361709594727,17.9775390625,-7.274129390716553,9.713927268981934,-8.736391067504883,2284.341189135125,4663.012638667344,0.1254263492121036,0.1716054826974868,0.4057382941246032,0.4124619960784912,0.4038718938827514,0.4252781569957733,0.4175815880298614,0.4048185646533966,0.4271073043346405,0.4790050387382507,0.465117335319519,0.421449065208435,0.4384253323078155,0.426186203956604,95.703125,19.83535552262397,12.982763616749375,16.04789797660306,16.48813326873322,17.644944439502233,16.294270253032945,42.37126535452332,hiphop,律动,5
-74.21385192871094,104.6032943725586,-8.389850616455078,49.65143966674805,-9.374009132385254,21.45152473449707,-16.3361873626709,18.77991104125977,-13.071928977966309,18.47047233581543,-14.949953079223633,6.884744644165039,-15.329197883605955,2095.493684451654,4581.942543684745,0.0941514253431941,0.2037093490362167,0.3731530606746673,0.379999428987503,0.4464958310127258,0.456158310174942,0.4251457750797272,0.4810027778148651,0.420880913734436,0.4099278748035431,0.4843674600124359,0.5554941296577454,0.4863429069519043,0.4095928072929382,135.99917763157896,19.87394049158264,13.158430017981535,16.402681307468814,17.763836149437022,17.616079341480372,16.730840649344504,41.8133343544506,hiphop,律动,5
-67.06468200683594,112.4041976928711,-23.64293670654297,44.27391052246094,-18.86443519592285,23.873180389404297,-13.402470588684082,20.14636993408203,-10.64461898803711,20.617965698242188,-7.5052666664123535,14.423791885375977,-9.388904571533203,1976.8724759558752,4277.396769866589,0.0872535558052977,0.1988469213247299,0.2017197012901306,0.3067107796669006,0.3332014083862304,0.5110325813293457,0.4339142739772796,0.3791151344776153,0.3952353596687317,0.4241878688335418,0.4034516811370849,0.3892189860343933,0.3121089041233063,0.2156939059495926,99.38401442307692,18.450756659740332,14.06201973781062,19.342018466071327,18.32302503277956,17.029230698842344,17.42005005167289,41.80625848700333,hiphop,律动,5
-129.32366943359375,141.71290588378906,-42.47718811035156,34.01385498046875,-6.97585391998291,8.70218563079834,-11.367335319519045,15.941672325134276,-9.015236854553224,6.63553524017334,-8.340362548828125,7.552734375,-5.472686290740967,1798.6768468891007,3626.8209152044665,0.0966245528808971,0.1366313397884369,0.2912730276584625,0.2341572493314743,0.370642751455307,0.6091389060020447,0.5559198260307312,0.3868914842605591,0.1924221664667129,0.2152125537395477,0.2638649046421051,0.2140025198459625,0.3029191792011261,0.4475511312484741,103.359375,14.809041238523768,15.504672291830069,18.588662963016365,18.80844587185804,19.1007025362344,20.02506880398749,35.76224457967692,hiphop,律动,5
-51.30057907104492,91.1178970336914,-33.764686584472656,69.93050384521484,-12.937067985534668,23.17582130432129,-13.755632400512695,23.783100128173828,-14.73151683807373,10.696287155151367,-13.472490310668944,6.080383777618408,-14.718082427978516,2436.5700963303734,4774.86705381743,0.1338294693783836,0.1851305067539215,0.4726029634475708,0.4072060883045196,0.391616553068161,0.5928951501846313,0.5055888891220093,0.34622323513031,0.4184042513370514,0.63578200340271,0.7768681049346924,0.5868504047393799,0.3728935122489929,0.3706039488315582,135.99917763157896,22.565214825610497,14.10052476843638,16.940229104803123,16.494114546089627,16.2694692537884,18.015675378222564,41.999056168956194,hiphop,律动,5
-81.90423583984375,94.72069549560548,-16.211036682128906,40.5373420715332,-12.241579055786133,28.19303131103516,-20.108301162719727,18.11210250854492,-14.630497932434082,14.17990779876709,-7.273159503936768,13.656332969665527,-8.495123863220215,2397.144331633838,5283.620203288138,0.1160096583768368,0.1401290893554687,0.5482801795005798,0.5416893362998962,0.4973256886005401,0.444097638130188,0.4706741273403168,0.4253570735454559,0.3610929548740387,0.3460858166217804,0.3479236662387848,0.3389791548252105,0.3611405491828918,0.4034984111785888,99.38401442307692,19.162935747296068,13.950485382124445,16.571073892976127,17.350947242830493,17.13024911942711,16.029535041819223,42.39671127092909,hiphop,律动,5
-88.14142608642578,77.38236236572266,-19.07230567932129,51.5986557006836,-11.759400367736816,22.234468460083008,-4.72712516784668,20.125822067260746,-8.321403503417969,14.61249542236328,-3.805176496505737,8.590629577636719,-11.454931259155272,2432.633895056764,4919.146176225348,0.1103998997003093,0.2077311426401138,0.5218085050582886,0.5469654202461243,0.55454021692276,0.5380685925483704,0.4349467158317566,0.3924271762371063,0.3945729732513428,0.4504522085189819,0.4881457686424255,0.4356930255889892,0.3986933529376983,0.4526393711566925,99.38401442307692,23.65286875070026,12.879707436594408,17.909426640970953,17.94433332603579,17.183714894070686,16.982954253400376,38.77839401663973,hiphop,律动,5
-76.79857635498047,98.390625,-5.047990322113037,49.339622497558594,-10.29839324951172,33.284610748291016,-9.973699569702148,17.609251022338867,-12.237133026123049,18.65895652770996,-10.978350639343262,11.509187698364258,-10.487104415893556,2145.0454449830445,4956.067376015081,0.0803745679862722,0.1913720220327377,0.5545914173126221,0.5346603393554688,0.5223504900932312,0.4879322350025177,0.4421306848526001,0.4520090818405151,0.4786528944969177,0.4643422961235046,0.4746660590171814,0.5319623351097107,0.4291837215423584,0.4010882973670959,99.38401442307692,21.95635391786844,13.224535340568558,15.366799419713573,14.917309585091385,16.35685458754671,15.894984453662271,41.470642914574704,hiphop,律动,5
-113.53240966796876,68.48836517333984,-15.747566223144531,56.37701797485352,-8.18187141418457,27.015605926513672,-12.375524520874023,20.66109848022461,-12.668299674987791,15.43394374847412,-10.997762680053713,14.044761657714844,-12.502289772033691,2677.2014312905194,5366.388973227233,0.1457245746326372,0.1654886901378631,0.4733859300613403,0.4924338161945343,0.5351675748825073,0.5817545056343079,0.6135002374649048,0.5652256011962891,0.441719502210617,0.3593412637710571,0.332171231508255,0.3439660668373108,0.3787621557712555,0.4227831959724426,143.5546875,20.666278179878944,14.198004083607136,17.400730878919102,16.174013155404896,16.71322337394398,16.665545844672423,42.264907419422855,hiphop,律动,5
-64.75483703613281,88.22647094726562,-10.355254173278809,41.7951545715332,-2.5577855110168457,22.90805435180664,-6.495010852813721,16.630516052246094,-5.802398204803467,13.089849472045898,-6.913375377655029,3.01932430267334,-9.770440101623535,2470.30995752174,5255.716969076276,0.1001361749564965,0.2258465588092804,0.4262765049934387,0.4264920651912689,0.4601188004016876,0.4284357726573944,0.3727473318576813,0.3605090677738189,0.3670719563961029,0.4428353011608124,0.4974209368228912,0.4917900860309601,0.4838576018810272,0.4272606372833252,135.99917763157896,16.873412904117217,13.242514325451175,17.14837515120273,16.838211181577684,17.35290599617593,16.46824140999892,34.36861606637272,hiphop,律动,5
-122.2618179321289,50.571388244628906,-27.801025390625,66.5802993774414,-6.6053147315979,32.0711555480957,-8.241497993469238,22.450729370117188,-6.943716049194336,21.06760597229004,-6.176520347595215,13.646000862121582,-3.098721027374268,2678.1366851461185,5267.091429814385,0.1080872667730085,0.1758522689342498,0.3944137394428253,0.3447649478912353,0.3700406551361084,0.4211744964122772,0.4416563510894775,0.5111090540885925,0.5308725833892822,0.585992157459259,0.6578715443611145,0.6405655145645142,0.5343102216720581,0.4502244889736175,117.45383522727272,26.50334251693124,16.33328877004346,20.828342871886527,19.37899497065726,19.36311529707451,18.597339279738225,42.37242159944304,hiphop,律动,5
-27.656530380249023,94.365478515625,-20.57814598083496,49.88665771484375,-14.699278831481934,23.853004455566406,-17.63330841064453,24.027565002441406,-15.877459526062012,16.434722900390625,-10.63262939453125,13.892766952514648,-10.46279525756836,2405.830496426096,4987.576131090487,0.1197191608662026,0.241819754242897,0.3604556024074554,0.362533688545227,0.3759310245513916,0.4395739734172821,0.4244683682918548,0.4981006383895874,0.6433141231536865,0.54294353723526,0.4752785563468933,0.3835048973560333,0.3301253914833069,0.3247212171554565,103.359375,20.015698287826226,14.266668592411602,16.89893140324604,16.884005254546615,16.807398028266697,16.278620188536575,43.8687976383996,hiphop,律动,5
-100.6465072631836,110.21670532226562,1.0290110111236572,38.75421905517578,-14.497624397277832,20.640644073486328,-18.037572860717773,12.566877365112305,-14.12919807434082,15.096192359924316,-9.243369102478027,11.39792537689209,-9.50885772705078,2025.649761830973,4603.509054161833,0.0753965916231631,0.1734830439090728,0.4745537638664245,0.4732404947280884,0.4057534039020538,0.3357054889202118,0.3734017014503479,0.4844255149364471,0.4148352444171905,0.3824093043804168,0.4405441582202911,0.4427478909492492,0.5497994422912598,0.4969382882118225,99.38401442307692,20.423838578229983,14.79795616620552,18.054925768548184,16.797956317000367,16.910110520102766,16.25748929000831,40.95199336962989,hiphop,律动,5
-44.72337341308594,101.19369506835938,-26.26249885559082,52.9281120300293,-11.71543025970459,26.944753646850582,-13.282814979553224,20.712087631225582,-17.486722946166992,11.862878799438477,-10.66672706604004,8.381840705871582,-15.4269380569458,2240.289987222768,4728.4366050065255,0.1066571653857308,0.1904764026403427,0.3219893276691437,0.2765482068061828,0.3800395727157593,0.3329099714756012,0.3448047041893005,0.4864822030067444,0.4281748831272125,0.6186100840568542,0.4223425090312958,0.4051264524459839,0.2909892201423645,0.2645552158355713,95.703125,22.10584353053809,14.29633548660146,17.358948215144274,18.382568858367783,17.20375697666438,16.671248592728894,42.45747764496613,hiphop,律动,5
-63.14747619628906,86.30364227294922,-37.95674896240234,39.56943893432617,-16.530736923217773,21.0980281829834,-12.26116180419922,13.075491905212402,-12.38037109375,16.627065658569336,-3.994917869567871,8.840082168579102,-6.322553634643555,2517.7936351466747,4926.498774198811,0.1388595592855761,0.1785447597503662,0.3162440955638885,0.3377127945423126,0.3897137641906738,0.3991783261299133,0.4204907715320587,0.5006442666053772,0.5498882532119751,0.5234137773513794,0.5170074105262756,0.4962531924247741,0.389238953590393,0.3306360840797424,103.359375,15.12364973559632,14.285161127441915,16.958359565355767,16.888230746900604,17.984636624109516,17.832893568906776,37.94072628232212,hiphop,律动,5
-44.33844375610352,93.3864288330078,-22.30942726135254,48.85254287719727,-13.90401554107666,34.41306686401367,-6.325919628143311,25.873788833618164,-12.339953422546388,20.430221557617188,-5.762978553771973,11.865527153015137,-11.554360389709473,2305.154160219727,4814.935798379495,0.1074248960750193,0.2515063285827636,0.380597859621048,0.3450782299041748,0.3768442273139953,0.4489530324935913,0.5296094417572021,0.5727360844612122,0.5804292559623718,0.6236076354980469,0.6710844039916992,0.6169396638870239,0.5043885111808777,0.4378060400485992,107.666015625,20.41290589753429,13.911130201203402,17.098279264802084,16.97203136138671,17.004232227847563,16.514368915752232,43.3439479210052,hiphop,律动,5
-102.8993911743164,30.651878356933597,20.850290298461918,45.66796112060547,9.681036949157717,8.775830268859863,1.5652859210968018,12.388126373291016,0.5594133138656616,5.136999607086182,-2.724470615386963,8.163297653198242,-1.330527663230896,3460.24289862119,7021.890286786841,0.1726850690462538,0.1645532399415969,0.4922803938388824,0.4527143537998199,0.4845970273017883,0.481368750333786,0.4762558341026306,0.4978333413600921,0.4848555326461792,0.5161232948303223,0.4727925062179565,0.4285973012447357,0.4371517896652221,0.4827688634395599,103.359375,18.76221055731488,16.27787813084713,17.521508200539085,16.243108429092107,17.720536362249124,17.37118204943769,18.502481805749238,hiphop,律动,5
-109.31012725830078,76.75422668457031,2.7861831188201904,19.18744659423828,0.5631857514381409,8.245013236999512,-8.030610084533691,6.012481689453125,-4.275914192199707,3.656071424484253,-1.5355547666549685,2.6638362407684326,2.2838659286499023,2639.343177690068,5633.429340662317,0.1025435766563944,0.1349967569112777,0.5399262309074402,0.5414461493492126,0.5649950504302979,0.4090562462806701,0.3140365183353424,0.2995027899742126,0.321810632944107,0.3281886577606201,0.3323547840118408,0.4075634181499481,0.4929358065128326,0.5841901302337646,92.28515625,22.09694357186283,14.080127688058166,17.89737719095389,16.650481502809622,17.855104310550875,16.953705716280172,16.94994196397564,hiphop,律动,5
-83.25370025634766,67.73526763916016,1.24101984500885,29.65397834777832,12.58673095703125,5.616964340209961,6.208772659301758,8.087187767028809,-4.76695442199707,7.666656017303467,-1.1727864742279053,4.248983860015869,1.9444280862808228,2774.064292349821,5745.168508011891,0.1145214012954369,0.1545137912034988,0.6322661638259888,0.3575137555599212,0.2637611329555511,0.2319622486829757,0.2406243979930877,0.2440882474184036,0.3122391998767853,0.4242774546146393,0.4248006343841553,0.4141047596931457,0.4256561696529388,0.5230217576026917,117.45383522727272,18.518773471280216,18.148700195521545,18.79777261394617,17.601043799529076,17.612937787856644,18.317010322980696,16.65851150837869,hiphop,律动,5
-72.31159210205078,57.151180267333984,5.8386006355285645,25.909645080566406,6.706987857818604,11.402706146240234,5.063277244567871,10.026864051818848,0.9482093453407288,8.561545372009277,-1.6964635848999023,6.059216499328613,0.2139892578125,3127.2664007991543,6389.138429974198,0.115332927178899,0.1666378378868103,0.3631030321121216,0.3807480931282043,0.360077291727066,0.4510719776153564,0.5139423608779907,0.3764921724796295,0.3941787481307983,0.4638496339321136,0.5819970965385437,0.5024576187133789,0.4579660892486572,0.4272131621837616,123.046875,20.56701303089905,15.689599505223796,17.20062999263454,16.41710414918426,15.992151133646084,16.188693582407517,17.5382068243693,hiphop,律动,5
-23.859094619750977,43.71672058105469,30.55830383300781,26.47368049621582,4.338361740112305,21.920883178710938,2.5954418182373047,7.001879215240479,-1.4912325143814087,4.579594612121582,0.4185364246368408,2.4708802700042725,-4.06891679763794,3725.230349312218,7642.421897658062,0.172685781008314,0.1939087212085724,0.6900167465209961,0.6027593612670898,0.4923130571842193,0.4925864338874817,0.4957693517208099,0.5284975171089172,0.5377359390258789,0.5296401381492615,0.4737054109573364,0.4964129328727722,0.5522129535675049,0.5791456699371338,89.10290948275862,20.214625253293704,11.71361331334253,13.599106201812262,13.964998385990244,14.029905334225464,14.596195779689676,16.742830302328773,hiphop,律动,5
-25.108787536621094,60.825592041015625,-4.187173366546631,14.848387718200684,6.795022964477539,6.098333358764648,15.451297760009766,3.784734487533569,5.65980863571167,10.247507095336914,0.8633307814598083,4.183889389038086,0.9262049198150636,3084.823804546642,6779.025674825852,0.1364436193885448,0.213074579834938,0.4389243125915527,0.4100958704948425,0.4578364193439483,0.4018744528293609,0.4990420639514923,0.4777411520481109,0.3737168610095978,0.4664868712425232,0.5463938117027283,0.6818476915359497,0.5474818348884583,0.4567083120346069,99.38401442307692,20.032480433947363,15.195173389378272,18.10795221345428,16.81296299262171,16.796856811997117,17.739892574368795,16.012033791884168,hiphop,律动,5
-148.121337890625,90.5676498413086,-0.2753232717514038,28.85523796081543,19.3061637878418,15.24502944946289,4.281466484069824,15.5199556350708,1.2726043462753296,11.129076957702637,8.849078178405762,6.316172122955322,1.6312520503997805,2145.890945678912,4529.893202670785,0.07872191436531,0.1344866305589676,0.5252236127853394,0.5453060865402222,0.4868881702423095,0.4984973073005676,0.508746862411499,0.4416785836219787,0.474263995885849,0.4262899756431579,0.4775786995887756,0.4295810461044311,0.4141101837158203,0.4757997989654541,99.38401442307692,18.26966690182732,14.68519685449513,16.749123073994262,16.785637143973073,16.558084574248838,15.454104490942504,16.4817791990309,hiphop,律动,5
-31.76289367675781,59.701419830322266,-2.7449755668640137,33.42062759399414,13.097368240356444,9.410451889038086,-1.723739504814148,14.17076587677002,3.0802040100097656,6.734939098358154,1.0862202644348145,3.8186073303222656,1.6549313068389893,2987.6879685185945,6169.817589393029,0.1528155048076923,0.214060440659523,0.4689725339412689,0.5027440190315247,0.5414113402366638,0.5864384770393372,0.5350971221923828,0.5836526155471802,0.4886808097362518,0.4047160446643829,0.4473034739494324,0.4440053701400757,0.5183686017990112,0.4752058386802673,99.38401442307692,19.34911744746436,14.731987885392387,17.14235625525361,16.34255100712976,17.67532328779899,17.64898983726325,18.065703065569792,hiphop,律动,5
5.626782417297363,53.15753173828125,-9.091200828552246,26.98335647583008,0.5944694876670837,15.572928428649902,1.6008061170578003,7.687560081481934,4.979696273803711,8.549695014953613,3.3433353900909424,8.50684928894043,1.0881997346878052,3191.9170162946484,6355.537277747845,0.1693078753591954,0.2274475395679474,0.4484734535217285,0.4734050333499908,0.4824965298175812,0.5117852687835693,0.5015426874160767,0.4880905151367187,0.4570443332195282,0.4376839101314544,0.4602929949760437,0.4321089684963226,0.4995579421520233,0.461206704378128,99.38401442307692,17.68201441152229,12.45677369996799,15.896677962483505,15.716836160604547,16.64449475608114,16.312256395823816,16.588336987053978,hiphop,律动,5
-100.84442138671876,64.22758483886719,12.814460754394531,26.545551300048828,12.65839958190918,12.176755905151367,2.396233081817627,18.4956111907959,1.5657250881195068,12.027026176452637,-1.5520721673965454,6.710306644439697,3.873631238937378,2827.4503871683432,6197.057852909483,0.103432186901341,0.1919010728597641,0.5865859389305115,0.4876893758773803,0.3975323140621185,0.333141952753067,0.343432754278183,0.3875951766967773,0.4824505448341369,0.5347706079483032,0.6560824513435364,0.7556759715080261,0.7174618244171143,0.6717328429222107,112.34714673913044,20.213382090063888,14.978717834827515,17.115372577496892,15.645485836198551,16.298443596675206,16.44677716585131,17.702591066174143,hiphop,律动,5
-218.0833282470703,40.8296127319336,-14.313482284545898,33.910255432128906,12.158745765686035,13.611059188842772,5.87700080871582,7.52401876449585,5.388509273529053,10.56341552734375,4.758798599243164,6.447478771209717,6.524983882904053,2967.147962166956,5804.4461891867895,0.1218853574810606,0.0899620503187179,0.4259450733661651,0.408368706703186,0.507401704788208,0.6048985123634338,0.4570437371730804,0.4322847425937652,0.445308119058609,0.5271311402320862,0.6411486268043518,0.6606378555297852,0.6260073781013489,0.4768996834754944,117.45383522727272,22.546008566197383,13.4602684715319,18.18302337854851,16.66310517614112,17.233130251974185,17.941755001389765,17.203623330238713,hiphop,律动,5
-95.94046020507812,30.26817512512207,2.64018177986145,12.59518337249756,-11.173503875732422,-2.2091283798217773,-3.68676495552063,-7.669313907623291,-5.387625217437744,-0.7307738065719604,-4.047160625457764,-3.0586392879486084,-4.9752516746521,3785.438539628473,7074.1874001242895,0.2142260002367424,0.1585754603147506,0.4080158472061157,0.4338874220848083,0.4557248055934906,0.3713840544223785,0.3702062666416168,0.4111678600311279,0.3916019201278686,0.4826020300388336,0.4075556993484497,0.3520209491252899,0.4174787104129791,0.408313900232315,143.5546875,17.855057774564735,15.7190672601261,19.059507130979128,17.951796892684214,18.318511624334743,17.643691983708628,16.01797018678803,hiphop,律动,5
-61.83587646484375,72.1310806274414,-16.305072784423828,27.44315719604492,5.20880651473999,1.498530626296997,3.94599199295044,8.331700325012207,-2.130364418029785,5.8373541831970215,0.0466459318995475,-0.4366466999053955,-0.7864779233932495,2208.65791984026,4416.680186878552,0.097384366122159,0.2698501050472259,0.2912123799324035,0.277915745973587,0.3851959407329559,0.3048341274261474,0.3300768435001373,0.4347127377986908,0.4738405048847198,0.4825583696365356,0.4344489276409149,0.5318372845649719,0.4805225133895874,0.3530634641647339,92.28515625,18.220142848875746,15.032834737567084,18.294901863283,18.80726855512872,17.666268728657634,18.017570964433062,15.98618181455014,hiphop,律动,5
-120.94078063964844,77.27129364013672,29.06560707092285,10.43718719482422,3.566759824752808,5.368396282196045,5.198555946350098,-0.8017178773880005,1.3497726917266846,2.302973985671997,3.0739121437072754,1.197685480117798,-0.6719621419906616,2693.217660121341,5976.55684037642,0.1115637576941287,0.1844950765371322,0.4413302838802337,0.4062554538249969,0.4125814735889435,0.4118703305721283,0.3844171464443207,0.3753107190132141,0.3583429753780365,0.4110850095748901,0.3404423594474792,0.3920075297355652,0.4095139801502228,0.3702880144119262,95.703125,22.399079244751764,16.920225076469375,20.00725720964055,18.928270930323027,18.170814086045777,17.653057261094716,15.766530867476291,hiphop,律动,5
-182.9864044189453,95.9554443359375,43.94824981689453,13.522106170654297,5.9876813888549805,-3.019343852996826,3.083681344985962,-9.80279541015625,-3.769341230392456,5.308351993560791,-1.0465810298919678,7.543806076049805,5.855525016784668,2457.2400884546137,5319.818614612927,0.103500088778409,0.1308365166187286,0.241153284907341,0.4101856648921966,0.3293278217315674,0.5230966210365295,0.3242483139038086,0.3356136083602905,0.4095722436904907,0.3029975295066833,0.2891145050525665,0.2695250809192657,0.3579481244087219,0.3564542233943939,161.4990234375,25.00664595862856,16.009866412205866,22.3602147285659,20.53183646530124,20.339308663932837,20.15672342104325,16.518932920259243,hiphop,律动,5
-77.00405883789062,68.3194580078125,-0.6473915576934814,30.70985984802246,3.949915647506714,5.493636131286621,3.385594606399536,3.0454909801483154,5.648921966552734,4.724794864654541,4.28562068939209,3.46072006225586,2.887472152709961,2702.65367279782,5555.2972412109375,0.119366270123106,0.1869129687547683,0.4046140611171722,0.4674694240093231,0.427330881357193,0.3623075485229492,0.4002011716365814,0.4046379327774048,0.4459454715251922,0.5230181217193604,0.5375032424926758,0.4408852756023407,0.3377366065979004,0.3534876406192779,92.28515625,23.00943360622501,15.452535249945642,18.103227709201192,17.330293488442642,17.407561524178455,17.62718012924763,15.893043738359136,hiphop,律动,5
-74.73161315917969,48.89043426513672,3.8210833072662354,36.2955207824707,12.96852970123291,13.447174072265623,9.112768173217772,12.724713325500488,2.4919137954711914,12.09103298187256,8.995610237121582,3.908064126968384,4.785854816436768,2896.950312515822,6007.054054953836,0.1017104640151515,0.2491548657417297,0.4276825487613678,0.4963010847568512,0.6600813865661621,0.7613101601600647,0.5923459529876709,0.4507037401199341,0.3670543730258941,0.3697497844696045,0.3411485254764557,0.3039518296718597,0.2892768979072571,0.3333303332328796,92.28515625,25.12836157057585,15.166344196541404,19.536705239665757,18.52294379371136,18.08531248363754,18.999928502183487,17.37152191337019,hiphop,律动,5
-154.7853240966797,113.069580078125,-3.835759162902832,18.2905330657959,13.331170082092283,8.434420585632324,8.84006404876709,11.334389686584473,8.993480682373047,10.14332675933838,6.199292182922363,9.774344444274902,9.39089012145996,1846.32383638541,3875.169067382813,0.0617561109138257,0.1363637149333953,0.42069873213768,0.4287187159061432,0.317749947309494,0.4025251567363739,0.6397547125816345,0.352668434381485,0.3088776171207428,0.4089589118957519,0.5509577989578247,0.6613038778305054,0.4531013667583465,0.3905727565288543,89.10290948275862,21.55863306836872,15.874331726423828,19.97810666782125,18.102241757210752,18.54632415114067,18.31885806741495,15.921137654843369,hiphop,律动,5
-268.9367370605469,79.90776824951172,-16.974985122680664,19.053911209106445,2.3454294204711914,-7.108329772949219,4.773146152496338,-7.594369888305664,-10.017847061157228,10.818717002868652,-2.768312692642212,-5.481197357177734,2.2997922897338867,2507.355264123504,4457.421985973011,0.1407455906723485,0.0391730330884456,0.3044869303703308,0.2798899412155151,0.3500260412693023,0.3071075081825256,0.3626700937747955,0.3300955891609192,0.4314923882484436,0.4230607450008392,0.3662428259849548,0.422423392534256,0.3263104856014251,0.34855717420578,117.45383522727272,19.48630587356028,17.172458399976318,20.425105845442985,19.90333824229446,20.29324821632929,22.13363913283989,16.247072756520126,hiphop,律动,5
-120.94078063964844,77.27129364013672,29.06560707092285,10.43718719482422,3.566759824752808,5.368396282196045,5.198555946350098,-0.8017178773880005,1.3497726917266846,2.302973985671997,3.0739121437072754,1.197685480117798,-0.6719621419906616,2693.217660121341,5976.55684037642,0.1115637576941287,0.1844950765371322,0.4413302838802337,0.4062554538249969,0.4125814735889435,0.4118703305721283,0.3844171464443207,0.3753107190132141,0.3583429753780365,0.4110850095748901,0.3404423594474792,0.3920075297355652,0.4095139801502228,0.3702880144119262,95.703125,22.399079244751764,16.920225076469375,20.00725720964055,18.928270930323027,18.170814086045777,17.653057261094716,15.766530867476291,hiphop,律动,5
-75.62651062011719,91.01365661621094,9.834320068359377,25.111555099487305,11.793615341186523,10.16880226135254,0.1176090091466903,8.22496509552002,1.6325194835662842,0.4882758557796478,1.8103346824646,5.4946136474609375,1.301027774810791,2306.891059607127,5000.432768996519,0.0914709765322892,0.227983683347702,0.5370969772338867,0.5019100904464722,0.4823788106441498,0.5026732683181763,0.5398429036140442,0.5188388824462891,0.4262565374374389,0.4077698886394501,0.4503262937068939,0.5173438787460327,0.529918909072876,0.4943604469299316,95.703125,24.008634795948243,14.506456193072884,17.14144776384994,16.449056683214796,17.358768376745576,16.101732331857708,15.99765728047812,hiphop,律动,5
-76.70573425292969,52.78694915771485,34.63605880737305,26.19757461547852,16.664793014526367,11.354164123535156,5.861285209655762,6.914185523986816,3.677662134170532,-0.9586153030395508,3.8744404315948486,4.487363815307617,0.6391593217849731,3235.5558089909523,7337.784528621664,0.1092975849526295,0.247003749012947,0.3785775005817413,0.3703493475914001,0.3884087204933166,0.4102742075920105,0.4805407226085663,0.5237538814544678,0.540158212184906,0.5696456432342529,0.5307607054710388,0.4436242878437042,0.3776441812515259,0.3792584836483001,95.703125,27.019687323804764,15.586779139136976,19.24237321953228,16.109766121890544,15.719252119208775,15.596851191368277,14.370596548052804,hiphop,律动,5
-87.56047821044922,79.35381317138672,25.05284309387207,45.15249633789063,11.185014724731444,18.171783447265625,3.516493558883667,6.999547004699707,1.2637460231781006,2.3608531951904297,-1.775681734085083,-0.0086626494303345,-2.702415704727173,2345.299206046104,5395.29142800174,0.0775105888679427,0.230280265212059,0.3216365873813629,0.2857178747653961,0.2797774970531463,0.3622004985809326,0.5343289375305176,0.4926714301109314,0.4529376029968261,0.4611819386482239,0.4670597612857818,0.5874799489974976,0.4427067339420318,0.3107353150844574,95.703125,24.117947393706597,15.528924354107785,15.223394269984071,14.54523574686255,15.374339891250893,15.621908174646247,16.444745262893136,hiphop,律动,5
-44.58633804321289,41.587158203125,29.919214248657227,51.87192916870117,12.87827205657959,13.721710205078123,7.957173824310303,9.288721084594728,8.395910263061523,1.9085698127746584,1.1404613256454468,4.559787750244141,5.519351482391357,3085.556031555025,6683.578172581932,0.1087371755365429,0.2887090742588043,0.5012043714523315,0.5056045651435852,0.4841465651988983,0.4403195083141327,0.405645489692688,0.3978215456008911,0.3821738958358764,0.4183537364006042,0.520025372505188,0.6289024949073792,0.5779027342796326,0.5464314818382263,135.99917763157896,28.74166392647289,15.36370990983552,17.891803187959574,17.28687556222749,17.142922002503077,15.727592006897265,15.344844275214182,hiphop,律动,5
-114.05457305908205,110.12893676757812,17.897541046142578,37.944332122802734,27.98761940002441,1.4057868719100952,15.552602767944336,1.4244987964630127,7.35958194732666,-3.319525957107544,8.256998062133789,-0.1889065057039261,0.6798425912857056,1683.4272327515523,3618.5440382105567,0.0424302433778035,0.2736722528934479,0.4206629693508148,0.4090427458286285,0.3904659450054168,0.4745942652225494,0.4581601023674011,0.4607138335704803,0.4310290813446045,0.4100989401340484,0.3883097767829895,0.3916368782520294,0.4560093283653259,0.4329235553741455,99.38401442307692,26.924113796222017,16.421987323753996,18.7395362753437,17.25009357153438,16.941991225940807,17.13831233700732,15.485459770014906,hiphop,律动,5
-78.70536041259766,73.10555267333984,21.826068878173828,49.19615936279297,3.1053555011749268,18.31631851196289,1.8645644187927248,8.398849487304688,1.4265050888061523,4.221520900726318,-1.3166567087173462,1.256466269493103,-3.0075817108154297,2500.467553526264,5294.528361097013,0.0995032597399458,0.2439505606889724,0.3992194831371307,0.3769573271274566,0.4193708002567291,0.4738784730434418,0.4660302698612213,0.3306176960468292,0.2883430421352386,0.3188149034976959,0.3202552497386932,0.4583671391010284,0.4464023411273956,0.4236721694469452,107.666015625,26.185803742721895,15.487675051085592,18.12912917944664,17.91917062062213,17.828185676886353,16.893265159977954,17.356392599975646,hiphop,律动,5
-146.4595489501953,81.55766296386719,31.963329315185547,22.411771774291992,5.077597141265869,13.617269515991213,6.487693786621094,8.40861701965332,4.435404300689697,4.99752140045166,1.8295834064483645,2.866293430328369,4.529709815979004,2595.994967867747,5859.520974568591,0.0823303364269141,0.1099744439125061,0.5279812216758728,0.4249875545501709,0.4429968595504761,0.4383112490177154,0.3560816049575805,0.3783970773220062,0.3659473955631256,0.3746406435966491,0.4206174314022064,0.5098488926887512,0.631460964679718,0.6635512113571167,103.359375,27.77800280659248,14.423259646085963,16.662055384286223,16.825516001355048,16.72765831761853,16.177229810925223,15.394564449471028,hiphop,律动,5
-144.92160034179688,66.67506408691406,44.269439697265625,22.51215934753418,6.504938125610352,8.847097396850586,11.890134811401367,5.838830947875977,3.045294523239136,6.454954147338867,3.565835952758789,2.5241904258728027,3.82987904548645,3079.233973760181,7003.6118651210845,0.1070770948134184,0.1089152097702026,0.5519638657569885,0.4730015993118286,0.4483767747879028,0.4704448282718658,0.4452730417251587,0.4605843126773834,0.4014484286308288,0.500209391117096,0.6072697043418884,0.5619407296180725,0.5944076776504517,0.5660330653190613,107.666015625,26.815890537456543,12.967005259919876,17.399134746231184,17.978001999329912,17.48283698900423,16.538716832456593,15.087420097574338,hiphop,律动,5
-104.7934799194336,64.03617095947266,28.804500579833984,10.560029983520508,15.176523208618164,13.0673246383667,8.025532722473145,5.239075183868408,6.746546745300293,5.125546932220459,4.450881004333496,4.470121383666992,3.3572874069213867,3258.307248271105,7619.44815155525,0.1262363749516628,0.1241403371095657,0.5653086304664612,0.5088071227073669,0.4180116951465606,0.3700940608978271,0.3665116727352142,0.3763096332550049,0.4141092300415039,0.4411891996860504,0.4421985149383545,0.4431670606136322,0.4906351268291473,0.5285937190055847,112.34714673913044,27.58679341025658,15.11604745591488,17.265348868141093,16.26517457198948,16.299898438841545,15.384910802641576,14.53626897565798,hiphop,律动,5
-161.52745056152344,104.06317901611328,-10.907193183898926,43.69793319702149,13.963115692138672,14.444334030151367,7.506866931915283,9.481524467468262,6.433391571044922,6.989430904388428,1.359190583229065,4.434304237365723,-2.928879737854004,1735.1780888053472,3552.329022259281,0.0724604843387471,0.1337241381406784,0.2788323760032654,0.3764782845973968,0.4515287280082702,0.5856026411056519,0.562736988067627,0.449388176202774,0.409374862909317,0.3308935463428497,0.2796932756900787,0.2813142836093902,0.3621722459793091,0.3186578452587127,107.666015625,23.94410087749791,17.948644540179696,19.67784949683817,20.677853054422,20.022270711226945,19.54292097103917,17.049051535460567,hiphop,律动,5
-101.07152557373048,72.411376953125,-2.371432065963745,46.02547073364258,5.528785705566406,24.215314865112305,3.5469202995300293,14.532065391540527,5.650925159454346,13.522768020629885,4.967972278594971,9.913980484008787,2.9338572025299072,2355.838782301562,5177.219867042489,0.0701455856051817,0.166560485959053,0.4787369072437286,0.3931666314601898,0.3626335561275482,0.4076161980628967,0.4929158985614776,0.5715634226799011,0.5519522428512573,0.522028386592865,0.4929495751857757,0.5210751295089722,0.5464624762535095,0.5581839680671692,99.38401442307692,26.830096800567475,14.841362886660566,16.16450663142843,17.05231790931787,16.26958281766416,16.501613690143287,17.994341524584556,hiphop,律动,5
-113.62305450439452,87.05368041992188,-0.6411240696907043,52.26164245605469,19.37811088562012,19.67521095275879,15.385645866394045,13.70333766937256,6.950013160705566,9.077204704284668,7.971614837646484,4.416630268096924,-0.1543114781379699,1811.510320100113,3890.790007341213,0.0514421101604795,0.2247038036584854,0.2011693269014358,0.2090300619602203,0.2932601869106293,0.3937897384166717,0.4180260598659515,0.351243108510971,0.4464865624904632,0.6300107836723328,0.6578983664512634,0.6026111245155334,0.3676660358905792,0.2369163781404495,143.5546875,26.447938879789827,14.311196202930269,15.446920316178575,16.356631264308362,16.505477820678692,17.006848237325624,15.66168747794982,hiphop,律动,5
-109.8244171142578,63.05491638183594,-13.828152656555176,43.01985931396485,6.17240571975708,23.183786392211918,8.033159255981445,10.669684410095217,0.9683619737625122,5.329998970031738,-1.8259577751159668,-1.4317561388015747,-1.86080265045166,2677.746993460678,5211.751264319895,0.1361368154244006,0.1303835958242416,0.5053122043609619,0.501220703125,0.4764100313186645,0.4461175203323364,0.4772398769855499,0.4346058070659637,0.4494192600250244,0.506924033164978,0.5428017377853394,0.6286969184875488,0.5826737880706787,0.5230271816253662,172.265625,23.22483379111329,13.577649612247155,15.250514403223566,16.055872021247946,15.743879145728329,16.27964110666066,17.029239031415866,hiphop,律动,5
-133.19142150878906,93.95368957519533,-2.240717649459839,50.20221710205078,12.499553680419922,15.040483474731444,11.499114990234377,10.249598503112791,7.95688533782959,10.79114818572998,1.963590145111084,5.197947502136231,1.0622268915176392,1949.4353476261645,4219.933260676479,0.0629848825406032,0.1512357890605926,0.5267747640609741,0.4520285427570343,0.4463716745376587,0.4730876386165619,0.5490089058876038,0.6857737302780151,0.545988917350769,0.4488328099250793,0.4533681571483612,0.5034810304641724,0.4553302824497223,0.4564898610115051,92.28515625,25.289833487840244,14.5034330936943,15.942246151492814,16.51103178379034,16.487216601063444,18.11629104479129,16.03560443033026,hiphop,律动,5
-153.5439453125,92.79627990722656,-15.85392951965332,57.93318557739258,8.58076286315918,18.46156883239746,13.279115676879885,11.165099143981934,7.618666172027588,12.968201637268066,5.657402515411377,7.017025470733643,2.8851959705352783,1717.3394378748264,3685.6916600203017,0.0538729426479118,0.1802142411470413,0.4686903357505798,0.4220056533813476,0.4369004666805267,0.4000503718852997,0.309253066778183,0.2729947865009308,0.3259515166282654,0.4299524128437042,0.5778409838676453,0.5836495757102966,0.5225822329521179,0.525421142578125,184.5703125,26.819293309309387,14.281909553450966,15.566248960837292,16.583668923220046,17.111398876329435,19.064229239741653,17.118427891549477,hiphop,律动,5
-127.28001403808594,95.79217529296876,-12.782047271728516,37.926856994628906,20.56561088562012,23.201852798461918,8.26945686340332,9.612637519836426,8.66872501373291,5.510032653808594,6.676910400390625,4.024262428283691,1.7337764501571655,1811.681664691942,3806.439138177929,0.0673042645494973,0.1555687934160232,0.5904846787452698,0.4819725751876831,0.4028054177761078,0.3606413304805755,0.4592395722866058,0.5011082291603088,0.4807766079902649,0.4839937686920166,0.4585990011692047,0.4452977776527405,0.5017278790473938,0.5159804224967957,184.5703125,25.624835103800883,15.52774599539778,18.6045167998037,18.917952536655623,18.758387751581964,18.37501150887905,17.268487136799443,hiphop,律动,5
-144.11631774902344,73.39044189453125,4.657705307006836,24.01729202270508,12.901473999023438,14.007320404052734,8.624696731567383,6.899631023406982,-1.2319986820220947,-0.8580606579780579,1.154557466506958,2.5797812938690186,-1.1144274473190308,2448.908553270967,4929.937758301914,0.1095162352571539,0.1908365190029144,0.4446410536766052,0.4086550176143646,0.4487551152706146,0.4827423989772796,0.550499677658081,0.4928251504898071,0.5064528584480286,0.4813794195652008,0.4706249535083771,0.4535061419010162,0.4535911977291107,0.4687077105045318,92.28515625,24.490328727900927,15.40453633594831,18.340369082403654,17.290953631126676,17.729717886184094,16.976104751394715,15.506174244520729,hiphop,律动,5
-98.85374450683594,71.11212921142578,-10.053335189819336,31.729232788085938,5.147712230682373,1.878088116645813,-8.9037504196167,-4.26224946975708,-5.96468448638916,-4.266651153564453,-0.6641837954521179,-1.867092847824097,-0.5158784985542297,2671.1443441180336,5320.449807859629,0.1221979529195669,0.1860524266958236,0.4063090980052948,0.4039355814456939,0.3544875681400299,0.3924176096916199,0.384688138961792,0.4248398542404175,0.5347681641578674,0.4455804228782654,0.4459093511104584,0.4920931756496429,0.5820881128311157,0.4801629483699798,95.703125,24.747260298464813,16.47426582463334,19.216330269261576,16.539940370687724,17.42022002957412,17.495440421079486,16.077351088212527,hiphop,律动,5
-82.38988494873047,69.96649932861328,10.699050903320312,48.82339477539063,4.650189399719238,13.297805786132812,-1.796822190284729,5.130041599273682,-1.0847991704940796,-2.7969443798065186,-2.5503406524658203,0.2213852256536483,-3.122716426849365,2429.7567970045075,5273.794534422129,0.079791878141918,0.235937088727951,0.3533762097358703,0.3475711345672607,0.3345221877098083,0.364279180765152,0.3753524422645569,0.3900069296360016,0.3744746148586273,0.4005280435085296,0.5558927655220032,0.5540448427200317,0.4606214761734009,0.3878878057003021,86.1328125,26.516488495543857,17.291301725359205,19.87847369559644,16.969310514054484,15.849643675244089,15.949115066651252,16.355753111222906,hiphop,律动,5
-140.10194396972656,77.09097290039062,42.04237747192383,31.247861862182617,12.197925567626951,10.214170455932615,3.7384352684021,8.296795845031738,-1.5552228689193726,-1.7604899406433103,3.624547481536865,4.591823101043701,-2.54880166053772,2447.017199907087,5314.679309110354,0.0885514851604795,0.2069124430418014,0.4459368288516998,0.4837821722030639,0.5236554741859436,0.5316551327705383,0.500084400177002,0.4418830573558807,0.398238867521286,0.3184720873832702,0.2858276963233948,0.3168926835060119,0.3620953261852264,0.4025282859802246,95.703125,24.455904481062294,16.87116776534831,18.29532021120014,16.092648818717098,16.052976532882038,15.559001620363944,15.48918091538832,hiphop,律动,5
-111.9778289794922,89.099609375,13.175455093383787,36.359657287597656,-3.27657151222229,3.877863883972168,0.5601916313171387,6.327395915985107,-2.188761711120605,2.966995477676392,-1.6431162357330322,-0.3779445886611938,-3.478564977645874,2245.0676185562293,4816.043267836427,0.0793745921548723,0.1897284239530563,0.6218034029006958,0.5390453934669495,0.3485304713249206,0.2816973626613617,0.2498599886894226,0.2183509320020675,0.3740119934082031,0.322095513343811,0.3781701922416687,0.4335560202598572,0.4953077435493469,0.6552941203117371,92.28515625,25.168337961056004,13.947430119047944,18.782071012273637,18.6972607251628,16.258984376845667,16.410929121099333,16.62726727407172,hiphop,律动,5
-74.6658706665039,58.725624084472656,9.914969444274902,21.55799102783203,15.055373191833496,4.928786277770996,2.27881383895874,5.463173866271973,3.118205547332764,0.5998958349227905,2.4616172313690186,4.20163631439209,3.46851134300232,3053.843913876579,6668.173522241154,0.1268708007057231,0.2179420739412307,0.5528404712677002,0.4835591316223144,0.5029230713844299,0.4417742490768432,0.4048995673656463,0.4289277791976928,0.4577705562114715,0.5269856452941895,0.5469912886619568,0.5432612299919128,0.5380535125732422,0.5520517826080322,95.703125,24.485588315338976,14.939246823260252,18.27741691452955,16.986312313968394,16.61097151306049,16.08224319064967,14.651713743648743,hiphop,律动,5
-66.12837982177734,74.91300201416016,20.63870429992676,39.30213928222656,8.165498733520508,15.136998176574709,-0.3755348324775696,5.573513507843018,1.4621952772140503,-0.6499287486076355,-1.5591092109680176,1.443108081817627,-2.407841205596924,2544.701169577136,5683.4499845925175,0.0956740471529389,0.2287188619375229,0.3338708579540252,0.3323517143726349,0.3466716706752777,0.4049781858921051,0.4757569134235382,0.4510439038276672,0.4438662528991699,0.4461465179920196,0.4726220667362213,0.5804906487464905,0.4505469799041748,0.3269195556640625,95.703125,24.117481142777063,15.114172404524435,16.162772924831987,15.25908090154611,16.13565448383928,15.679184413308027,16.325237385115248,hiphop,律动,5
-59.28567886352539,36.26666259765625,39.83190155029297,49.9669189453125,10.147770881652832,16.89705467224121,9.78028964996338,4.44647741317749,2.426203489303589,1.7045090198516846,2.3705525398254395,3.9136555194854736,3.1900172233581543,3297.9029244411563,7079.552627882105,0.1208822747486465,0.2717509269714355,0.4270184636116028,0.4106211066246032,0.4244929552078247,0.4198065996170044,0.4156624972820282,0.4312082231044769,0.4542829096317291,0.5110460519790649,0.6025875210762024,0.6810541749000549,0.5901116728782654,0.5061601400375366,129.19921875,28.353520977985987,15.614374190339031,18.70657672277385,16.48516207561416,16.881071925394657,15.80863292649496,15.366631830001376,hiphop,律动,5
-81.72638702392578,82.33733367919922,53.53656768798828,25.525997161865234,15.728673934936523,19.20550537109375,8.432267189025879,6.3902459144592285,0.2068231552839279,0.1379187256097793,1.2020646333694458,1.5321110486984253,-0.7304981350898743,2500.4618224971823,6026.957033515806,0.0692237800899071,0.2787717282772064,0.3391306400299072,0.2945646643638611,0.3190645575523376,0.3340834677219391,0.4203098118305206,0.559354305267334,0.539124608039856,0.5136610865592957,0.4810905754566192,0.4528355300426483,0.4968763887882232,0.4209310412406921,95.703125,28.38802412284257,15.905723979281284,18.29460072737666,16.02992850418486,16.137288251214336,16.48439886975106,15.290985303530752,hiphop,律动,5
-78.83389282226562,51.520469665527344,42.246726989746094,30.081592559814453,20.089994430541992,6.973851203918457,8.016348838806152,6.873312950134277,-4.630008697509766,3.6502490043640137,3.6282668113708496,4.323653221130371,2.5973763465881348,3185.160631320678,7471.421952037413,0.1075113743474478,0.2469611763954162,0.4830396771430969,0.5362859964370728,0.563681423664093,0.4996083080768585,0.3823140561580658,0.3496890664100647,0.3513418138027191,0.3862106502056122,0.3462527394294739,0.3288528323173523,0.301116019487381,0.3167003989219665,95.703125,29.81396624706708,15.999534768666296,18.107608575067825,15.574674688393776,16.541209644782587,18.03889416870352,16.529302900279905,hiphop,律动,5
-118.05631256103516,102.2069320678711,20.76309967041016,36.99261474609375,24.375978469848636,7.826651573181152,15.940078735351562,-1.5931469202041626,6.758073806762695,-0.7775802612304688,8.574868202209473,1.4911983013153076,-4.211417198181152,1821.46331961173,4003.2772621809754,0.0515274555297757,0.2527779042720794,0.4291860461235046,0.3895594477653503,0.3812042772769928,0.51173996925354,0.5009121298789978,0.479902058839798,0.4693807363510132,0.4510945677757263,0.4137359857559204,0.3737030029296875,0.4366633594036102,0.4189022481441498,99.38401442307692,26.50916036794824,15.761768997194256,18.172368311511235,16.844390908535335,18.2748688429212,16.707285058927308,15.0857174156337,hiphop,律动,5
-78.21304321289062,70.1844253540039,45.89907455444336,42.07469940185547,15.084577560424805,10.687759399414062,-0.6957337856292725,-0.6118223071098328,0.3674376010894775,-0.3583587110042572,1.092324137687683,-0.6734942197799683,-0.8149564266204834,2566.9254687003345,5932.106021606729,0.0856210423917246,0.300260066986084,0.3359544277191162,0.3069897294044494,0.4031053483486175,0.4597988426685333,0.5423226356506348,0.4772516787052154,0.5247786045074463,0.5161813497543335,0.3703837096691131,0.3128182888031006,0.3796447515487671,0.4411247372627258,92.28515625,25.82998872269743,15.224688497214084,18.42491438042013,16.742973595669277,16.23477340084542,15.275143834689397,14.519571854815965,hiphop,律动,5
-68.91117095947266,62.39533615112305,24.2762508392334,53.779544830322266,-1.9351078271865845,12.820082664489746,-4.355874538421631,12.355391502380373,-0.2198190093040466,9.05580711364746,-0.9797523617744446,3.9336559772491455,1.9129128456115725,2774.785858823798,5968.685821037558,0.1107424140806264,0.2082219719886779,0.3751368820667267,0.4214461147785187,0.5087844133377075,0.5483675003051758,0.5274145603179932,0.5137701630592346,0.4449717700481415,0.4647562205791473,0.4973959326744079,0.5545449256896973,0.4396577179431915,0.3907555341720581,99.38401442307692,26.916709465056847,14.79741339691806,16.60570252972615,15.666676855707824,15.73742590397582,15.045855289610683,18.135937323976883,hiphop,律动,5
-94.55955505371094,51.67703628540039,17.531383514404297,28.922719955444336,2.053647756576538,3.72974705696106,-1.8468494415283203,4.372743129730225,8.770599365234375,2.128335237503052,-1.3841965198516846,4.6820244789123535,4.068846225738525,3140.9185615259057,6336.75704212587,0.1468144274458623,0.1915933340787887,0.4403139352798462,0.3819408118724823,0.4022692143917084,0.3886044919490814,0.3733156025409698,0.4056682586669922,0.4527533054351806,0.532965362071991,0.538171112537384,0.5294471979141235,0.4925308227539062,0.4755450487136841,92.28515625,24.7454903007134,16.770524102472013,18.365355526249743,16.817747560374844,17.004384148738207,16.339292043720167,15.484705480326433,hiphop,律动,5
-111.27532958984376,89.93035125732422,4.450366020202637,14.537683486938477,9.92753791809082,-9.475553512573242,2.903545379638672,-0.1585430949926376,-3.079089641571045,3.257410049438477,-1.511974811553955,1.5706157684326172,2.387639284133911,2328.52633694279,4935.34187617822,0.0966524978248259,0.2371012568473816,0.5563221573829651,0.5460546612739563,0.49240642786026,0.3591159284114837,0.4001072943210602,0.3836669325828552,0.427141398191452,0.3393475711345672,0.3199189007282257,0.3645423352718353,0.3979931771755218,0.5122034549713135,95.703125,19.764649069072437,15.928659360381088,18.68960880532913,17.446391533521258,17.799080026677974,18.417950228983795,14.817258534765784,hiphop,律动,5
-25.85014915466309,70.90157318115234,9.56853485107422,17.494287490844727,-1.6235471963882446,-0.5374488830566406,0.2639296948909759,-4.636477947235107,-0.5794758796691895,-3.067373991012573,-2.4066860675811768,0.3842354118824005,-2.147279024124145,2987.5950110584854,6404.82061611804,0.1376235619682908,0.2384055852890014,0.5263525247573853,0.4488088190555572,0.4354952275753021,0.5317106246948242,0.4127628803253174,0.3369610905647278,0.3856361806392669,0.5020664930343628,0.4689945578575134,0.442932516336441,0.5102312564849854,0.5314953327178955,117.45383522727272,23.026196944124347,13.884741269748805,16.705131456618417,16.772785671812397,16.633484003287194,17.200281833248834,15.43481973519726,hiphop,律动,5
-111.27532958984376,89.93035125732422,4.450366020202637,14.537683486938477,9.92753791809082,-9.475553512573242,2.903545379638672,-0.1585430949926376,-3.079089641571045,3.257410049438477,-1.511974811553955,1.5706157684326172,2.387639284133911,2328.52633694279,4935.34187617822,0.0966524978248259,0.2371012568473816,0.5563221573829651,0.5460546612739563,0.49240642786026,0.3591159284114837,0.4001072943210602,0.3836669325828552,0.427141398191452,0.3393475711345672,0.3199189007282257,0.3645423352718353,0.3979931771755218,0.5122034549713135,95.703125,19.764649069072437,15.928659360381088,18.68960880532913,17.446391533521258,17.799080026677974,18.417950228983795,14.817258534765784,hiphop,律动,5
-79.72857666015625,62.31295776367188,-5.125499248504639,18.23216438293457,12.871768951416016,-14.090275764465332,4.909826278686523,1.679017186164856,-5.772541522979736,0.8208758234977722,-3.799454927444458,2.015117645263672,3.4152286052703857,3212.057081839573,6310.635751250725,0.172292663621423,0.1547217667102813,0.4395348727703094,0.4940234720706939,0.4557053744792938,0.4334405660629272,0.3819025456905365,0.3654429614543915,0.3571458458900451,0.3722801804542541,0.3870588541030884,0.4484789073467254,0.5280020236968994,0.4658811092376709,103.359375,18.303562395615224,15.566549485567828,18.078436185203785,16.45464192762718,17.195112207886016,20.00228770630502,15.45386522280088,hiphop,律动,5
-64.02870178222656,50.8101921081543,6.633543014526367,27.823410034179688,6.641088962554932,0.3042192161083221,2.831295251846313,3.225766181945801,0.1621326506137848,0.6087188124656677,0.0928365364670753,-5.064357280731201,2.664931058883667,3377.550728575826,6893.697603230134,0.1549313007540603,0.1413180828094482,0.3759766221046448,0.3385897278785705,0.3264821767807007,0.3433697521686554,0.3352048397064209,0.3321147561073303,0.3360055088996887,0.4022411406040191,0.5467946529388428,0.5716484785079956,0.5040324926376343,0.432260125875473,95.703125,21.04403219960255,14.795049131039775,18.099135907012588,17.011267413037935,17.027450486602355,17.03373531024124,14.751459623674922,hiphop,律动,5
-215.9990081787109,122.53192901611328,0.9069909453392028,39.34000015258789,9.27678108215332,26.041019439697266,-4.044795036315918,18.255958557128903,-6.518693447113037,13.916696548461914,-3.074079751968384,8.889010429382324,-4.347989559173584,1470.2938674326106,3279.00056418576,0.0518216327097834,0.0863504186272621,0.7078928351402283,0.7793778777122498,0.66889488697052,0.4768216609954834,0.4401988685131073,0.3835043311119079,0.3676052391529083,0.3952161371707916,0.5493615865707397,0.4991167187690735,0.4567347168922424,0.5238270163536072,103.359375,18.172519090508157,15.02037482136887,16.845103135034922,16.098005077944357,16.43007141205385,16.689760835347652,36.95786206970944,hiphop,律动,5
-122.77545166015624,95.02316284179688,-29.38442611694336,46.7772216796875,-16.006793975830078,27.109676361083984,-13.129478454589844,20.25293731689453,-5.389279842376709,15.461106300354004,-6.9193434715271,15.639389038085938,-6.711004734039307,2290.9396470333063,4820.264974713602,0.1133099502126836,0.1022416278719902,0.4633602201938629,0.4717791974544525,0.4644491672515869,0.4379026591777801,0.4713329672813415,0.46507528424263,0.48365518450737,0.5855644941329956,0.5296622514724731,0.5450515151023865,0.6278980374336243,0.4978412091732025,107.666015625,17.721356420927084,13.357970933892627,16.955838407600396,16.93299963177536,15.92989404078113,16.275160045375152,39.88091213988327,hiphop,律动,5
-121.9977035522461,89.62222290039062,-25.781709671020508,40.95842742919922,-4.291183948516846,27.56009292602539,-15.56806755065918,22.40218734741211,-10.835225105285645,19.81207656860352,-8.643745422363281,19.082935333251957,-8.475935935974121,2367.639173778173,5016.46193218895,0.1108368226749806,0.1106205657124519,0.4369336366653442,0.4966986179351806,0.5070079565048218,0.4614912569522857,0.4213270545005798,0.4467948973178863,0.4256163239479065,0.4249109923839569,0.4518825709819793,0.4309918582439422,0.4339273869991302,0.4365326762199402,103.359375,19.243384162583144,14.611848172707203,17.570846483584454,17.292983402134723,17.70055167166196,17.218830332454456,41.22982671875796,hiphop,律动,5
-214.28504943847656,100.34032440185548,-33.472843170166016,47.243873596191406,-8.946487426757812,12.985618591308594,-17.30301284790039,11.07305145263672,-11.712202072143556,8.803367614746094,-7.835078716278076,6.259289741516113,-0.1100568175315857,2044.214177024692,4074.271883156903,0.1051096197070765,0.0658654049038887,0.4395267963409424,0.4653664827346802,0.4659581482410431,0.5167586207389832,0.5875983834266663,0.6244093775749207,0.5700244307518005,0.5630846619606018,0.514249861240387,0.4677770137786865,0.4808518588542938,0.4638092219829559,112.34714673913044,20.95681589775394,13.437082373212238,15.957194954610774,14.315914893444155,15.973271120259335,17.46934338122817,36.21523250246724,hiphop,律动,5
-114.32079315185548,80.86040496826172,-18.204160690307617,50.67010498046875,-14.9252347946167,29.26206398010254,-20.069793701171875,18.57425880432129,-17.683847427368164,16.681060791015625,-11.42641830444336,16.298980712890625,-4.461121559143066,2607.8596297145214,5534.641062300609,0.1272167137954369,0.106190524995327,0.4279814958572387,0.4758911728858948,0.4527072310447693,0.4666559100151062,0.4733879566192627,0.4530302286148071,0.4357496201992035,0.4788751304149627,0.493583619594574,0.5155719518661499,0.5554007291793823,0.4903759956359863,112.34714673913044,21.278978263258693,12.492346852459344,17.33454563865622,16.717558287550137,17.06103901027714,16.31918081319948,42.47215155912536,hiphop,律动,5
-198.9590301513672,92.61326599121094,-19.52155113220215,39.53247833251953,-0.6365576982498169,33.590065002441406,-6.464648723602295,27.523468017578125,-2.397747278213501,14.995195388793944,-2.988018035888672,14.893810272216797,-3.3824238777160645,2083.4389005825383,4479.439167633411,0.0798439916860015,0.0790561884641647,0.4489677548408508,0.434704452753067,0.4244961738586426,0.401140034198761,0.354325532913208,0.3707446753978729,0.4756322801113128,0.568464994430542,0.6628755927085876,0.7085933089256287,0.5001368522644043,0.4068694114685058,99.38401442307692,22.39871863607236,12.103654291237326,15.8623925373831,18.5597080766541,17.90548239791183,16.27877268564236,37.776132992488186,hiphop,律动,5
-168.28480529785156,70.92850494384766,-3.04895567893982,54.81575012207031,-12.119344711303713,30.501707077026367,-1.536869764328003,28.829435348510746,-8.9369535446167,18.75313949584961,-6.60419225692749,14.595447540283203,-3.581789493560791,2473.246187433862,5509.702182424594,0.0877750688805104,0.1080232188105583,0.5286175608634949,0.4939247965812683,0.5459309816360474,0.5657166242599487,0.5694302320480347,0.5820760130882263,0.606168806552887,0.6738754510879517,0.6515958309173584,0.6398947238922119,0.6036734580993652,0.5447720289230347,135.99917763157896,21.9599019769592,12.596802396772627,14.118230209118872,14.71039570619364,15.900117370871175,15.059771716202142,39.86142528365179,hiphop,律动,5
-89.9049301147461,79.77236938476562,-25.73344993591309,47.74008941650391,-10.016579627990724,31.5546875,-22.20848846435547,26.64221954345703,-10.969622611999512,18.825157165527344,-15.55468463897705,14.415654182434082,-10.034326553344728,2694.7841274938905,5599.723628280887,0.1498857278373936,0.1185386553406715,0.4652506113052368,0.4729154109954834,0.4887156188488006,0.4079046845436096,0.4603377282619476,0.463201642036438,0.384783387184143,0.4120537638664245,0.4283022284507751,0.5193092226982117,0.5223938226699829,0.49752077460289,117.45383522727272,21.33059047075999,12.781543554221546,16.802226578358283,17.00191245637195,17.836626168321587,16.053361552782857,43.04007317197971,hiphop,律动,5
-103.14578247070312,74.0963134765625,-22.450448989868164,51.5986328125,-7.080344676971436,32.669761657714844,-14.982949256896973,19.6383056640625,-7.0651373863220215,22.26523208618164,-7.316590309143066,17.61652946472168,-0.0358633697032928,2669.9475361239274,5526.430800010876,0.1175723094305877,0.1206881701946258,0.4926965534687042,0.6314159035682678,0.5254029035568237,0.4732515513896942,0.5105657577514648,0.5473600625991821,0.4786007702350616,0.4680432677268982,0.5431033372879028,0.4614784121513366,0.4193785488605499,0.429643303155899,129.19921875,21.590470069327186,12.921618399009406,17.650649423353528,16.989099208913924,17.484002772384837,16.44661730946368,42.30205069841347,hiphop,律动,5
-109.51280975341795,97.39122772216795,-20.617918014526367,37.37557220458984,-3.1134142875671387,28.608015060424805,-14.167000770568848,23.84866523742676,-8.73560905456543,19.89689064025879,-11.290992736816406,17.932451248168945,-3.47413969039917,2272.5405031296214,4964.2193504386605,0.1044393186871616,0.1091459915041923,0.5087378025054932,0.4365955591201782,0.4233528673648834,0.4749522805213928,0.569058358669281,0.5227773785591125,0.4587980210781097,0.4565944671630859,0.4674298763275146,0.4927111864089966,0.4983779788017273,0.481456458568573,117.45383522727272,21.584326715821827,12.52873329141683,16.40662680210453,16.39739332352745,17.455813394998504,16.48421071868619,40.91028925277959,hiphop,律动,5
-105.53522491455078,76.6729507446289,-24.78174591064453,55.209590911865234,-8.259847640991211,28.89764213562012,-15.744415283203123,26.299291610717773,-8.478252410888672,20.452373504638672,-8.147397994995117,13.909219741821287,-6.56235933303833,2629.044978511336,5411.570396334832,0.1385510319992266,0.1135739013552665,0.4893199801445007,0.5058687925338745,0.501240074634552,0.5254784226417542,0.608346164226532,0.6296427249908447,0.5484708547592163,0.5045023560523987,0.5135508179664612,0.5378416776657104,0.5617210268974304,0.4772164821624756,103.359375,20.521406342571503,12.273125539245948,15.694486591194952,15.6667000810203,16.786333121759363,16.687197885534975,42.23158322597975,hiphop,律动,5
-145.03775024414062,84.07012176513672,10.873836517333984,43.60234451293945,6.292495727539063,36.12594985961914,-14.647669792175291,26.805591583251957,-10.327141761779783,24.69015312194824,-8.71804428100586,18.786041259765625,-4.39237642288208,2330.136830188641,5836.389018543358,0.0725922787364655,0.1225821003317833,0.4249024987220764,0.4024056792259216,0.3874949216842651,0.4380783438682556,0.4810525178909302,0.4147185385227203,0.3975363373756408,0.4628083407878876,0.5683730244636536,0.6986693143844604,0.5866566896438599,0.4721743762493133,112.34714673913044,22.33679933689778,13.849732458736476,17.763427360462824,17.49483550074358,17.391828277918396,15.529662296812864,41.818873385502975,hiphop,律动,5
-191.64328002929688,41.318241119384766,5.013655662536621,65.45381164550781,-4.320505142211914,42.63679885864258,-12.251249313354492,23.81313705444336,-4.262661933898926,16.029983520507812,-5.084965229034424,16.429445266723633,-9.367056846618652,3185.5488967360475,6278.469175971578,0.1521315194798917,0.0672118663787841,0.4467432498931885,0.4272166490554809,0.4261148869991302,0.4678288102149963,0.5652684569358826,0.6248209476470947,0.4974614381790161,0.4696086943149566,0.4620357453823089,0.4472387731075287,0.4427118599414825,0.4426663219928741,117.45383522727272,21.827381481560725,15.474788461550498,18.5756781565012,17.269484632394548,17.35505757817274,16.043799381182524,41.23376444777959,hiphop,律动,5
-169.90744018554688,98.04430389404295,-11.31363296508789,38.255462646484375,5.081349849700928,25.405147552490234,-11.83530330657959,25.12632369995117,-5.54340124130249,19.209190368652344,-2.916909456253052,18.20797348022461,6.09545373916626,1929.80457391097,4412.408121555975,0.0541818475686388,0.110725350677967,0.5308020114898682,0.4307984113693237,0.3529154360294342,0.3429082930088043,0.3517133295536041,0.3407692909240722,0.3639867603778839,0.4312594830989837,0.5367171764373779,0.6152621507644653,0.6039166450500488,0.6072779297828674,151.99908088235293,22.009965717780897,15.7908957687863,18.855717475899496,16.913272481593303,17.5425821749724,16.85960934195667,39.02665237371952,hiphop,律动,5
-92.64569091796876,77.41155242919922,-32.758094787597656,54.58647537231445,-13.19956874847412,33.66070556640625,-12.07493782043457,28.02354049682617,-11.954623222351074,18.832199096679688,-6.661868572235107,13.044241905212402,-7.011975765228272,2735.685144773171,5419.747351272476,0.1575562373114849,0.1034442782402038,0.5781043171882629,0.5126537680625916,0.5177215337753296,0.5243709087371826,0.5508192777633667,0.5558743476867676,0.5714832544326782,0.608631432056427,0.6384505033493042,0.6062150597572327,0.5337900519371033,0.5519773960113525,112.34714673913044,18.530652422148563,13.421352192841397,15.2098784674675,15.029933570025442,15.226034965057345,15.74427823682436,42.76069803715271,hiphop,律动,5
-128.18356323242188,124.55867767333984,-37.181148529052734,43.88912582397461,-12.77345371246338,18.995405197143555,-9.288907051086426,19.78291130065918,-6.878304958343506,13.470523834228516,-5.971914291381836,12.324474334716797,-4.645992755889893,1752.518630056562,3490.593845163863,0.0831173264694508,0.110771469771862,0.3771169185638428,0.375358909368515,0.4157320261001587,0.4897008836269378,0.5749293565750122,0.5032433867454529,0.3674483895301819,0.3452154695987701,0.4067553579807281,0.4206191897392273,0.4059351086616516,0.4168342351913452,107.666015625,19.897765461724383,12.940682784160243,17.46215997004932,17.089485309502876,16.030044780170556,17.02697979365151,37.34576090112487,hiphop,律动,5
-111.19161987304688,80.62922668457031,-0.8914610743522644,50.62090301513672,-13.467604637145996,35.32001495361328,-14.84107780456543,21.189828872680664,-13.576960563659668,19.61933898925781,-11.76645851135254,16.967947006225586,-9.359965324401855,2582.037496547473,5731.720664606293,0.1160051267643078,0.1184538006782531,0.4764257967472076,0.4857245087623596,0.4933778941631317,0.5828275084495544,0.524466335773468,0.4322292506694793,0.40982586145401,0.4069943130016327,0.4403935372829437,0.4444745182991028,0.4967714250087738,0.4946690201759338,112.34714673913044,21.557804419941807,13.833134987923318,17.211393273761587,17.188634018586228,17.274926089682165,16.292719532708034,43.21711451789968,hiphop,律动,5
-129.8564453125,72.0161361694336,-23.281463623046875,63.21335983276367,-6.884147644042969,34.399253845214844,-12.204700469970703,30.49024772644043,-7.596256732940674,20.596847534179688,-6.21049165725708,14.676088333129885,-2.949455976486206,2538.6441653895045,5353.532335321201,0.1007060252320185,0.1189781501889228,0.5031437277793884,0.5880205035209656,0.6250826120376587,0.5387551784515381,0.4920473098754883,0.4589751660823822,0.4401968717575073,0.4672880470752716,0.5834230184555054,0.6086923480033875,0.5563182234764099,0.5399429798126221,107.666015625,22.403371321866832,13.20476097489865,16.57389888408289,16.308413937833038,16.789715774234676,15.627588869878329,41.77221062173779,hiphop,律动,5
-138.88059997558594,100.20720672607422,-31.44292640686035,32.44932556152344,-2.7517662048339844,13.091757774353027,-14.50629425048828,13.943220138549805,-15.17435359954834,8.177486419677734,-4.925512313842773,3.5089597702026367,-7.984947681427002,1963.064381362766,3798.4537005147913,0.1015149180684454,0.1536368578672409,0.3765868544578552,0.4517825245857239,0.5966115593910217,0.4718446135520935,0.4083172976970672,0.3761031329631805,0.4197231829166412,0.4167658984661102,0.4459608495235443,0.4808569252490997,0.3732673227787018,0.3529074490070343,107.666015625,17.732295004720648,15.102082413824393,19.008898831578453,17.650223209220236,18.019022141870547,18.171153377842668,38.91856175407454,hiphop,律动,5
-252.09982299804688,137.90313720703125,-11.12893009185791,8.363253593444824,0.7312538623809814,1.5888378620147705,-3.7318849563598633,-4.134912014007568,-5.499281883239746,-2.631620407104492,-3.532426595687866,-3.1432619094848637,-1.8463441133499143,1503.9322999254405,2799.366367278132,0.0784165337393658,0.0467404872179031,0.4413898587226867,0.3055277466773987,0.3252967894077301,0.4006551206111908,0.4566395878791809,0.3331818878650665,0.2184398621320724,0.3618619441986084,0.3874542415142059,0.3218218088150024,0.2842527031898498,0.2969728708267212,123.046875,16.222563059306218,14.51938552311227,18.801328397271494,19.429776599082956,20.54210994611085,19.63810729747488,16.40691020657943,jazz,平静,2
-345.7577209472656,146.973876953125,-0.508941650390625,22.634275436401367,5.815545558929443,10.363343238830566,-0.157924011349678,-1.716018557548523,-6.11984395980835,-0.5228859782218933,1.03854501247406,1.2205255031585691,-1.935548424720764,1266.4884313587363,2410.6862220852668,0.0592938841357308,0.0227862149477005,0.3541682362556457,0.3234438598155975,0.3272461891174316,0.2978770434856415,0.3657116889953613,0.5555827617645264,0.3733806908130646,0.2771449685096741,0.2329029738903045,0.2572087347507477,0.2389225661754608,0.3328078687191009,135.99917763157896,17.989695591235634,15.14322751430445,19.426763752895614,20.34233538304524,20.897631904040804,19.724847969458573,17.35318893365156,jazz,平静,2
-256.9818115234375,175.33953857421875,-44.81544876098633,25.638652801513672,-4.257490158081055,-0.226352721452713,-11.319777488708496,-9.18636417388916,-4.102287769317627,-8.307012557983398,-22.5540714263916,-7.609409809112549,-7.656197071075439,1064.7190883164435,1895.8628076964908,0.0578573629640371,0.080827921628952,0.3990941643714905,0.3270022869110107,0.2291904389858245,0.1874459683895111,0.1293044835329055,0.239897072315216,0.2070310413837433,0.1886937916278839,0.2431364953517913,0.3116547167301178,0.4420942664146423,0.3084748983383178,107.666015625,25.15251867712858,21.4212373491392,25.77845555014561,26.039346219215584,28.462142147808446,26.155642321128145,28.3696820087974,jazz,平静,2
-297.30291748046875,193.074462890625,10.171171188354492,-1.596447467803955,3.3883607387542725,9.993823051452637,-7.256450176239014,4.693567276000977,-5.3910651206970215,-2.8595287799835205,-10.230401039123535,0.3792570829391479,-4.969515323638916,813.4170141933301,1416.9114115066704,0.0446499782482598,0.0594441704452037,0.2256943583488464,0.3234238922595978,0.4925757646560669,0.2390339523553848,0.2726527750492096,0.352927565574646,0.4411637187004089,0.2144048511981964,0.283093124628067,0.2231956124305725,0.3697763681411743,0.3945492208003998,123.046875,23.20122350313893,16.964939901479664,21.758131576089067,23.01452941839226,24.77180385850408,18.67736860283625,26.77016103992514,jazz,平静,2
-270.3126525878906,137.58981323242188,5.64001989364624,42.490509033203125,-7.959469318389893,9.938035011291504,-6.810832500457764,8.25021743774414,-6.182494640350342,5.475854396820068,-5.440319538116455,-5.177865982055664,-6.99372673034668,1039.4057429757268,1837.7997661687932,0.0477503564868522,0.108704924583435,0.0893563330173492,0.0780521109700203,0.1830176264047622,0.2726135849952698,0.1327225714921951,0.100789375603199,0.2944043278694153,0.1962001770734787,0.1353557556867599,0.2123164981603622,0.1557607650756836,0.2121689021587371,95.703125,24.12931939110424,23.52447102588425,29.29807747211052,26.867258396346475,23.91234439324344,22.18549382297694,32.777544453825215,jazz,平静,2
-246.27442932128903,120.21053314208984,-0.9766387939453124,30.69660186767578,0.1729361563920974,23.16143035888672,0.4313876032829284,9.166991233825684,-0.5621412396430969,5.726498126983643,-3.753218173980713,4.230339050292969,-0.2852344214916229,1268.2111446452,2486.552043304089,0.0578751117797757,0.1074995249509811,0.3030276596546173,0.164516270160675,0.1663173735141754,0.2575233876705169,0.1829035878181457,0.2249302715063095,0.1724938452243805,0.2281491011381149,0.403985321521759,0.28505939245224,0.2933051288127899,0.2964526116847992,107.666015625,22.410955109702275,16.043875741189577,25.34984431485596,26.13580016079632,24.81117373347548,21.77582093482441,34.09848953334371,jazz,平静,2
-234.40953063964844,142.74026489257812,-14.296719551086426,51.96394729614258,-8.197964668273926,12.785138130187988,-4.276249408721924,12.085668563842772,-13.71513843536377,-1.5637431144714355,-3.9804892539978023,4.92726469039917,-3.9477925300598153,1219.5124856006723,2416.473374510586,0.0480396244199535,0.0985478237271308,0.2225926667451858,0.1959875524044037,0.2948666512966156,0.349991500377655,0.2493573576211929,0.3461799919605255,0.3717776834964752,0.2097590267658233,0.2092288434505462,0.2151523232460022,0.3105984032154083,0.3222081363201141,135.99917763157896,23.254514954214336,20.85128816029078,22.648398815902603,23.818231566159763,23.088502954515626,21.87992089501684,33.68539641280115,jazz,平静,2
-291.9704895019531,137.69984436035156,2.64733624458313,35.658164978027344,-12.313128471374512,15.604982376098633,-6.7887725830078125,-2.8450746536254883,-3.7737762928009033,-3.461439371109009,-1.7078484296798706,10.411185264587402,8.3025541305542,1169.7729218908692,1958.322419699826,0.0648266053992652,0.0937756150960922,0.2400702685117721,0.2583587765693664,0.1654720306396484,0.2599980533123016,0.1728848665952682,0.2794743180274963,0.1099005937576294,0.1142123639583587,0.1119009032845497,0.1523214727640152,0.335170179605484,0.1664030104875564,99.38401442307692,21.892702758746363,18.381853097198725,29.743913306527187,30.059846871374635,25.90411706544076,21.72854195097028,31.898195797555022,jazz,平静,2
-189.9823760986328,134.4188995361328,-25.650020599365234,45.7294921875,8.180398941040039,21.443511962890625,-4.585944652557373,14.390953063964844,-12.663227081298828,10.280888557434082,-7.942295074462891,-1.135284423828125,-5.053429126739502,1304.644766298671,2724.341556699536,0.0462670086523588,0.1185242086648941,0.3864315748214721,0.363571286201477,0.3536472916603088,0.3693614900112152,0.3017827868461609,0.350737988948822,0.3384842872619629,0.3753092885017395,0.3022558987140655,0.3186506628990173,0.4598290622234344,0.3677481710910797,107.666015625,25.43453426602734,18.89066652632101,19.52941103632471,20.78083510558798,21.38403054188649,20.68028524136321,35.71131478254675,jazz,平静,2
-296.7094116210937,172.3617706298828,16.870981216430664,18.944475173950195,1.371418833732605,14.397394180297852,1.0102300643920898,9.526041030883787,-7.407200336456299,3.5161068439483643,-7.660177230834961,-0.1054814010858535,-7.948270320892334,749.4465657215497,1134.090358088022,0.0316865453402938,0.0853180661797523,0.2021057158708572,0.3675415217876434,0.2614835202693939,0.1975732147693634,0.2413896471261978,0.2031105756759643,0.327108085155487,0.2782525718212127,0.3481494188308716,0.2581202387809753,0.2589570879936218,0.2592400908470154,112.34714673913044,25.0016330592775,22.564034155349955,24.11745153063561,25.166972393798037,18.87459878269265,18.04872567657929,30.89515294512797,jazz,平静,2
-318.7561340332031,162.64056396484375,-16.489927291870117,39.12442779541016,31.42814445495605,15.258031845092772,-0.6904928684234619,5.800407409667969,-8.641589164733887,-4.002048492431641,1.3683021068572998,0.0720923393964767,-3.1007142066955566,829.6061468763736,1554.3458730604698,0.0330603792053364,0.06414245814085,0.2647850215435028,0.2642461657524109,0.439050942659378,0.3802047371864319,0.3581204414367676,0.2460828870534896,0.2550429403781891,0.4180227518081665,0.3345999419689178,0.3641857802867889,0.3259924948215484,0.305844247341156,112.34714673913044,24.25230890933664,22.618211705569408,25.061911648478915,23.361911650381444,22.252600806412968,21.47140977184981,26.31693630134686,jazz,平静,2
-192.5086212158203,113.19280242919922,-6.349791526794434,39.58106231689453,-9.18021297454834,17.197965621948242,-19.10273742675781,12.200302124023438,-15.47020149230957,9.694096565246582,-10.955244064331056,12.916770935058594,-7.286330699920654,1825.7919934437011,4011.2377193300463,0.0768886250483372,0.0711631402373313,0.336665540933609,0.1966313868761062,0.369706928730011,0.3069600164890289,0.2082391083240509,0.368763118982315,0.263762891292572,0.3515211939811706,0.2615226209163666,0.3844712078571319,0.3333311975002289,0.223908931016922,99.38401442307692,19.036845580706537,15.176492961019235,21.241141550380146,21.834574991831754,22.097922411158947,19.133547541950445,37.84134743190128,jazz,平静,2
-253.17776489257807,122.693359375,-5.6654372215271,40.57578659057617,-5.834477424621582,18.41437149047852,-16.655176162719727,14.596437454223633,-15.156902313232422,8.209847450256348,-13.885358810424805,8.284788131713867,-7.303147315979004,1650.9582872211786,3658.879241589327,0.0636895482888631,0.0375193171203136,0.4413570761680603,0.3100773692131042,0.3311063051223755,0.3532398045063019,0.2880819439888,0.3685498535633087,0.3435240089893341,0.3831630349159241,0.4158180356025696,0.3714156448841095,0.4378437399864197,0.3212674558162689,112.34714673913044,17.709775643519347,15.504471016605123,20.021352858417817,20.862597585935703,20.934310641510177,18.99050298078444,34.97813529447995,jazz,平静,2
-217.6363067626953,112.63075256347656,12.674138069152832,39.5185661315918,-9.819438934326172,17.370189666748047,-12.366684913635254,20.70370864868164,-18.293848037719727,16.350719451904297,-10.015159606933594,9.042704582214355,-6.878431797027588,1790.2436399601108,4398.1775553763055,0.061075940762761,0.0554620400071144,0.3150312304496765,0.2577855587005615,0.2512392997741699,0.2435605078935623,0.2623938322067261,0.2901301085948944,0.3080952167510986,0.387513667345047,0.3696427941322326,0.4524905681610107,0.3867464661598205,0.2477981150150299,151.99908088235293,17.925008108380524,13.457534284372104,19.091212849294223,20.02794770490571,20.101557123398763,18.68308841845627,37.7212995659575,jazz,平静,2
-358.2756042480469,137.953857421875,-10.996047973632812,20.851852416992188,1.9459161758422847,-3.409778594970703,-11.53309440612793,-3.274732828140259,-11.018584251403809,-8.387628555297852,-7.478257179260254,-0.9960914850234984,-6.737070560455322,1171.8345898377106,2019.0500493945765,0.0649183705529775,0.0392902679741382,0.2681547105312347,0.1061171516776084,0.263316661119461,0.1819042265415191,0.2916193604469299,0.2305677384138107,0.1403903514146804,0.2137491703033447,0.1274341791868209,0.1879268288612365,0.1704087406396865,0.2022112905979156,129.19921875,16.568755766535688,21.1448459948277,27.25037671325748,26.395375682115024,25.05906496786225,22.88837011252992,27.830618479301304,jazz,平静,2
-200.00050354003903,117.24072265625,-12.38803005218506,39.11275100708008,-6.355851650238037,16.529462814331055,-17.309965133666992,13.6309814453125,-17.660388946533203,14.041950225830078,-10.207222938537598,12.181232452392578,-6.717840671539307,1782.220467473971,3811.801621864124,0.0735563793020108,0.0623715445399284,0.3386387526988983,0.3029234707355499,0.3083702027797699,0.3826834857463836,0.3148262500762939,0.3364991843700409,0.3379770815372467,0.3719224333763122,0.4007464647293091,0.3696897625923157,0.3085491359233856,0.2227922230958938,117.45383522727272,18.72975393581497,14.548373001267574,19.931466623286365,20.71528945301145,21.170304882079897,19.13580111658382,37.20872322296515,jazz,平静,2
-259.90985107421875,123.19316864013672,-6.39508581161499,37.57144927978516,-2.978944778442383,13.065516471862791,-14.084049224853516,5.309153079986572,-11.972436904907228,3.5174100399017334,-9.6387357711792,5.337090492248535,-7.837250232696533,1465.8580996844978,2822.465015951276,0.0698449886407579,0.0605481453239917,0.2963356375694275,0.1981352716684341,0.2302125990390777,0.2647809684276581,0.1977982521057129,0.2680716514587402,0.279309868812561,0.201362207531929,0.231095016002655,0.2130712568759918,0.2315257489681244,0.3829832375049591,117.45383522727272,18.13435274860889,18.42570067739972,25.693944819985244,26.008628207039965,24.383116873059404,20.64456790659154,34.234849349037255,jazz,平静,2
-233.11557006835935,105.9135284423828,-2.663626194000244,37.423095703125,-8.166695594787598,15.727240562438965,-15.060574531555176,8.373821258544922,-16.36957359313965,8.6382417678833,-9.372575759887695,7.094327926635742,-5.996860027313232,1934.3602751013968,4327.366124836862,0.0841437367072699,0.0498430654406547,0.2301374226808548,0.2417790442705154,0.2663477063179016,0.393040269613266,0.2620194554328918,0.2958052456378937,0.2853643298149109,0.2726125717163086,0.3759187757968902,0.5823675990104675,0.600830078125,0.336477130651474,103.359375,18.60667467104692,14.600051316652516,18.10049907135636,18.63104779658343,18.833931416307017,17.943678794329948,36.32988370032473,jazz,平静,2
-192.1135406494141,105.56804656982422,-26.02510452270508,40.16893768310547,-6.658174514770508,26.50571823120117,-10.386099815368652,18.473989486694336,-13.997672080993652,14.939582824707031,-12.698396682739258,9.57853889465332,-5.1966657638549805,1993.412986778348,4248.252836789443,0.0877082275957076,0.0522241741418838,0.363966703414917,0.230397418141365,0.3390811681747436,0.2327378541231155,0.3069000244140625,0.3816922903060913,0.4103675782680511,0.5347477197647095,0.4030763506889343,0.371577113866806,0.2956460416316986,0.3705287277698517,103.359375,19.804203381581164,16.92806317311921,19.83181490543605,20.417658389455404,21.13722055772396,18.881941400139297,37.56615646630927,jazz,平静,2
-267.31512451171875,129.04580688476562,-14.718589782714844,41.26822280883789,-1.0152896642684937,22.954587936401367,-8.129340171813965,11.185735702514648,-9.07310962677002,11.322412490844728,-5.50223970413208,13.576353073120115,-1.1756658554077148,1352.8857477220752,2713.250208454176,0.0554506990767594,0.0501914322376251,0.3322300314903259,0.29730424284935,0.2611686885356903,0.3029439747333526,0.3282402455806732,0.2657537162303924,0.2554564177989959,0.1697898507118225,0.1995466351509094,0.1889796406030655,0.1756733953952789,0.201593592762947,123.046875,19.612693045740656,18.72438493547937,23.84954654412658,24.049457721114035,23.08212106788184,20.52606537383632,33.214460270414,jazz,平静,2
-376.7118225097656,119.15719604492188,-2.948569297790528,48.4973258972168,13.15625286102295,21.24612617492676,0.0221755877137184,8.012308120727539,-0.4058179855346679,2.3731849193573,-0.0345927737653255,0.8998019099235535,1.6660525798797607,1171.3366948620223,2580.212317376015,0.0329633271703402,0.0271133631467819,0.2555601596832275,0.2439778447151184,0.2343611270189285,0.2353686243295669,0.297884076833725,0.2882655560970306,0.3090995848178863,0.3310743570327759,0.3632149696350097,0.3870178759098053,0.2757397890090942,0.2497067004442215,107.666015625,19.689626775755947,20.180005582186265,23.063652107222627,18.96933445195669,18.2852976405458,16.683688890004756,28.31989169991531,jazz,平静,2
-174.7207794189453,75.89430236816406,-12.799818992614746,52.61549758911133,-29.407379150390625,22.755056381225582,-22.36885452270508,18.62555503845215,-24.70967102050781,21.171358108520508,-13.808961868286133,13.011256217956545,-7.863234519958496,2915.2020776967365,5865.116609719403,0.1813721269576566,0.0479548461735248,0.324454128742218,0.3574347794055938,0.3968002200126648,0.3962262570858001,0.4444226026535034,0.5544601082801819,0.4905199706554413,0.3984251916408539,0.4588184952735901,0.5152941942214966,0.5024925470352173,0.3540032804012298,123.046875,18.71366005250622,13.17114611143093,16.68229830013035,17.276086245683413,19.083084962332823,18.30200046617697,41.68140053293391,jazz,平静,2
-298.7561340332031,112.07627868652344,6.4888176918029785,28.389169692993164,-6.770986557006836,16.645587921142578,-11.807552337646484,12.744362831115724,-8.340970039367676,13.89322280883789,-4.237726211547852,2.317612886428833,-4.329582691192627,1451.8621242970448,3047.4311987927786,0.0512242151247099,0.0504797399044036,0.1176549419760704,0.1339109539985656,0.22048319876194,0.1884105056524276,0.1681772172451019,0.1936365067958831,0.130627766251564,0.2039457708597183,0.3643955886363983,0.2875833213329315,0.2244779616594314,0.18569977581501,129.19921875,19.66791656235399,20.515668202572883,26.072390340585727,25.74578819458816,23.396068494457275,19.54172448564825,34.60059328422149,jazz,平静,2
-188.1168975830078,98.6123504638672,-11.27721881866455,47.22146224975586,-20.341472625732425,18.784269332885746,-15.795819282531738,13.686596870422363,-15.46371364593506,17.43075942993164,1.0079585313796997,18.280630111694336,4.641810894012451,1988.7524361987284,4317.182401935905,0.0801377912316318,0.0877841189503669,0.1973133087158203,0.3852525949478149,0.2223448604345321,0.357146292924881,0.2562781572341919,0.3125357329845428,0.1777642220258712,0.1622357666492462,0.1868659555912017,0.1431016027927398,0.1050896495580673,0.1476726233959198,161.4990234375,20.46228100840321,13.163282413224277,22.61640104520222,22.674396843124164,23.591264785290058,20.049375228941297,38.70780103030179,jazz,平静,2
-202.62045288085935,105.84962463378906,-20.56437492370605,43.892127990722656,-14.276479721069336,25.29875373840332,-15.593871116638184,15.32175636291504,-13.293830871582031,12.276257514953612,-8.766581535339355,10.162179946899414,-1.8646471500396729,2034.4917204627848,4342.462682170823,0.093222822409126,0.058837890625,0.3592519760131836,0.3113168776035309,0.355024129152298,0.4243350625038147,0.3526292145252228,0.305610716342926,0.2909008264541626,0.3356088995933532,0.3449950516223907,0.3596655130386352,0.3487412631511688,0.4005711376667022,103.359375,19.53295577505132,14.628072484073172,19.302595522677404,20.01619724672246,20.616232543898484,18.382982415299978,37.21557654408822,jazz,平静,2
-237.67996215820312,108.3123550415039,2.040279626846313,41.773414611816406,-10.45001220703125,16.938732147216797,-8.598846435546875,12.791258811950684,-9.114673614501951,15.94317626953125,-6.5168304443359375,7.178613662719727,-8.255825996398926,1697.9171784792436,3806.189333037268,0.0635985384039056,0.0693338438868522,0.2322715818881988,0.22540383040905,0.2107770591974258,0.3080561459064483,0.2187861651182174,0.2431132197380066,0.4776157736778259,0.3195869326591491,0.2857191562652588,0.2589505910873413,0.2468436807394027,0.1907874792814254,103.359375,23.113321164127733,16.794855893537797,20.77223097429487,21.428333142268272,20.213852189295405,18.950396234859173,36.36863430447363,jazz,平静,2
-414.0825500488281,104.8276138305664,-7.832919597625732,37.85291290283203,0.1932883858680725,23.407958984375,-7.296281337738037,5.744217395782471,-1.0660864114761353,8.48875904083252,-5.500467300415039,0.8773019909858704,-1.4534107446670532,1367.435200194701,2631.480659077726,0.0586103659126063,0.0319388583302497,0.1640741378068924,0.2189050167798996,0.1161945089697837,0.1358571499586105,0.3598352968692779,0.3088849484920501,0.1336272954940796,0.1444168239831924,0.2276349812746048,0.287617564201355,0.1968796104192733,0.1278841644525528,123.046875,24.011415287605185,24.984341263619253,28.425466819844782,26.174127558123843,24.5210789694249,20.453908017337024,28.755313857380145,jazz,平静,2
-262.10797119140625,108.99053955078124,-6.340922832489014,55.17393493652344,-10.668641090393066,18.520814895629883,-4.25078010559082,18.553394317626957,-19.70442008972168,17.577571868896484,-10.986870765686035,11.923827171325684,-3.433858871459961,1769.4282675269487,3966.4393307714618,0.0626808868667826,0.0405941717326641,0.2764347791671753,0.295221209526062,0.3104143142700195,0.3143121600151062,0.2867540717124939,0.3424880504608154,0.4004341065883636,0.4784629344940185,0.4004384875297546,0.3026939630508423,0.2736822068691253,0.2207043766975402,143.5546875,19.448775042189148,15.99672288157791,19.4787317209354,19.798800937262797,19.058075443856545,20.72246589336253,35.28279070767011,jazz,平静,2
-233.7868804931641,108.44884490966795,-10.692216873168944,38.69777297973633,-10.757061958312988,14.163576126098633,-16.255836486816406,10.371212005615234,-20.81099319458008,10.070446968078612,-12.022905349731444,7.760413646697998,-12.02753448486328,1854.1337840481792,4031.4136478574537,0.0749049116637664,0.0487477742135524,0.2231518477201461,0.2189217358827591,0.2300729155540466,0.2769525647163391,0.2728707790374756,0.2934828400611877,0.2397842407226562,0.3023435771465301,0.3241764008998871,0.3035033643245697,0.3401494026184082,0.2932074069976806,99.38401442307692,23.374451772224425,16.288057689325445,21.09986026309107,21.934289258926423,21.530517209714816,19.885412976668185,36.77784748072969,jazz,平静,2
-232.95947265625,93.83140563964844,-16.19234848022461,49.59152221679688,-13.951523780822754,13.500869750976562,-11.832385063171388,13.29676342010498,-25.82591438293457,17.382801055908203,-13.318090438842772,9.2868013381958,-5.49476957321167,2235.2480118461262,4683.488333363544,0.0993737311484918,0.0363204590976238,0.3106445074081421,0.3977042138576507,0.3690322339534759,0.3960715234279632,0.3114787340164184,0.2869943380355835,0.2953342795372009,0.2606676816940307,0.2763832509517669,0.242267370223999,0.2405172288417816,0.2643167078495025,112.34714673913044,21.154342376724383,16.477096821343608,20.017620217440303,19.989929668083736,19.419309373371664,21.057407391923917,36.99574485668209,jazz,平静,2
-319.0247802734375,115.67262268066406,-23.03746223449707,52.5950927734375,-12.811129570007324,14.634926795959473,-8.212763786315918,0.3054489195346832,-23.86931037902832,10.836662292480469,-9.588441848754885,7.476500511169434,-4.249779224395752,1687.9309171434163,3354.8497317285382,0.084649389138631,0.0295813754200935,0.2146320790052414,0.2551532387733459,0.2631393671035766,0.2194907963275909,0.3017323017120361,0.2171345800161361,0.1485559791326522,0.1263249069452285,0.2251752167940139,0.3488115668296814,0.2888358831405639,0.2122627645730972,117.45383522727272,23.964702922742244,19.857830112793323,23.828426961413324,22.547060179750527,22.94996041310684,24.385557843497704,32.619058728868616,jazz,平静,2
-237.51991271972656,115.9436264038086,-15.43163013458252,47.10340118408203,-13.503622055053713,18.200197219848636,-13.963651657104492,15.332401275634766,-17.526098251342773,13.42228889465332,-6.228496074676514,8.632211685180664,-7.2494072914123535,1752.7248668089464,3733.795803273637,0.0723762718725831,0.0435778126120567,0.2349170893430709,0.221078872680664,0.2677477896213531,0.314406543970108,0.2902720272541046,0.3153693675994873,0.3119902014732361,0.3422457277774811,0.3297438621520996,0.4005033373832702,0.4290888905525207,0.275983989238739,112.34714673913044,20.26107458554913,14.55078018037672,19.367787676927406,20.75997274725968,20.754127436755773,19.32838066560288,35.18014661883583,jazz,平静,2
-305.46539306640625,121.93075561523438,2.6112542152404785,36.931583404541016,-8.555871963500977,17.913818359375,-9.265583038330078,10.559932708740234,-9.934749603271484,2.315037488937378,-12.682136535644531,0.3106359839439392,-8.614855766296387,1522.0894311198458,3252.079896860499,0.0613810693397138,0.0405056774616241,0.2460564374923706,0.2429488599300384,0.3061282336711883,0.2292515933513641,0.271192342042923,0.2646385133266449,0.3552899360656738,0.376766949892044,0.308340460062027,0.2982014715671539,0.2226364761590957,0.2484544068574905,129.19921875,22.01785375449152,15.93265987600783,19.966842668885555,21.31273732899835,17.95279784084066,16.04436611008801,31.82809461289696,jazz,平静,2
-261.8248596191406,139.5357666015625,-17.112346649169922,49.89006805419922,-5.863274574279785,19.849517822265625,1.8529808521270752,5.711823463439941,-7.836343765258789,-0.4240011870861053,-1.259535312652588,-2.194336414337158,4.457130432128906,1169.439675583144,2443.793730060905,0.0423331913428074,0.0697487667202949,0.2465225607156753,0.2766733169555664,0.2585511803627014,0.2870400249958038,0.2407068163156509,0.2263715118169784,0.2300151884555816,0.230326235294342,0.3113121092319488,0.3678648471832275,0.356590986251831,0.2552595436573028,95.703125,16.985950681384168,20.40456379804777,22.21783302260083,20.48428911650696,17.64493482031246,17.876236341732483,31.919999215773892,jazz,平静,2
-146.3751678466797,118.19465637207033,-34.67339324951172,58.78237533569336,-14.961517333984377,34.299007415771484,-6.591182231903076,13.892899513244627,-14.637520790100098,9.193352699279783,-11.33616065979004,1.0952284336090088,-5.499570369720459,1759.6144140848987,3574.320201475493,0.0793492906515854,0.1299939453601837,0.2584153711795807,0.169048860669136,0.2240299135446548,0.4129759967327118,0.3530251383781433,0.4651520550251007,0.2871828377246856,0.3269646167755127,0.4417951107025146,0.2851337194442749,0.2930471897125244,0.223099872469902,99.38401442307692,16.944162529654875,17.376667581804643,21.213038165478626,21.603617994757567,21.39622128540387,20.56049600831697,39.705356761307776,jazz,平静,2
-261.906494140625,182.52735900878903,-16.89704132080078,49.85529708862305,-1.219253659248352,6.345920562744141,5.99686861038208,-8.876310348510742,-10.314593315124512,-3.203549861907959,-5.370092868804932,-3.545535087585449,-2.895197868347168,844.1729949398201,1608.811720562645,0.0377256743039443,0.0914623737335205,0.4027684926986694,0.2367485761642456,0.3230977356433868,0.208005741238594,0.2740482687950134,0.2039735466241836,0.1880877763032913,0.2358072251081466,0.1936035305261612,0.3006145358085632,0.257531076669693,0.3506130874156952,123.046875,16.879352379773174,19.924562397099702,23.808106455258983,22.62387758328271,21.59334363507656,22.48679071737737,27.94734931603704,jazz,平静,2
-196.93746948242188,152.82791137695312,-36.87057113647461,41.801151275634766,-8.697372436523438,4.414522171020508,-11.569147109985352,1.421653389930725,-14.735710144042969,0.4733049273490906,-10.165450096130373,-6.9279656410217285,-6.24993896484375,1481.5814852961128,2657.4937010585845,0.0995028821055684,0.0805267542600631,0.3089280426502228,0.3236205279827118,0.4482334554195404,0.2432018220424652,0.2746728956699371,0.3969675600528717,0.2040258944034576,0.3057502508163452,0.2480024844408035,0.3796035647392273,0.490502268075943,0.2454346865415573,123.046875,16.935552126144437,13.132125959702158,18.35452133456544,20.48390233299,22.084062344293965,21.888390365726305,33.21295427723087,jazz,平静,2
-198.4701232910156,140.6879119873047,-18.40506935119629,30.50865173339844,-6.695149421691895,15.716473579406738,-0.7360028028488159,7.292020320892334,-6.588791847229004,6.072186470031738,-5.131031036376953,3.4454891681671143,-2.8457655906677246,1276.6513099117217,2468.549419500435,0.0515006434889791,0.1065927073359489,0.2435508966445922,0.2689728140830993,0.2704366147518158,0.2840769290924072,0.2544254064559936,0.4189499020576477,0.2891929149627685,0.324504017829895,0.2738600671291351,0.2497244626283645,0.2989228069782257,0.2420658618211746,95.703125,19.83335506096341,19.067106841114928,22.86121193430395,23.22651763447841,20.4832094096237,17.58329422352517,33.89343361435872,jazz,平静,2
-179.60382080078125,124.33756256103516,-29.74734115600586,45.36680221557617,-10.197358131408691,17.786069869995117,-8.81406307220459,12.764595985412598,-10.758047103881836,8.616040229797363,-12.397631645202637,3.3900299072265625,-12.025344848632812,1554.348779839451,3216.3660885839618,0.0663941656999226,0.0977495014667511,0.392764538526535,0.239685371518135,0.1769823879003524,0.1676702350378036,0.2465559989213943,0.3594096601009369,0.2553082108497619,0.3614636361598968,0.3393067717552185,0.2521801292896271,0.3142136931419372,0.3224723637104034,151.99908088235293,19.679512569943345,20.40377435029658,23.02495860315873,22.332608621648166,20.883581891675597,19.26285273224173,36.33627311968993,jazz,平静,2
-237.32550048828125,146.82420349121094,-24.415498733520508,64.26624298095703,-10.81370449066162,3.27419114112854,-1.3289616107940674,2.707298994064331,5.14397668838501,0.4013015627861023,9.623003005981444,2.5155436992645264,3.119004964828491,1311.144563027034,2723.742024361949,0.0764856891676334,0.0822343975305557,0.2853577733039856,0.2346520125865936,0.1886334121227264,0.275944709777832,0.2477509528398513,0.3273465931415558,0.2027876377105713,0.22345070540905,0.3028031885623932,0.2150547504425048,0.242821455001831,0.2252096682786941,99.38401442307692,15.655399644968089,14.547003580332138,21.58021043106511,20.313650349809254,21.84968603016665,21.34971435822729,30.06464882442644,jazz,平静,2
-179.8000030517578,147.7592315673828,-20.459308624267575,58.603145599365234,-23.800596237182617,2.462270975112915,-3.1939632892608643,-9.31116771697998,-5.763919830322266,-0.4222122132778168,-8.364212989807129,3.093961000442505,-6.859156608581543,1317.026970811459,2778.8906725819315,0.0548472393416473,0.1380135118961334,0.348310112953186,0.2765174806118011,0.1527828276157379,0.1940540224313736,0.1663691103458404,0.1957951635122299,0.2237747758626938,0.2743971049785614,0.3313341438770294,0.2317470461130142,0.2037572562694549,0.2415196001529693,103.359375,14.248127345106909,19.17867011937893,23.57439265858532,21.575180507710275,19.75897467891876,21.732736037695854,33.23884863202378,jazz,平静,2
-216.33937072753903,135.02337646484375,-35.48702621459961,61.59968185424805,-14.55785083770752,11.047006607055664,1.2091344594955444,10.954964637756348,-8.300718307495117,-1.4434432983398438,0.1189479827880859,8.27770709991455,-4.579705238342285,1617.409384435443,3103.562413899362,0.100587825671887,0.0782009363174438,0.3297089338302612,0.2079220116138458,0.3564293384552002,0.4522635340690613,0.3066888153553009,0.2960041165351867,0.2386036813259124,0.3467004597187042,0.2216405570507049,0.2623577415943146,0.402867704629898,0.2768682837486267,95.703125,15.3937717920053,15.52617715257827,20.03799964166083,22.706069651356973,23.02603310830827,22.40173825859052,32.5577345806067,jazz,平静,2
-206.7946319580078,141.81704711914062,-13.789802551269531,49.324588775634766,-24.800512313842773,11.800833702087402,-12.79098415374756,-16.55076026916504,-8.390813827514648,-1.214152455329895,-7.660740852355957,-1.3785263299942017,-9.349154472351074,1344.6201262512325,2773.09519331859,0.0611858323665893,0.0994922369718551,0.2349153459072113,0.1878863275051117,0.2719061076641083,0.2841686904430389,0.2763306498527527,0.3749003112316131,0.3089657127857208,0.3284619748592376,0.2035761326551437,0.2785758674144745,0.3530754446983337,0.3196519613265991,129.19921875,15.85637301322312,18.29423897443977,22.269346446889784,22.07308520045209,21.136813552929883,20.878676804842065,33.710701099795386,jazz,平静,2
-173.19873046875,111.66873168945312,-35.90760803222656,45.83884811401367,-11.437211036682127,19.691478729248047,-8.076202392578125,17.946382522583008,-8.96049690246582,14.693592071533203,-10.34089469909668,4.678985118865967,-11.800859451293944,1761.2131331366036,3462.7322451421114,0.0857196049642304,0.1116921380162239,0.2916276156902313,0.2151180505752563,0.2580915689468384,0.2481819242238998,0.2706999480724334,0.2113622725009918,0.2226865589618683,0.3779756128787994,0.2521882951259613,0.3206234276294708,0.188082069158554,0.1930014044046402,151.99908088235293,19.087317820137727,18.876213584227436,22.00984696892251,25.010265710261468,22.108292507879646,20.534672495347024,37.32953466463629,jazz,平静,2
-246.96923828125,168.015380859375,-19.7974910736084,21.995052337646484,-0.7389042377471924,15.09253215789795,-1.2764796018600464,4.740402221679688,-2.053322553634644,6.533862590789795,-1.3891006708145142,5.625460147857666,-0.2856671810150146,1004.7574201659104,1811.2538065545243,0.0496683614897525,0.0864661112427711,0.2507891952991485,0.2503079175949096,0.4333259165287018,0.3339172005653381,0.3277515769004822,0.2611492276191711,0.1830139458179474,0.2797285616397857,0.2274723201990127,0.2973609268665313,0.268438458442688,0.2050427943468094,103.359375,20.96838029587823,18.3310469053119,23.142661925748836,23.51597525744772,23.514593594716416,19.875220002629312,30.760283765875787,jazz,平静,2
-231.3054351806641,174.3891143798828,-19.74982452392578,47.35616683959961,-1.9784823656082156,6.667477130889893,-1.1242022514343262,-5.498748779296875,-13.734885215759276,-3.691333293914795,-6.308470249176025,-1.4986186027526855,-2.635246992111206,937.3823871861684,1763.0913754350347,0.0426217040071539,0.1003016382455825,0.3794022798538208,0.2856423556804657,0.1992605328559875,0.2563090920448303,0.2681908309459686,0.2125219106674194,0.1780582666397094,0.3557503223419189,0.3406897783279419,0.2685304284095764,0.2949579358100891,0.3046787083148956,123.046875,17.00613545852733,19.94686358030072,23.54105962834833,22.23043598288112,21.69743625908364,21.01661115286508,29.91239812744184,jazz,平静,2
-204.23126220703125,147.60040283203125,-25.210437774658203,49.35248565673828,-15.65807056427002,2.7013888359069824,-7.84961986541748,-10.641349792480469,-4.8027873039245605,-3.669334173202514,-3.507924318313598,1.564738392829895,1.4762617349624634,1295.239347480078,2695.60563868547,0.0586360450502706,0.1104695498943328,0.25834921002388,0.1923044770956039,0.1924548745155334,0.3507029116153717,0.2234798669815063,0.2717130780220032,0.2490669637918472,0.2547673881053924,0.2189601957798004,0.1958232671022415,0.3509025573730469,0.2466325461864471,107.666015625,15.919775561646144,15.742915124175935,21.34873453867996,19.56328322421827,21.24990767493233,21.071786950122647,32.148360235345706,jazz,平静,2
-201.77865600585935,109.2877960205078,-15.50636100769043,44.262638092041016,-11.043766021728516,18.838415145874023,-11.30583381652832,18.402467727661133,-18.903079986572266,11.21367645263672,-11.905747413635254,6.954172611236572,-11.6553373336792,1981.982382184166,4262.017100039879,0.0935358813080046,0.0538925901055336,0.3634231388568878,0.327593445777893,0.3411430418491363,0.3588585257530212,0.3518610000610351,0.4005736708641052,0.3610353171825409,0.3325671851634979,0.3581025898456573,0.3324815928936004,0.3682496547698974,0.4058983325958252,103.359375,18.245894055146263,15.13063443016433,20.274168258315022,20.87890812964165,20.551648196385383,18.92545841278396,37.57164033681563,jazz,平静,2
-204.7816619873047,117.4374542236328,-20.93583106994629,42.01604843139648,-10.35555362701416,19.221494674682617,-11.642017364501951,7.983561038970947,-20.26799964904785,8.788082122802734,-11.700528144836426,5.174278259277344,-11.235280990600586,1748.3486883454468,3685.416874365574,0.0793024639887857,0.0586483776569366,0.3403280675411224,0.2581295669078827,0.315441220998764,0.2493219822645187,0.293808102607727,0.2501047551631927,0.2975097000598907,0.3440033793449402,0.243574172258377,0.2492744773626327,0.2184890955686569,0.3313939273357391,129.19921875,20.83936308082272,16.100704309894862,22.221106623648996,21.56067065305904,21.32278674590831,19.357613111460505,36.59508477227146,jazz,平静,2
-165.5166473388672,87.27494812011719,24.825937271118164,28.404272079467773,-2.7653040885925293,-1.324993133544922,-14.071616172790527,-4.758403778076172,-19.202238082885746,-0.6024582386016846,-11.948309898376465,-8.327139854431152,-8.228103637695312,2049.705424466469,4562.441089037123,0.064768449705143,0.1843304932117462,0.1229015365242958,0.106731466948986,0.1812805086374282,0.1859710067510604,0.2796871960163116,0.3517098128795624,0.2039779871702194,0.2058783769607544,0.2482643872499466,0.361310750246048,0.1797253638505935,0.0916982740163803,123.046875,16.695713374206807,20.362209181530947,26.006569217674844,22.76749232365101,21.58146766636296,18.126455276990324,18.382663727588422,jazz,平静,2
-54.8978271484375,77.32103729248047,8.338180541992188,31.679048538208008,11.310490608215332,11.735435485839844,7.875625610351562,13.47206687927246,-2.21412205696106,5.590560436248779,1.5235484838485718,7.4191575050354,-0.9225682020187378,2486.0099199626684,5797.288135213589,0.0812629909690366,0.1904025226831436,0.3541323244571686,0.4542487263679504,0.6860766410827637,0.4012836515903473,0.3079370558261871,0.3472317457199096,0.3835472166538238,0.5401262044906616,0.425942599773407,0.3908350467681885,0.3228627443313598,0.3093129694461822,151.99908088235293,20.680391893750496,14.299051915650985,16.983702272576892,18.52410456360357,16.684395595334795,17.148531168919664,17.809336956040752,jazz,平静,2
-260.92547607421875,138.53469848632812,-16.334735870361328,49.14583206176758,-5.2526445388793945,19.349971771240234,2.2014172077178955,5.547832012176514,-7.881401538848877,-0.2059129774570465,-1.6223300695419312,-1.726784586906433,3.936522245407105,1193.6599936500752,2479.890572886456,0.0424355302590873,0.0697503760457038,0.24650539457798,0.2766351699829101,0.2585699260234833,0.2870720624923706,0.2407049983739853,0.2263973802328109,0.2300599664449691,0.2303725183010101,0.3113315105438232,0.3678901493549347,0.3565793335437774,0.2552936375141144,95.703125,16.982925069571362,20.400003033974205,22.17957085428605,20.462415773307065,17.675270576999168,17.870930285078973,21.395331264198777,jazz,平静,2
-91.53225708007812,82.66671752929688,12.093825340270996,36.69266128540039,-0.7732234001159668,13.448074340820312,5.6481614112854,9.667837142944336,-3.743504524230957,1.8151720762252808,1.5047321319580078,1.2590991258621216,0.8051053285598755,2289.4808402193494,5243.550127456044,0.0772550261817832,0.1882998049259185,0.4378190040588379,0.3627315461635589,0.4290274083614349,0.3773382306098938,0.387843519449234,0.3924966156482696,0.3338854610919952,0.398027241230011,0.3264578878879547,0.3466628789901733,0.2654129862785339,0.3392009437084198,107.666015625,21.876125980325565,16.78915450689526,20.985006917040067,19.703748409079576,19.29481607095364,19.508366817415425,18.07930574637677,jazz,平静,2
-141.05447387695312,110.75529479980467,-27.479686737060547,51.97261047363281,-8.65980052947998,28.61281967163086,-1.6032471656799316,9.65611743927002,-11.17746353149414,6.51175594329834,-9.409138679504396,-0.1234993785619735,-4.926243305206299,1804.7976374158893,3646.755365429234,0.0795233800995746,0.1300170868635177,0.2585233151912689,0.1690939217805862,0.2240400463342666,0.4129785001277923,0.3530203402042389,0.4651479721069336,0.2871802151203155,0.3269363343715668,0.4417773783206939,0.2851370275020599,0.293059766292572,0.223174974322319,99.38401442307692,16.966792668434124,17.376606219571308,21.21257866557621,21.60234172380388,21.39661017478479,20.560946933972872,23.34199746629784,jazz,平静,2
-260.3805236816406,180.59884643554688,-15.35195541381836,48.5430793762207,-0.0777212604880333,5.433352947235107,6.595534801483154,-9.157925605773926,-10.286931037902832,-2.9881863594055176,-5.819793701171875,-2.928515672683716,-3.620267391204834,871.7965368873743,1632.701418847883,0.0377785431167826,0.0914615839719772,0.4027560353279114,0.2367492169141769,0.323110431432724,0.2080066502094268,0.274050772190094,0.2039650529623031,0.188090831041336,0.2358066886663437,0.193603977560997,0.3006191849708557,0.2575320899486542,0.3506003022193908,123.046875,16.89362850368818,19.922356687335583,23.85010035248171,22.62192880324004,21.53861303180316,22.432537161976743,15.91514518757158,jazz,平静,2
-37.92366027832031,65.09797668457031,14.327613830566406,21.301477432250977,7.493530750274658,6.316901206970215,1.9001935720443728,6.557405471801758,-2.915883302688598,5.56787633895874,2.443056583404541,2.996021270751953,0.5928095579147339,2976.3136721854653,6860.818077674279,0.1147404597355769,0.1982529908418655,0.3166907727718353,0.3161157965660095,0.3911256790161133,0.3976046144962311,0.4106210470199585,0.4238133728504181,0.3854245245456695,0.3955027461051941,0.3860520124435425,0.3181095421314239,0.3127084970474243,0.4200618267059326,123.046875,21.48238394363317,13.37848637219863,18.01091136188961,19.085834592334045,18.388802130999803,17.8045447868679,17.609077068837678,jazz,平静,2
-248.0406494140625,125.9637222290039,-12.627049446105955,30.244604110717773,-1.0868209600448608,-2.223785877227783,1.9342353343963623,0.2369827032089233,2.6991629600524902,-4.412510395050049,-6.465382099151611,-6.510919094085693,-3.99531888961792,1378.675371627107,2584.991922400667,0.0618587768271461,0.0780987814068794,0.3510342240333557,0.3099848628044128,0.2553703784942627,0.2413537055253982,0.1353392750024795,0.1571459323167801,0.1269244104623794,0.2109181433916092,0.2393689006567001,0.2114678174257278,0.3525488674640655,0.2181190252304077,95.703125,20.616143006160492,22.3434988507327,24.99720404200103,24.47540016975787,23.085554127355856,20.943452781500216,16.75812671614124,jazz,平静,2
-190.61761474609372,144.0196075439453,-28.387868881225582,33.79656982421875,-1.2907626628875732,-2.2981574535369877,-5.647254467010498,-3.646697759628296,-10.532907485961914,-2.8500466346740723,-7.704916477203369,-8.587103843688965,-5.302704334259033,1545.8301777915788,2722.1682519757837,0.099600311774942,0.0805296748876571,0.3089392483234405,0.323661208152771,0.4482309520244598,0.2432266026735305,0.2746896743774414,0.3969628512859344,0.2040178179740905,0.3057272732257843,0.2479960769414901,0.379619836807251,0.4905320405960083,0.2454488277435302,123.046875,16.941114622418187,13.133532170359596,18.33930596811407,20.487533549687573,22.08712815756223,21.879367737503493,16.605729844319278,jazz,平静,2
-179.79295349121094,114.697998046875,28.397092819213867,36.05839920043945,11.135540008544922,12.761848449707031,3.79827094078064,8.4786958694458,-0.0628436207771301,5.388268947601318,1.0202453136444092,2.6880953311920166,-3.727062940597534,1391.5959542659566,2913.9606228877096,0.0380171393040746,0.1822865903377533,0.2856657803058624,0.2778463363647461,0.3944612443447113,0.3614110052585602,0.2922647893428802,0.3240255713462829,0.2809140980243683,0.406467080116272,0.3164103329181671,0.2550325989723205,0.3215462863445282,0.2798898220062256,107.666015625,20.71640368485245,17.470297509433582,22.64868057856197,20.686904951512844,17.92644735317661,16.644209658601994,16.38372548106671,jazz,平静,2
-190.406494140625,129.51292419433594,-7.829625129699707,20.722414016723636,2.199653148651123,7.790332317352295,6.186309337615967,1.3470622301101685,-1.5960288047790527,2.017077922821045,-1.990949630737305,1.1614683866500854,-1.3529067039489746,1427.9245373061,2730.278592209252,0.0524107423385537,0.1066069900989532,0.2436144649982452,0.2690722942352295,0.2705267369747162,0.2841352820396423,0.2544788122177124,0.4189629256725311,0.289172500371933,0.3244755864143371,0.273830771446228,0.2497044503688812,0.2989095449447632,0.2420826107263565,95.703125,19.83923264415329,19.0669835742376,22.86287460129656,23.21854561153365,20.50165208581825,17.407072375355316,14.828069751358214,jazz,平静,2
-23.7930965423584,82.98355865478516,2.320492744445801,29.463279724121094,6.617260932922363,6.476667404174805,-0.7065421938896179,6.221643924713135,-3.372559070587158,5.657924652099609,-0.364951342344284,3.1989357471466064,-0.2158541530370712,2455.008879715117,5469.5079601460575,0.0942592664764006,0.2317218631505966,0.4404092133045196,0.4235379993915558,0.3765748143196106,0.4176871478557586,0.3406799137592315,0.3923649191856384,0.3842996060848236,0.4198932945728302,0.3651817739009857,0.3005095720291137,0.291434645652771,0.2924593389034271,172.265625,20.011772767025104,14.510114422676724,18.91495194331429,20.85234461090141,19.375918530814232,17.9035337931529,17.40151930768961,jazz,平静,2
-168.13131713867188,108.28004455566406,-14.15398406982422,30.439228057861328,3.8875536918640137,4.680405616760254,3.1929495334625244,1.9267529249191284,-1.1429433822631836,0.2342340499162674,-5.252840518951416,-2.5567290782928467,-7.226263523101807,1725.6171874007612,3504.599586716937,0.0675157398008507,0.097770556807518,0.3928756415843963,0.2398277372121811,0.177088662981987,0.1677650809288025,0.2466247975826263,0.3594042062759399,0.2552958726882934,0.3614374101161957,0.3392854630947113,0.2521795332431793,0.3142271637916565,0.3225332200527191,151.99908088235293,19.678834699441666,20.40614854568929,23.026598899511036,22.33783722234145,20.894885782849997,19.231374801675027,16.584979377990614,jazz,平静,2
-50.61581802368164,85.0483169555664,3.5498576164245605,22.80669403076172,-1.5829428434371948,6.116533279418945,2.3547205924987797,3.650803804397583,-1.8693411350250244,4.322984218597412,1.0399417877197266,0.7945604920387268,-0.7855246067047119,2481.5395079724226,5553.985987672018,0.0987462968272171,0.1624288260936737,0.3414133787155151,0.3951537311077118,0.4709296822547912,0.3975238502025604,0.4220127463340759,0.4714680314064026,0.3591727018356323,0.3739815056324005,0.3229693472385406,0.3745346665382385,0.350820779800415,0.3139098584651947,123.046875,19.06804331419426,13.503121317491074,17.26054932346632,18.20806808152808,17.61076239373302,16.910787926620273,16.171165752221523,jazz,平静,2
-69.57057189941406,125.9927749633789,-5.150373935699463,30.77483940124512,8.313545227050781,5.08507251739502,-3.91344690322876,5.374506950378418,-10.777910232543944,9.031307220458984,-8.259540557861328,4.789565563201904,-5.124674320220947,1574.959956587146,3339.64492550029,0.0558423059261407,0.2119891941547393,0.4347445070743561,0.3431782126426697,0.4003198742866516,0.3366056978702545,0.3660542070865631,0.3670345246791839,0.3410023748874664,0.5682916045188904,0.411001443862915,0.4215610921382904,0.2891830205917358,0.2791092991828918,103.359375,19.250913824150288,14.61483104245368,18.556831618407976,18.008165072679542,19.377473711594387,20.041425507495912,20.115057956785243,jazz,平静,2
-235.76547241210935,144.7672882080078,-22.573074340820312,62.554107666015625,-9.306330680847168,2.031491994857788,-0.3348492085933685,1.9981358051300049,5.536538600921631,0.3064749240875244,9.452853202819824,2.9002881050109863,2.563638925552368,1337.777103820417,2754.5096908533933,0.0764913536832946,0.0822348520159721,0.2853744924068451,0.2361413091421127,0.1881278902292251,0.275514006614685,0.2471183687448501,0.327776551246643,0.2039096802473068,0.2217675745487213,0.3030861616134643,0.2159684151411056,0.2428673803806305,0.2242858856916427,99.38401442307692,15.671985926134871,14.551966830448157,21.597238109792947,20.274159650437856,21.831922474872595,21.341602451674863,17.888740208919426,jazz,平静,2
-118.44430541992188,122.2946319580078,-12.950322151184082,26.842342376708984,4.370559215545654,6.896610260009766,-6.817065238952637,-0.3957850039005279,-8.276582717895508,-5.027433395385742,-4.359355449676514,0.3311737477779388,-4.525175094604492,1579.597166735635,2967.932615689705,0.0883246111723543,0.1728615462779998,0.3516994416713714,0.2172017991542816,0.2521891593933105,0.2860172986984253,0.181520402431488,0.2945345044136047,0.2205889672040939,0.3543417453765869,0.1951996833086013,0.2692022621631622,0.3043305873870849,0.1662606000900268,129.19921875,18.677237478007445,19.063250236076986,24.601532603636144,25.176226237048706,24.499242729976167,21.79204814648193,18.96171194600314,jazz,平静,2
-177.2892303466797,144.3210906982422,-17.24831771850586,55.66754913330078,-21.235042572021484,0.3485291302204132,-1.5764662027359009,-10.412311553955078,-5.180942058563232,-0.5102531313896179,-8.733681678771973,3.8595125675201416,-7.960700988769531,1353.9940370892978,2830.3671852341936,0.0549322070765661,0.138017863035202,0.3483828008174896,0.2765928208827972,0.1527968347072601,0.1940679550170898,0.1663812696933746,0.1958089917898178,0.2237756550312042,0.2743972241878509,0.3313304185867309,0.2317454665899276,0.2037606090307235,0.2415468394756317,103.359375,14.253363775546095,19.181528328763765,23.565894012411647,21.595059103303555,19.74619960583987,21.736439102517814,17.66080056960397,jazz,平静,2
-204.4041748046875,138.5618896484375,-10.771317481994627,46.531646728515625,-22.296581268310547,9.67400074005127,-11.094680786132812,-17.79281997680664,-7.586766242980957,-1.6089341640472412,-7.659106254577637,-1.028054118156433,-9.978246688842772,1382.8810942210137,2833.0734075913574,0.0612043364510827,0.0994938388466835,0.2349208742380142,0.1878807842731475,0.2719168066978454,0.2841823697090149,0.2763363420963287,0.374894231557846,0.3089632093906402,0.3284609615802765,0.2035825252532959,0.2785903811454773,0.3530661463737488,0.319650650024414,129.19921875,15.872577157996483,18.30363895408057,22.27828051564828,22.072924194864395,21.10236389485744,20.865101032644205,19.59463424545069,jazz,平静,2
-159.17877197265625,92.01376342773438,-16.731046676635742,27.372528076171875,6.10861349105835,3.2374398708343506,7.151188850402832,4.0272979736328125,3.590497732162476,3.5372068881988525,-0.5802279710769653,-3.720458507537842,-4.718692302703857,2011.3793005237949,3914.071846450841,0.0875024168600154,0.111734814941883,0.2917769253253937,0.2153602093458175,0.2583776414394378,0.2484504282474517,0.27094167470932,0.2113979309797287,0.2226695567369461,0.3779600858688354,0.2522223889827728,0.320635050535202,0.1881142854690551,0.1930791288614273,151.99908088235293,19.09272388694581,18.875582247658265,22.010858268999968,25.013074290634147,22.107336959131008,20.495561145255813,16.677720423185995,jazz,平静,2
-237.8958282470703,155.8455810546875,-9.223944664001465,13.184576988220217,6.604550361633301,8.891063690185547,3.986958503723145,0.2617937624454498,1.750625729560852,3.356516599655152,1.183976173400879,3.619755506515503,1.1614974737167358,1117.2614806332522,1956.4655348209108,0.0500403313515081,0.0864734426140785,0.2508203685283661,0.2503623962402344,0.4333758652210235,0.3339449465274811,0.3277758657932281,0.2611609697341919,0.1830133944749832,0.2797248363494873,0.2274691462516784,0.2973567247390747,0.2684416472911834,0.2050607949495315,103.359375,20.96905855138599,18.33168862406009,23.14340959521581,23.49736424020183,23.449875815561924,19.391570219049736,15.151114531573006,jazz,平静,2
-228.37425231933597,170.4156036376953,-16.073596954345703,43.94548034667969,1.0996211767196655,3.997020959854126,1.0797171592712402,-7.204537391662598,-12.516270637512209,-4.418201923370361,-6.061727523803711,-1.3315175771713257,-3.15221643447876,971.5184947924256,1795.6992731293503,0.0425707233662026,0.1003023236989975,0.3797318041324615,0.2789213359355926,0.1981422156095504,0.2568199336528778,0.2649054229259491,0.2099859118461609,0.1792501807212829,0.3577327132225036,0.3369238674640655,0.2670166194438934,0.29632568359375,0.3013156056404114,123.046875,17.00508088199186,19.94873541865039,23.53397659594132,22.19872823309205,21.70903293435335,21.041671810028465,16.081228131756877,jazz,平静,2
-202.8218231201172,145.7447052001953,-23.56114196777344,47.84892654418945,-14.353487968444824,1.6448873281478882,-7.065910816192627,-11.128286361694336,-4.604305744171143,-3.609320640563965,-3.7902679443359375,2.0428383350372314,0.8476410508155823,1336.3546002724486,2751.88673687645,0.058720635150812,0.1104699298739433,0.2583526968955993,0.1923078000545501,0.1924395710229873,0.350724846124649,0.2234917432069778,0.2716911733150482,0.2490605413913726,0.2547616958618164,0.2189631313085556,0.1958416849374771,0.3508940041065216,0.2466191798448562,107.666015625,15.931359194173128,15.742277494569992,21.33872765234908,19.56453789811898,21.23504905072397,21.107187462750417,17.413376083620054,jazz,平静,2
-84.05484008789062,63.09341049194336,5.613018989562988,24.932239532470703,6.194792747497559,-2.91025447845459,-0.369389146566391,-1.0819332599639893,-4.248424530029297,-2.32333779335022,1.5739508867263794,1.9415085315704343,1.5482017993927002,2967.826756749952,6414.787841230424,0.1297000374613302,0.1331322193145752,0.5499796271324158,0.3161851465702057,0.3325721025466919,0.2552160620689392,0.3016919195652008,0.3206561505794525,0.3098958730697632,0.4067660272121429,0.3148873746395111,0.3375847041606903,0.2711124420166015,0.2704434096813202,112.34714673913044,20.73119696531731,15.68687124359788,20.82474382440629,20.45361395355697,20.36394192831233,19.554320351492716,17.368249251189365,jazz,平静,2
-149.2064208984375,79.08023834228516,2.012953996658325,27.60314178466797,0.3204934000968933,1.7403430938720703,-3.607898712158203,-0.1626443117856979,-5.034276485443115,1.2452917098999023,1.146786332130432,-0.6147797703742981,1.8223751783370967,2415.076791967096,5136.026999347448,0.0955369658739365,0.1126622334122657,0.2218716889619827,0.2362245172262191,0.4795640408992767,0.302408367395401,0.4053471088409424,0.2799459397792816,0.2653359174728393,0.3998219668865204,0.2376122921705246,0.2113031446933746,0.2257540822029113,0.2736778557300567,83.35433467741936,21.433127155113937,18.61993072974528,22.438311759851945,22.085509744256942,21.57307515604976,21.23814689762273,18.74195244453937,jazz,平静,2
-78.20655822753906,63.23094177246094,-1.6779568195343018,21.02095031738281,4.460012435913086,-3.5970637798309326,-1.560111165046692,-3.0758893489837646,-6.07666015625,-1.953725814819336,1.7829205989837646,-1.2087538242340088,0.9477779865264891,2902.237371028965,6196.799548651392,0.1264890123501546,0.1468888521194458,0.3851427733898163,0.2535852491855621,0.2846479117870331,0.3600445091724396,0.2831950187683105,0.4104624986648559,0.2530860304832458,0.3362855911254883,0.256281316280365,0.2581735551357269,0.2518455982208252,0.1908005475997924,103.359375,22.305592311037923,16.12314696247939,22.186691406549,21.231783204051386,20.898944796832843,20.08370311890005,17.417058617624082,jazz,平静,2
-154.33811950683594,110.6782455444336,-22.296112060546875,21.155048370361328,4.2708611488342285,4.751123905181885,-4.084910869598389,-1.01392662525177,-6.408746719360352,-9.24310302734375,-3.630606412887573,-5.505904674530029,0.538992702960968,1733.7356811346049,3379.9718020410382,0.0687003788428074,0.1190984845161438,0.4208099246025085,0.3074433803558349,0.4117815494537353,0.3118182420730591,0.3917044103145599,0.2490236759185791,0.1793999373912811,0.2924264967441559,0.253519594669342,0.2818805873394012,0.1973636001348495,0.3414348661899566,117.45383522727272,26.30885292135909,20.55584734105821,23.71016553921641,23.40093677707136,21.789699364353947,19.28901110958341,17.45199704516427,jazz,平静,2
-77.04768371582031,64.53717803955078,-2.8516345024108887,28.523897171020508,4.689330101013184,-2.8045923709869385,-5.941857814788818,1.9067208766937256,-5.199493885040283,-2.3196470737457275,-2.9380128383636475,-6.152337551116943,-0.7627094984054565,2777.8434123208845,5813.698384933295,0.1308816554282676,0.1457161009311676,0.2684309780597687,0.256277471780777,0.3228982090950012,0.277794748544693,0.3717002868652344,0.4016522169113159,0.25087571144104,0.2488182187080383,0.2848627865314483,0.4800546765327453,0.3234624862670898,0.2022607773542404,135.99917763157896,22.26692915607779,14.503275142746231,21.23346082772704,20.759761337308365,22.09502644240528,21.20938720045751,18.93497084740578,jazz,平静,2
-141.47613525390625,70.876220703125,-0.5249312520027161,33.5633659362793,1.4298356771469116,-9.165379524230955,0.7725241780281067,0.5435524582862854,-9.180862426757812,-2.5613811016082764,4.068378448486328,-2.2332980632781982,-0.6956007480621338,2503.5410170407163,5155.861527515951,0.0958692841260634,0.1191698908805847,0.2722292244434356,0.2365665584802627,0.3434000313282013,0.2709364891052246,0.3795444965362549,0.3355482816696167,0.237663134932518,0.2265316247940063,0.224588930606842,0.3015534281730652,0.1869894117116928,0.1775869727134704,161.4990234375,22.99973922385164,18.363464886459216,23.27057959854237,21.930571519446143,22.60967539911196,21.80124480430665,17.603571372615633,jazz,平静,2
-163.56101989746094,65.98094940185547,5.354575157165527,41.90309143066406,7.027951717376709,5.49821138381958,8.927303314208984,2.6824660301208496,-0.1786162406206131,5.162720203399658,10.48486328125,3.334359645843506,3.836847543716431,2634.043115077565,5561.861495794664,0.1078452031370843,0.069823183119297,0.2942782640457153,0.3729938268661499,0.213423803448677,0.3360508978366852,0.3323971629142761,0.2397588789463043,0.3951563835144043,0.3442939817905426,0.339454174041748,0.4754496216773987,0.3466266095638275,0.3708966970443725,107.666015625,23.06617145285719,17.000100425296594,22.09848500553943,22.164627147891583,21.080554084686867,19.92543493432092,17.863788856647783,jazz,平静,2
-117.26822662353516,56.98589706420898,-2.1001880168914795,35.61149978637695,4.705522537231445,3.893765449523926,11.592540740966797,6.079530715942383,0.5825819969177246,2.2728044986724854,2.6990621089935303,-1.853266954421997,1.6794041395187378,3029.524006692204,6202.203666527697,0.1403485716357308,0.0757133588194847,0.3747040331363678,0.3380167186260223,0.3711491823196411,0.3177633285522461,0.3910073041915893,0.3754636943340301,0.3232791721820831,0.4581893682479858,0.4475360512733459,0.469880074262619,0.3256818950176239,0.2555381953716278,135.99917763157896,26.442066824275464,15.782316128660028,19.441022703273987,20.80531596930634,19.21807589759186,19.019120588323503,16.756489463756658,jazz,平静,2
-228.3726806640625,67.55174255371094,37.07073974609375,21.323814392089844,17.059919357299805,10.132070541381836,10.780064582824709,8.017088890075684,2.043980121612549,0.2831209897994995,2.4854750633239746,3.843088388442993,1.5900073051452637,3026.51852903224,7277.273396715487,0.1001274893658159,0.0432261675596237,0.4793506264686584,0.4760186076164245,0.6895288825035095,0.5267543792724609,0.4512366354465484,0.3762058317661285,0.3507320880889892,0.4183166325092315,0.3552764654159546,0.3722833395004272,0.3443189263343811,0.4595098197460174,117.45383522727272,18.741224232926783,14.854801291073056,18.690076747472254,18.934578104091266,19.299225519097067,17.27207686138095,17.643357502286143,jazz,平静,2
-158.3534393310547,49.628299713134766,21.61063766479492,16.520689010620117,11.424400329589844,6.255048751831055,5.639000415802002,-0.1856411099433899,-0.2379512935876846,-1.9907087087631223,2.027147054672241,2.6864683628082275,-1.4627907276153564,3905.066342158668,8036.631063297564,0.2066977988447409,0.0478180833160877,0.4687572717666626,0.3638772070407867,0.4669073224067688,0.3775673508644104,0.4413131773471832,0.4185142815113067,0.4412868320941925,0.4554734528064728,0.3178636431694031,0.3332640528678894,0.3462087213993072,0.387429416179657,99.38401442307692,17.851025231525714,14.434332844173158,18.09705208739397,17.884352815125915,17.795641979504314,16.79171013839425,16.35838325351495,jazz,平静,2
-125.9823226928711,56.631195068359375,23.46953392028809,23.709396362304688,-0.2991615831851959,7.154332160949707,0.1817878037691116,-0.8391556143760681,-4.152692317962647,-1.8885246515274048,2.527488470077514,0.523857593536377,0.9215272068977356,3393.080458875416,7233.19944306482,0.1496451747389791,0.0743031427264213,0.3441434502601623,0.4529336392879486,0.5041472911834717,0.4959218800067901,0.5821706056594849,0.4347192943096161,0.401722639799118,0.3942488729953766,0.3508831262588501,0.348201721906662,0.3650171756744385,0.4762253165245056,107.666015625,23.19286339825232,14.054927025191072,18.773809560128147,19.012350590976904,18.609374677850287,17.069491470791835,16.35985449803942,jazz,平静,2
-178.03915405273438,61.93401336669922,1.4865071773529053,36.0452766418457,7.582726955413818,5.154582500457764,-0.90878826379776,2.9489564895629883,1.448330998420715,2.1402084827423096,5.176123142242432,2.027972936630249,0.518192708492279,2875.155262931994,6139.435961517546,0.1183124728103248,0.0516633316874504,0.4698460698127746,0.4165073037147522,0.4476233422756195,0.3866665065288543,0.3678295612335205,0.3308272659778595,0.3682580590248108,0.4229036867618561,0.313269555568695,0.4299453794956207,0.3819239139556885,0.3803381025791168,123.046875,21.29679895302755,14.875679541381183,20.972025358022588,19.58593127065068,19.15558078797685,18.04247052446288,16.42134436039959,jazz,平静,2
-131.905029296875,61.607948303222656,-12.676340103149414,35.073760986328125,-2.1412582397460938,-0.9574647545814514,-4.841936111450195,-4.111721515655518,-3.279561281204224,2.500875473022461,6.401213645935059,3.414421319961548,-2.899613618850708,2860.683150903988,5605.1610535092805,0.1475591224381283,0.0713794827461242,0.3151140213012695,0.2511517703533172,0.2427540421485901,0.419271320104599,0.3309100568294525,0.543611466884613,0.4893867671489715,0.3041975200176239,0.2735150456428528,0.2123859226703643,0.3022602498531341,0.2205785512924194,161.4990234375,20.25751706863529,15.856663531337498,20.896201234528643,21.649798130637738,19.993635661354595,19.33914328223892,17.110765567342444,jazz,平静,2
-156.65345764160156,22.76495361328125,10.47278118133545,24.154430389404297,10.140676498413086,2.9690420627593994,2.4916868209838867,0.4864096939563751,2.690116167068481,1.2295191287994385,3.320345401763916,-7.813257694244385,1.1047310829162598,4135.738578404693,8257.483788156178,0.2616371809744779,0.0523834154009819,0.3183091878890991,0.2241952568292617,0.3583443760871887,0.3316259682178497,0.4434194266796112,0.2556073069572449,0.2857120037078857,0.5829824209213257,0.2658974230289459,0.3499582409858703,0.2868572473526001,0.3467479646205902,135.99917763157896,18.07113301964627,15.705701664372349,22.47492468023971,22.26670374387419,20.762617088306158,21.369969471664067,19.29567240400362,jazz,平静,2
-340.921142578125,89.82105255126953,44.52626037597656,28.84988212585449,16.31269645690918,10.603151321411133,6.996852874755859,0.8387714624404907,6.085583209991455,7.125728607177734,5.425999641418457,2.725834608078003,9.35951805114746,1846.8634833838028,4332.179037213602,0.042834689796017,0.0457875244319438,0.2996927201747894,0.3995396196842193,0.6988497972488403,0.4987021684646606,0.3416039049625397,0.2420693933963775,0.160202607512474,0.2181254178285598,0.258226066827774,0.3386457860469818,0.2893584668636322,0.3631783723831177,135.99917763157896,17.956835642488052,15.445534887211444,18.69363028354443,17.495135729243483,17.224771532591866,16.019884837884977,14.521778662616434,jazz,平静,2
-192.53927612304688,80.96839904785156,25.694562911987305,18.53758430480957,14.170472145080566,1.2607204914093018,4.087108612060547,-1.416406512260437,2.669368267059326,5.248077869415283,3.723306894302368,0.2904212176799774,7.335001945495605,2428.058768410789,5925.969141984484,0.069027032579273,0.0915203541517257,0.2532277107238769,0.2232405692338943,0.3073045909404754,0.2740152478218078,0.2278441488742828,0.3888939619064331,0.268651396036148,0.3648488521575928,0.3367277383804321,0.307019293308258,0.3477779030799866,0.19207164645195,129.19921875,20.26182439710657,17.977030870118032,22.746401968331952,23.64601455989281,21.358022332812837,18.155077049545184,16.371668717735478,jazz,平静,2
-322.434814453125,90.67423248291016,27.02073097229004,37.84382247924805,19.69607734680176,4.611148357391357,3.0710325241088867,7.974173545837402,1.9310688972473145,2.0824644565582275,0.4400312900543213,4.890437602996826,13.061074256896973,1787.7638893804722,3905.228744471433,0.062751882129737,0.0450329780578613,0.3960948884487152,0.3044074475765228,0.4276962876319885,0.279801607131958,0.2537347674369812,0.1584205031394958,0.1421958208084106,0.1882052719593048,0.2427421510219574,0.2683413028717041,0.2715256214141845,0.4329887926578522,117.45383522727272,21.463451377628186,19.184384818255765,25.343948273324987,21.856112083512997,22.207974960565338,19.254561099741625,16.197301032169154,jazz,平静,2
-217.63108825683597,105.63394165039062,19.312328338623047,28.348390579223636,8.654818534851074,0.1419595777988433,6.365216255187988,-2.5406360626220703,-12.99041748046875,-11.146649360656738,-6.156669616699219,-7.739080429077148,0.4207110404968261,1875.1521594572127,4292.518307714618,0.0541418183246326,0.0613544806838035,0.2723411917686462,0.2366866469383239,0.486409455537796,0.2643081545829773,0.3180345594882965,0.4052068293094635,0.1721416860818863,0.1338940411806106,0.1253672242164611,0.2918578386306762,0.2220925837755203,0.3125118315219879,135.99917763157896,17.681232096755817,18.30401807342521,23.78853492316259,20.741919651445187,18.272713191201348,17.70376598429528,14.983716752665426,jazz,平静,2
-299.3579406738281,60.76390838623047,32.084476470947266,25.69098663330078,7.444088935852051,-1.294514775276184,1.8584758043289185,5.254533767700195,-5.537014484405518,-3.092252254486084,3.6521975994110103,-2.301504373550415,0.8900210857391357,2959.1578862773017,6065.55192774797,0.1514797225444702,0.0409169569611549,0.2726925611495971,0.2884031534194946,0.2255112081766128,0.2717738449573517,0.242289513349533,0.2376447468996048,0.1568596959114074,0.1766195297241211,0.223844289779663,0.267116904258728,0.2205806523561477,0.1884918212890625,117.45383522727272,17.133417719601965,17.53670401644023,25.87289427000167,24.229742976959063,23.666603023768044,22.093939117241,19.15998555815385,jazz,平静,2
-294.05438232421875,84.63629150390625,39.07404708862305,28.610286712646484,14.117953300476074,1.0143455266952517,7.343283176422119,5.207617282867432,-3.7476375102996826,-5.045501232147217,2.2260773181915283,-0.5776969790458679,4.209762096405029,2215.267218635689,5026.545733033643,0.0754766501111755,0.053534984588623,0.3040022850036621,0.2790672779083252,0.3535752296447754,0.3250983655452728,0.3006321489810943,0.1662601381540298,0.2067124545574188,0.3628972768783569,0.300488531589508,0.1605529189109802,0.1767824292182922,0.3092386424541473,117.45383522727272,19.60748253287167,19.12698068210177,24.81821853119128,22.881936374711863,19.71061486679484,18.09799226289173,16.118403588358,jazz,平静,2
-215.37060546875,100.93507385253906,17.10333824157715,12.981270790100098,16.05994987487793,4.768145561218262,4.571938514709473,-3.135014057159424,-4.152949810028076,-2.2979836463928223,-4.922636985778809,-3.3403124809265137,-1.419828176498413,2152.8430463253017,5015.7957851471865,0.0817204569073859,0.0452838540077209,0.3150695264339447,0.1921677440404892,0.1936756372451782,0.3130038976669311,0.2235269397497177,0.2889710962772369,0.2434373348951339,0.4146080911159515,0.3863116502761841,0.1978324651718139,0.2334958165884018,0.232387438416481,112.34714673913044,23.93892614019328,17.25431180906383,23.924962066518244,23.278738305782728,22.83226471552421,19.898345306347416,16.697379605691058,jazz,平静,2
-366.4080200195313,131.70680236816406,16.4924373626709,36.31173706054688,5.05856990814209,14.669264793395996,-6.169325828552246,4.7203755378723145,-9.589378356933594,-1.298894286155701,-2.6979920864105225,1.5731223821640017,-2.2846932411193848,1077.2680007298757,2111.702776065835,0.0415008851749806,0.0397679209709167,0.2872285544872284,0.1999034881591797,0.3059605062007904,0.2387179881334304,0.4374177753925323,0.243383914232254,0.1709588021039962,0.2445491552352905,0.1717985570430755,0.1809374839067459,0.1578284353017807,0.2095061987638473,123.046875,23.72425790496624,21.501666072115857,27.14129336706937,24.0927875274944,22.489804164375347,18.501947140554517,29.638715188133737,jazz,平静,2
-219.79693603515625,100.83246612548828,-1.43135404586792,41.2765007019043,-0.9436150193214417,23.37852096557617,-11.509499549865724,20.01531410217285,-15.975561141967772,13.942784309387209,-7.988525867462158,5.734378814697266,-6.879344940185547,1854.6319159219008,4282.218009081352,0.0633625169180201,0.0681512132287025,0.3697675764560699,0.2816786170005798,0.4093677997589111,0.3425856232643127,0.3490108251571655,0.2834311723709106,0.2539040446281433,0.3847851753234863,0.2953940331935882,0.2732140123844147,0.2413599789142608,0.2518773674964905,117.45383522727272,25.44672774449953,18.18162627098414,21.651850562410843,22.38716629973416,22.36321290911093,18.9946342120074,38.2907763539777,jazz,平静,2
-277.2662048339844,95.78777313232422,-2.948967456817627,43.9184684753418,1.9368113279342647,22.25589179992676,-6.14264726638794,22.45783042907715,-12.839391708374023,10.778210639953612,-7.53352165222168,3.5946450233459477,-5.078870296478272,1873.837624733708,4008.739667923434,0.0777167772380123,0.0443838536739349,0.2758660912513733,0.196408212184906,0.2696096301078796,0.2975991368293762,0.2645409405231476,0.3885869979858398,0.2546841502189636,0.2430820167064666,0.2504467070102691,0.2605217397212982,0.5685629844665527,0.3160049319267273,135.99917763157896,23.08797139041626,17.889312181365664,22.94921277972873,23.56436120456872,23.75016310332017,20.49158035966096,36.62503928071471,jazz,平静,2
-413.5764770507813,118.27752685546876,31.093847274780277,40.15021514892578,13.094316482543944,13.939774513244627,-3.718762397766113,4.747172832489014,-9.887994766235352,-3.066446542739868,-6.28899621963501,-3.619384288787842,-5.270100116729736,1176.326568022795,2344.729338112674,0.0399076457366589,0.0211766678839921,0.1754291504621505,0.2319271266460418,0.1919573098421096,0.2295726984739303,0.1947127878665924,0.1986919045448303,0.1800802797079086,0.24040587246418,0.3093101680278778,0.3475740551948547,0.2377422899007797,0.1516159325838089,112.34714673913044,20.75508766447898,20.89990539954084,28.400839354048355,23.356783798430204,18.92396370088222,16.799196030545023,28.250942374410904,jazz,平静,2
-222.9956512451172,102.87129974365234,-1.6640549898147583,45.21429061889648,-6.754358768463135,25.36249542236328,-14.371585845947266,24.24986457824707,-10.413200378417969,11.150229454040527,-9.152708053588867,6.629903316497803,-7.827207565307617,1885.619015148808,4357.001341357309,0.0581311478876643,0.0601337775588035,0.3765795528888702,0.3806866407394409,0.4234983921051025,0.3360441625118255,0.2995294332504272,0.3134742081165313,0.313722550868988,0.2911580502986908,0.2769804298877716,0.3207296431064605,0.2911024689674377,0.3104293346405029,161.4990234375,25.635509869645816,17.580665984612367,20.075602477791303,20.8478668029651,20.10044909080396,17.6755658885795,37.869732176002735,jazz,平静,2
-315.0382385253906,112.7200927734375,9.75959300994873,38.984004974365234,3.941792249679565,20.02220726013184,-7.214859485626221,15.278688430786133,-13.67844295501709,10.154261589050291,-4.878445625305176,4.7041120529174805,-2.7004828453063965,1492.5309939204085,3377.149003951566,0.0461790198424207,0.0392551012337207,0.3397635519504547,0.1981950253248214,0.2240874171257019,0.3653156161308288,0.3003032505512237,0.2985173463821411,0.3030693233013153,0.4620610177516937,0.3376869261264801,0.2383913248777389,0.2540797591209411,0.2298409044742584,135.99917763157896,22.920482955177693,17.366266890072353,22.512967388277996,21.803629621666317,21.77844026289196,19.57593155951339,34.17801086557537,jazz,平静,2
-52.94030380249024,50.09012985229492,-11.4912691116333,46.32493209838867,6.543001174926758,10.116377830505373,5.485528469085693,8.84489917755127,5.929942607879639,6.6251540184021,-4.033034324645996,9.778292655944824,-3.117231607437134,3274.50233695886,6408.00146824246,0.1830193681119489,0.1160534769296646,0.531740665435791,0.5320149660110474,0.6489441394805908,0.4808885753154754,0.4520881175994873,0.4519131779670715,0.4155397117137909,0.5485609769821167,0.4263313114643097,0.4366056621074676,0.4704267084598541,0.4573949575424194,95.703125,15.35640939462064,14.39293117034341,17.755531991738163,17.321057662861893,15.997722369609937,17.223609875809483,31.748383305356928,metal,激昂,1
-80.1985092163086,64.84029388427734,-15.457801818847656,46.84581756591797,7.914340496063232,21.768800735473636,-2.1780025959014893,21.98413848876953,-7.71354341506958,11.146056175231934,-4.287238597869873,11.44566249847412,-10.3648681640625,2922.9188114176472,6037.132429578742,0.1528407168406806,0.0972343608736991,0.4293006956577301,0.5540930032730103,0.5102247595787048,0.5750861763954163,0.4543392360210418,0.4514894187450409,0.4640623331069946,0.404827743768692,0.453367531299591,0.450913667678833,0.5069907903671265,0.4679351449012756,151.99908088235293,19.403412969621684,14.160665705447755,16.154381284171148,16.491336397305048,16.42877880582829,16.42094031022243,41.4818001402633,metal,激昂,1
-62.23499298095703,115.17359161376952,-42.7843017578125,54.301395416259766,-24.871057510375977,20.12716484069824,-21.635332107543945,20.841629028320312,-8.395901679992676,20.32246971130371,-10.730716705322266,9.666507720947266,-14.542503356933594,2198.9192293914725,4447.472436466793,0.1283409313370069,0.1327282339334488,0.3711289763450622,0.4286954998970032,0.385833740234375,0.3423111140727997,0.4594492316246032,0.4195077121257782,0.5618706941604614,0.5057576298713684,0.46480193734169,0.4797922074794769,0.3829672932624817,0.3910365700721741,112.34714673913044,21.241999564860016,13.811020681552414,16.042782890696817,17.40091445642022,16.518180344934933,17.12733979923774,41.10462359170517,metal,激昂,1
-43.09596252441406,75.37248992919922,-47.82330322265625,53.02225875854492,-12.325953483581545,36.862831115722656,-8.285683631896973,28.386371612548828,-14.524614334106444,22.09165573120117,-7.344943523406982,15.974337577819824,-13.127126693725586,2752.2932207719223,5234.80827880293,0.1666734640854601,0.1501194536685943,0.3994632065296173,0.3967400193214416,0.4207513034343719,0.4680453240871429,0.6151440739631653,0.5249314904212952,0.4312614798545837,0.5243726372718811,0.5977610349655151,0.6141311526298523,0.446249783039093,0.4130430817604065,99.38401442307692,17.90159013702515,14.624015637575958,16.620956713303684,16.555356740823903,15.511799801609932,16.9343675650999,43.76737428215368,metal,激昂,1
-107.1585693359375,47.660118103027344,-8.623368263244629,38.40495681762695,8.464611053466797,9.544071197509766,1.011234998703003,20.752397537231445,0.7103534936904907,11.781386375427246,1.1649986505508425,11.065438270568848,-2.5376551151275635,3403.076270500999,6902.990354462732,0.1923507135779195,0.0634369552135467,0.5873934626579285,0.6252648234367371,0.6551108360290527,0.5918682217597961,0.5854509472846985,0.6593960523605347,0.603722870349884,0.6508604884147644,0.6981495022773743,0.7171770334243774,0.6510281562805176,0.5914767980575562,135.99917763157896,19.54208685515296,13.051032974430305,14.005137940834944,14.49201040092168,15.873422867166672,15.9741734677764,36.535757092922005,metal,激昂,1
-79.60579681396484,93.46551513671876,-27.727807998657227,64.06657409667969,-18.79942321777344,23.316314697265625,-10.544774055480955,13.3568115234375,-17.534975051879883,16.38961410522461,-10.039801597595217,8.944684982299805,-16.075159072875977,2464.583511022164,4952.087147440545,0.1343192611658932,0.1217356100678443,0.3593393266201019,0.3713649809360504,0.486592561006546,0.4080365300178528,0.4064397513866424,0.36814945936203,0.4144413471221924,0.5410574674606323,0.4569782018661499,0.4665142297744751,0.387696623802185,0.4046803712844848,151.99908088235293,19.21653799820174,15.486666620414772,16.357089411336577,16.26793016637577,15.91102911357005,17.40095648207652,40.89787359167036,metal,激昂,1
-140.77430725097656,55.938419342041016,-12.305975914001465,44.334285736083984,-10.598108291625977,10.867341995239258,-0.9454208612442015,22.247180938720703,-9.377723693847656,15.238384246826172,-3.057163953781128,9.061382293701172,-8.799073219299316,3237.0244682555635,6228.183401156468,0.1980427965487239,0.050436045974493,0.3460339307785034,0.3539111614227295,0.3396551609039306,0.4634303450584411,0.4310475587844848,0.590579092502594,0.485016256570816,0.4341258704662323,0.539092481136322,0.4192793667316437,0.4624558389186859,0.342676043510437,123.046875,20.257098676402205,14.519068678994753,17.935466752789576,19.160763735930068,19.00764813301489,18.27602580155924,40.08849129580221,metal,激昂,1
-108.10115814208984,65.76789855957031,-20.83934593200684,47.55382537841797,0.8670945167541504,8.987105369567871,-3.201554536819458,20.969144821166992,-10.341167449951172,7.869069576263428,-8.12182331085205,12.040539741516112,-9.151337623596191,2939.593464244178,5806.928665621374,0.1683108867459396,0.0694551393389701,0.5236151218414307,0.5977526903152466,0.6534449458122253,0.5890310406684875,0.6256994009017944,0.5895875096321106,0.5275747776031494,0.6000053882598877,0.6913754343986511,0.6091155409812927,0.4862359762191772,0.4842694401741028,151.99908088235293,20.44968562913061,13.472444845596902,14.624060051869591,15.147003835639232,16.280410638561943,18.397797413258385,39.89893503227909,metal,激昂,1
-149.9958953857422,67.8711166381836,-6.662219524383545,32.076026916503906,6.094865322113037,12.234471321105955,9.144556999206545,10.18378448486328,3.771159648895264,10.598272323608398,0.7679857015609741,7.718593597412109,-1.1560500860214231,2966.0022578655708,6189.363682297709,0.1405615574245939,0.0583658255636692,0.5081093907356262,0.4292689859867096,0.477386862039566,0.505554735660553,0.6534092426300049,0.5277858972549438,0.455988734960556,0.3999543488025665,0.3065211176872253,0.3393563330173492,0.4098436534404754,0.5866385698318481,117.45383522727272,21.749356383962397,14.607238153675684,18.110866914185294,17.63024482418469,17.730591200623152,18.688109471388103,29.542875979411992,metal,激昂,1
3.6384408473968506,104.7562026977539,-0.8330118060112,55.92049789428711,-29.229419708251957,31.24738311767578,-14.18906021118164,20.21432876586914,-8.272819519042969,15.177010536193848,-14.592083930969238,15.659340858459473,-12.991372108459473,2250.828320968761,5112.253876794519,0.0946472592807424,0.3126572966575622,0.5583585500717163,0.5471135973930359,0.6457229852676392,0.5097205638885498,0.398221343755722,0.4658993780612945,0.5296029448509216,0.4946586787700653,0.4822284281253814,0.5395200848579407,0.5471440553665161,0.6058276295661926,112.34714673913044,20.15345289935709,12.065933856034334,15.331814412402425,16.5047315969152,15.32292163956544,15.47329301609644,43.91541089875104,metal,激昂,1
-58.74718475341797,70.53280639648438,-19.41459274291992,73.59739685058594,-27.754701614379883,23.767187118530277,-17.899993896484375,21.221153259277344,-16.954805374145508,16.12974739074707,-15.22739601135254,14.87098503112793,-18.699234008789062,3048.9220500098186,5663.032577762471,0.1964922297950502,0.1180742681026458,0.5420016050338745,0.5038297176361084,0.5052334666252136,0.4858092665672302,0.4923737645149231,0.501227617263794,0.6155632734298706,0.637840986251831,0.5697830319404602,0.5520943999290466,0.5414182543754578,0.55598384141922,129.19921875,21.768897191685515,13.619858268252372,14.619065247250276,14.651739932369075,15.102949654820538,16.329003703134617,43.4318690280772,metal,激昂,1
8.767136573791504,82.82857513427734,-30.575233459472656,66.71375274658203,-16.364315032958984,16.56509017944336,-10.755586624145508,29.541244506835938,-25.0935173034668,16.819787979125977,-11.389716148376465,12.785202980041504,-13.344586372375488,2699.8589074887423,5157.318724169809,0.1714403428315932,0.2305902242660522,0.4085866212844848,0.4278409481048584,0.4376279711723327,0.5762585401535034,0.5699747204780579,0.518970251083374,0.538536012172699,0.6778837442398071,0.6522213220596313,0.4587552547454834,0.4475202858448028,0.4179033637046814,112.34714673913044,20.547747135395756,12.424763953789151,15.067314866295016,15.768067328841171,15.921802431841904,18.13433194055549,45.35794136331541,metal,激昂,1
-64.16983032226562,74.51786041259766,-45.95962142944336,65.8748550415039,-14.65612506866455,23.850360870361328,-13.768389701843262,37.75473403930664,-10.581907272338867,21.380353927612305,-9.340068817138672,17.906585693359375,-10.783355712890623,2803.074835916438,5262.386766331932,0.1768272972254447,0.1142550781369209,0.6543589234352112,0.6470445990562439,0.6054472923278809,0.5356045961380005,0.6541062593460083,0.6233941912651062,0.5909422039985657,0.6124284267425537,0.6146572828292847,0.5649147033691406,0.5319158434867859,0.625374436378479,123.046875,21.407540299389183,13.55297087383882,14.597868467326007,14.968734071784,16.33616790806106,16.9889755758079,42.57334699684307,metal,激昂,1
-84.9103012084961,64.64409637451172,-36.3244743347168,65.3685302734375,-13.865839004516602,22.854402542114254,-15.553912162780762,36.28620910644531,-13.659295082092283,21.25470733642578,-9.240200996398926,19.16221809387207,-10.595865249633787,3047.617764168932,5735.609297962587,0.2035226489994199,0.0862796008586883,0.5960687398910522,0.6390540599822998,0.6844150424003601,0.5854604244232178,0.6677007079124451,0.7021045088768005,0.6307989358901978,0.6769261956214905,0.6998230218887329,0.6381477117538452,0.5719805359840393,0.5426397919654846,135.99917763157896,20.38725669062623,13.079341429052114,13.961115846022905,14.168295786440575,16.088979204087615,16.234826656364948,42.65058604151699,metal,激昂,1
-117.90599822998048,65.43347930908203,-51.41981887817383,74.08294677734375,-13.75441837310791,25.73151016235352,-13.124017715454102,32.21792984008789,-10.338712692260742,21.697439193725582,-7.793971538543701,12.340984344482422,-14.446544647216797,2877.5418766654234,5198.586533407048,0.1852523201856148,0.0775434672832489,0.5450292825698853,0.5787039399147034,0.5793807506561279,0.5632209181785583,0.6008368730545044,0.5777426362037659,0.6434813737869263,0.6043499112129211,0.5037363171577454,0.3979993164539337,0.4557934999465942,0.5815911293029785,151.99908088235293,21.989275292458792,15.5641377293039,15.665428640940892,16.8559315670492,16.70310675317137,17.86804847110583,40.86959053945127,metal,激昂,1
-76.82907104492188,68.00132751464844,-11.25452709197998,76.37179565429688,-17.477230072021484,25.34032249450684,-17.897216796875,20.36890983581543,-21.417898178100582,14.21831512451172,-15.766987800598145,12.519556999206545,-18.50328826904297,2986.84392748166,5817.953399162558,0.1692092789298143,0.1108965948224067,0.4556033313274383,0.366033673286438,0.4054217934608459,0.4740573763847351,0.5209504961967468,0.4653506278991699,0.5756768584251404,0.5987389087677002,0.511572539806366,0.4698044955730438,0.459258496761322,0.5184348821640015,129.19921875,21.11159034177336,13.719102026629722,15.742610534620344,14.38864396087522,15.47043003594129,15.868162893174864,43.06947595045532,metal,激昂,1
26.653409957885746,79.78971099853516,-52.05586624145508,51.31989669799805,-16.369468688964844,22.01802062988281,-17.463214874267578,30.91730690002441,-15.998285293579102,16.13170623779297,-12.19219970703125,11.308361053466797,-12.454751014709473,2743.501897552695,5129.681948774652,0.1795621253866976,0.2696269452571869,0.486702412366867,0.5485913753509521,0.5200738906860352,0.5120002031326294,0.5186505317687988,0.4052404761314392,0.3524806499481201,0.4580231010913849,0.5383079051971436,0.6641556620597839,0.5784369111061096,0.4399915337562561,123.046875,22.72927155366605,13.372652441079978,14.047834280379098,15.534268237793077,15.504896809394012,16.692057640890084,43.21824814153904,metal,激昂,1
-75.53898620605469,81.8748779296875,-22.043092727661133,69.87399291992188,-11.727046012878418,25.740550994873047,-18.52159118652344,27.030561447143555,-14.075854301452637,22.139402389526367,-12.09486484527588,14.948556900024414,-13.51683235168457,2656.9415562858667,5327.1529124673725,0.1587151972157772,0.1137372925877571,0.4751550555229187,0.4469708800315857,0.5163278579711914,0.5819812417030334,0.6264346241950989,0.6025799512863159,0.6150858402252197,0.6003120541572571,0.5850091576576233,0.6096059679985046,0.6662610173225403,0.6482183337211609,107.666015625,13.546835034002925,13.349293103810693,13.654645824507917,14.10065582282403,14.59384751516416,16.202243873289323,42.879530199428594,metal,激昂,1
-76.37249755859375,123.2447280883789,-89.8650894165039,76.4212417602539,-21.25594520568848,22.292539596557617,-13.65278148651123,14.644065856933594,-6.30882453918457,9.905393600463867,-3.923129796981812,5.387961864471436,-2.4860637187957764,2291.710323082219,3886.018729154582,0.1802607489849187,0.1183601692318916,0.5556244850158691,0.7156305313110352,0.6398366689682007,0.5711612105369568,0.5142183303833008,0.4580871164798736,0.4440322816371918,0.5920512080192566,0.6703878045082092,0.5786986351013184,0.4673635959625244,0.459655612707138,99.38401442307692,21.90088767340556,12.757946301391897,13.824805837901849,13.940118897927215,14.99301302050528,20.87551133906152,37.86359679307935,metal,激昂,1
-89.35648345947266,82.35881042480469,-23.250646591186523,68.10648345947266,-13.075439453125,22.445688247680664,-18.513551712036133,26.229427337646484,-14.345780372619627,21.501033782958984,-13.87423610687256,12.476177215576172,-14.113441467285156,2699.3192596794,5384.857899960121,0.1614273673143851,0.1008511781692504,0.4592054784297943,0.4579804241657257,0.4937737882137298,0.5473556518554688,0.5886266827583313,0.568495512008667,0.6083304286003113,0.5921131372451782,0.5472860336303711,0.5505088567733765,0.6476121544837952,0.6019400954246521,112.34714673913044,15.176090525569307,13.403026608161277,13.746177473326943,14.3190408953551,14.963612990240032,16.798151714981543,42.38699324752661,metal,激昂,1
-75.01481628417969,81.18275451660156,-20.20418930053711,68.3038330078125,-11.353893280029297,23.656469345092773,-19.828418731689453,24.192089080810547,-13.16445541381836,22.28184127807617,-11.552499771118164,13.555419921875,-15.050374984741213,2657.9674957731663,5358.286959831787,0.1523490368812838,0.1172667294740676,0.4011852741241455,0.4065289199352264,0.4494568407535553,0.4547016620635986,0.4789335131645202,0.4873583018779754,0.602619469165802,0.5714330077171326,0.5524833798408508,0.5312257409095764,0.5052794814109802,0.5108862519264221,99.38401442307692,14.83925725825853,13.881428363330937,14.461052576040831,14.408374582525283,15.077077477315544,16.489131732239468,43.04973591295983,metal,激昂,1
-76.30138397216797,61.76604080200195,-37.11394119262695,62.442501068115234,-14.82613754272461,34.56098937988281,-11.486592292785645,30.95588111877441,-12.274118423461914,22.304582595825195,-7.507652282714844,17.84062385559082,-11.123554229736328,3046.6375964393765,5734.984785110933,0.1915459747196442,0.1084158420562744,0.5728366374969482,0.4914616048336029,0.508493185043335,0.5166611075401306,0.5884086489677429,0.4832327365875244,0.5038365721702576,0.5717191100120544,0.5299807190895081,0.4687192142009735,0.4964866638183594,0.5752834677696228,107.666015625,17.606990306735007,14.963946445504169,16.710068169130693,16.332988384652932,16.233286372919284,16.578120589913354,43.911898233858935,metal,激昂,1
-45.85560607910156,107.99908447265624,-11.73764419555664,66.3268814086914,-30.20682907104492,9.242657661437988,-25.77802276611328,21.8715763092041,-17.935884475708008,10.272774696350098,-14.11247444152832,18.74616050720215,-14.231650352478027,2218.825904089443,4780.271171693736,0.1069520978344934,0.1987476497888565,0.2588634192943573,0.3917811214923858,0.3178071081638336,0.3959768116474151,0.6101874113082886,0.3188948631286621,0.2497313618659973,0.2560212910175323,0.4399640262126922,0.6745204925537109,0.3070559799671173,0.2191659659147262,135.99917763157896,22.58124196356578,14.685667729648872,17.0842928301724,17.392398643506226,16.652845863577962,18.02766089420945,45.24127996752623,metal,激昂,1
-43.797508239746094,82.77470397949219,-29.609189987182617,70.39717864990234,-21.58884620666504,31.14413833618164,2.090371370315552,28.873167037963867,-2.6873273849487305,19.88248062133789,-6.934077262878418,19.12005615234375,-7.368735790252685,2575.345360407316,5056.738847701567,0.131706408908546,0.1952145099639892,0.6527073979377747,0.559360921382904,0.5546222925186157,0.5497828125953674,0.5483172535896301,0.5142402052879333,0.4447972774505615,0.5446652770042419,0.5411096215248108,0.4099561870098114,0.4625441431999206,0.5459660887718201,143.5546875,21.632496416839256,15.504914555920328,16.52327632125308,16.101023104459085,16.297097384304173,18.04617667963477,41.48725886499789,metal,激昂,1
-16.719741821289062,94.11849975585938,-32.79254150390625,61.47652053833008,-10.095500946044922,34.224143981933594,-11.964559555053713,28.192855834960938,-15.31869125366211,19.3251895904541,-8.285292625427246,17.942100524902344,-7.449492931365967,2410.87784256885,4950.005437935035,0.1282888177929234,0.2313378304243087,0.4932602643966675,0.4011456668376922,0.4649271070957184,0.4523438215255737,0.4898009598255157,0.4803066551685333,0.603951632976532,0.5234439969062805,0.4109830260276794,0.3952952027320862,0.436969131231308,0.5923221707344055,112.34714673913044,18.60548281732103,14.544712593197248,17.015289721326717,16.794449152183102,16.196337049368907,16.942455507481284,44.32703693611461,metal,激昂,1
-120.14749145507812,91.31721496582033,-38.845890045166016,75.0083999633789,-3.8132598400115967,22.66558837890625,-8.119441032409668,23.65489959716797,-14.63077449798584,13.370975494384766,-9.403306007385254,13.70629596710205,-9.315235137939451,2384.634958104601,4584.132502084542,0.1260732369006187,0.1004109531641006,0.4205610752105713,0.3527196049690246,0.4387291967868805,0.5885035991668701,0.809106171131134,0.5401576161384583,0.3361360132694244,0.3683133125305176,0.4003016054630279,0.380119264125824,0.4254980385303497,0.5268691778182983,135.99917763157896,18.87152117386596,14.35500698781533,15.568276262870333,14.744588480436011,16.07262358232663,19.146556325229945,39.28667929102927,metal,激昂,1
-61.54559326171875,71.76105499267578,-46.29923629760742,75.41250610351562,-18.515899658203125,35.93107223510742,-12.677865982055664,28.36966133117676,-9.348155975341797,14.502803802490234,-4.263603210449219,11.863775253295898,-16.027109146118164,2870.915156290069,5186.379388866734,0.1981458907337587,0.1381589919328689,0.3756805062294006,0.4047165215015411,0.5891053676605225,0.5365069508552551,0.5279780030250549,0.4150072336196899,0.4737945199012756,0.6074028015136719,0.6199873089790344,0.5177177786827087,0.3564186096191406,0.3913852870464325,129.19921875,17.98595459222107,15.957829753072952,15.621073306304304,16.254144724533983,16.984105433143185,18.04562357319228,42.58891055795626,metal,激昂,1
-36.52052688598633,94.80007934570312,-36.59345626831055,54.99103927612305,-8.21615219116211,29.664180755615234,-13.68759059906006,28.7031307220459,-11.987735748291016,19.36151695251465,-15.656161308288574,13.932657241821287,-11.961837768554688,2398.182089992321,4866.162505891096,0.1282435016676334,0.1650173664093017,0.4240501821041107,0.3960210680961609,0.4217509031295776,0.4781723022460937,0.4538459181785583,0.485614538192749,0.4005978405475616,0.3889372050762176,0.567242443561554,0.6243738532066345,0.5928162932395935,0.4659338891506195,129.19921875,14.270413430720678,13.98963372245836,15.843665758254922,14.724812609674082,15.22405468498671,16.608533728091725,42.97864832605124,metal,激昂,1
-28.094532012939453,84.01356506347656,-43.69922256469727,47.96339797973633,-22.44686889648437,19.900108337402344,-25.177614212036133,24.784860610961918,-13.102411270141602,24.66082000732422,-16.402719497680664,17.54640007019043,-15.407458305358888,2789.433630096567,5346.429542488399,0.1798887791231631,0.1440573632717132,0.4355231821537018,0.4749357998371124,0.3989548981189728,0.5687668919563293,0.5168755650520325,0.5312192440032959,0.5243043899536133,0.4410980641841888,0.4855022430419922,0.4526450634002685,0.5774768590927124,0.3656266331672668,135.99917763157896,19.342343398988568,14.041509158350484,16.679892439820584,16.225939437043415,16.092498682971264,16.736073370541817,44.50792353100466,metal,激昂,1
-103.65422058105467,73.85044860839844,-16.14751625061035,53.16934967041016,-25.08460998535156,33.99891662597656,-13.66181468963623,25.987873077392575,-18.908802032470703,18.671436309814453,-12.78964900970459,9.549379348754885,-16.15424919128418,2954.987188644721,5928.192407736369,0.1632804192043696,0.0889791101217269,0.4251258671283722,0.3527931571006775,0.4108528792858124,0.4405081868171692,0.4531729519367218,0.58245450258255,0.4514912664890289,0.4709610641002655,0.4539105594158172,0.4628644287586212,0.4222176969051361,0.3658239543437958,123.046875,22.941508402505963,14.51106131926302,17.665045844000613,16.846629527448904,15.867103462470368,16.337103217593913,43.13992056919648,metal,激昂,1
-77.42669677734375,130.87869262695312,-23.27522087097168,61.98114776611328,0.90219646692276,30.512102127075195,-8.751036643981934,19.438396453857425,-2.22190260887146,13.104674339294434,-3.296661376953125,8.926948547363281,-8.958979606628418,1525.8197251479974,3501.193909965922,0.051180787171307,0.2301801890134811,0.6235370635986328,0.5055273175239563,0.4111389517784118,0.4083145260810852,0.6965047121047974,0.5391123294830322,0.320591539144516,0.3300123810768127,0.3627451062202453,0.3984545767307281,0.3911288678646087,0.5621909499168396,129.19921875,24.60633036506832,15.977531065097317,18.20147315108212,17.30298174942577,17.641504333617814,17.279372780093624,39.36645771032886,metal,激昂,1
-12.50204372406006,91.31736755371094,-23.07595634460449,50.96508407592773,-12.095051765441896,30.911148071289062,-14.991018295288086,23.052810668945312,-14.263138771057127,23.06901359558105,-17.673542022705078,13.156189918518066,-15.185922622680664,2566.91858339228,5444.63627012036,0.1251472774071926,0.220391646027565,0.3796627521514892,0.4389482736587524,0.4545757174491882,0.5905762910842896,0.4146421551704407,0.3339767158031463,0.3411253988742828,0.4148394763469696,0.6071280837059021,0.4828614294528961,0.4986782371997833,0.3994699418544769,135.99917763157896,22.11189374793205,14.710459711580077,16.377042758305784,15.787399969889927,15.669711409183314,16.086526621655736,43.74240563840085,metal,激昂,1
-61.91035842895508,93.01313018798828,-39.94318008422852,56.14137268066406,-19.668214797973636,23.38753700256348,-7.644540309906006,17.70783233642578,-19.321178436279297,17.783267974853516,-13.084653854370115,14.295796394348145,-13.077747344970703,2502.977404109766,4762.87640706569,0.1481127344354215,0.1364585161209106,0.4025945365428924,0.3521651029586792,0.5133054852485657,0.4601422846317291,0.5967549681663513,0.4561379551887512,0.4385136663913727,0.4769924283027649,0.3940644264221191,0.3963133990764618,0.3290742337703705,0.4228083193302154,117.45383522727272,20.987934148643777,14.50396265834967,16.740794689745545,17.82767844722525,16.727324524360206,18.614521659287213,41.58112665920828,metal,激昂,1
-35.69507598876953,115.43364715576172,-40.62704086303711,75.36009979248047,-12.55109405517578,21.834949493408203,1.806626319885254,15.60913372039795,-0.1751287430524826,10.24089813232422,-11.75782871246338,15.40356159210205,-12.46796989440918,2030.4879168259465,4224.296523800029,0.0999983384087393,0.2566889226436615,0.5243098139762878,0.3749783933162689,0.4347736537456512,0.5624871850013733,0.7018154859542847,0.5365832448005676,0.2803554832935333,0.2806127369403839,0.3835242092609405,0.4232082366943359,0.5765817761421204,0.686083972454071,123.046875,22.627422566522128,14.192865441602882,14.918824809215376,14.897827952615524,14.965562036819431,23.341181013130896,39.69548018123268,metal,激昂,1
-104.72376251220705,87.75372314453125,-33.24885940551758,48.4742546081543,-28.912521362304688,22.514240264892575,-24.980127334594727,20.53738021850586,-12.062983512878418,18.24912643432617,-15.18617343902588,10.295275688171388,-13.891188621520996,2707.0187382903955,5291.122684345998,0.1608273062886697,0.090460829436779,0.3717463612556457,0.2736391425132751,0.3346855044364929,0.3205119371414184,0.4581767916679382,0.3925648033618927,0.4619973301887512,0.4848105907440185,0.4010781645774841,0.4089438617229461,0.426183819770813,0.5492376685142517,107.666015625,19.260674246962022,13.779452204487136,16.951654962755633,18.40006772145321,17.01105020466918,17.28476103315005,41.2393674067644,metal,激昂,1
13.474994659423828,78.02255249023438,-32.994720458984375,55.535377502441406,-9.969209671020508,35.403953552246094,-17.637697219848633,29.05112838745117,-11.246763229370115,14.006470680236816,-10.08724880218506,16.530061721801758,-8.482169151306152,2836.9908685116243,5615.31146905815,0.1627532416134957,0.2706926763057709,0.5768528580665588,0.8063709735870361,0.6866703629493713,0.5342514514923096,0.4417082667350769,0.3670398890972137,0.3172682821750641,0.4098118841648102,0.574846625328064,0.493378072977066,0.375370979309082,0.4344683587551117,117.45383522727272,19.399314753878656,14.288968723959432,14.55564302576947,14.207979795911612,15.511884470975604,16.50635462277593,46.50663913998516,metal,激昂,1
-71.2906723022461,82.33941650390625,-30.162803649902344,56.4561767578125,-10.867369651794434,26.810651779174805,-15.801575660705566,25.33121681213379,-15.626407623291016,17.750356674194336,-13.0545654296875,14.613809585571287,-14.269171714782717,2685.678092352649,5331.258043612239,0.1604334336330239,0.1121596544981002,0.4490847885608673,0.4512961506843567,0.4824569821357727,0.5703797340393066,0.5923897624015808,0.5793036222457886,0.5443454384803772,0.5288910865783691,0.558060348033905,0.5137302875518799,0.5125853419303894,0.4463714957237243,143.5546875,21.77596175282525,12.789004850262533,14.79070801737799,14.419443144023514,15.198302177693824,17.245980058701083,42.9093176004914,metal,激昂,1
-79.10417938232422,106.8173599243164,-38.74598693847656,39.85337066650391,-26.75445938110352,32.47148895263672,-15.025887489318848,29.701759338378903,-11.37074375152588,13.771313667297363,-14.50649356842041,16.162412643432617,-3.071115732192993,2292.5497866867986,4820.373223607889,0.1236008646316705,0.1119635924696922,0.4224872887134552,0.5922348499298096,0.4753891825675964,0.562798261642456,0.4087622165679931,0.3288846611976623,0.3415603339672088,0.3057386875152588,0.3306550681591034,0.2578254640102386,0.3362173736095428,0.3882124722003937,135.99917763157896,18.76720086136749,14.06228585086835,18.163690564796106,18.095006296196757,17.501749581170134,16.223325896621912,41.93214011970298,metal,激昂,1
-122.13072967529295,62.29414367675781,-34.45550537109375,75.62576293945312,6.265151977539063,22.035964965820312,-10.95154857635498,23.22869300842285,-12.286276817321776,5.607922077178955,-6.992769241333008,5.608427047729492,-14.39431381225586,2690.7078061431357,5088.622310487964,0.1482577460363495,0.1458260416984558,0.4016682505607605,0.4663176536560058,0.5470633506774902,0.5729191899299622,0.6277728080749512,0.5853472352027893,0.4379124343395233,0.395550012588501,0.4091839492321014,0.4108729958534241,0.4040432870388031,0.3908248245716095,95.703125,24.53572789402008,15.53347806622504,17.282867202940803,16.018095732543493,18.098625461669275,19.94309900397539,40.52130954920416,metal,激昂,1
-99.87088012695312,102.1317901611328,-23.619749069213867,63.05523681640625,-8.763340950012207,30.72507667541504,-9.63729763031006,14.15851593017578,0.3801097571849823,13.219310760498049,-10.08618450164795,9.186030387878418,-4.928890228271484,2098.946281494044,4449.612433838457,0.0882346499178267,0.1542529761791229,0.2081844508647918,0.1966275870800018,0.3231675028800964,0.547641396522522,0.4707482457160949,0.2789370715618133,0.2589224874973297,0.3888775110244751,0.6511042714118958,0.5062341690063477,0.387692242860794,0.3345194458961487,117.45383522727272,21.413208881701383,16.991807659931922,18.204089374650422,18.98974888700108,16.844682662109875,17.733801105051445,39.76849459149566,metal,激昂,1
-74.11526489257812,80.0852279663086,-46.96148681640625,51.019073486328125,-9.135111808776855,31.77795791625977,-6.38947868347168,24.86172103881836,-19.14633560180664,20.79016494750977,-11.678598403930664,13.847806930541992,-16.471899032592773,2710.685063554155,5083.10161687935,0.1665242985063805,0.1045790165662765,0.4192346334457397,0.3808090984821319,0.4111561179161072,0.5096350312232971,0.675126314163208,0.5767157077789307,0.4819483160972595,0.5415189862251282,0.5462955832481384,0.6196615099906921,0.5289333462715149,0.419325441122055,107.666015625,20.077865943705262,14.72082257304182,14.923237745205135,15.672856811383433,15.51499841698148,17.15039616051561,41.83816452093374,metal,激昂,1
-100.42342376708984,104.69320678710938,-57.254005432128906,56.57685089111328,-5.555651664733887,22.83326911926269,-6.1715168952941895,23.097108840942383,-19.07195854187012,17.79535675048828,-13.78298282623291,9.962791442871094,-14.85865879058838,2269.1618713103626,4186.559293884136,0.1373478888727765,0.0975496470928192,0.4421302080154419,0.3969297111034393,0.4344116449356079,0.4993326365947723,0.5587801337242126,0.4130298495292663,0.4534900784492492,0.4904704093933105,0.4983320832252502,0.5149857401847839,0.3701762855052948,0.4124355614185333,117.45383522727272,21.966414604699764,16.020185453731816,16.26555004698331,16.583734774477364,16.128903108635853,19.251797447566904,39.18572422870196,metal,激昂,1
-93.58541107177734,89.86104583740234,-55.87972640991211,51.63357925415039,-5.566610336303711,28.78887176513672,-13.892081260681152,27.35177993774414,-15.314687728881836,22.83026123046875,-12.409005165100098,9.700515747070312,-19.72762680053711,2464.2908932653336,4549.026552983613,0.1518611332656612,0.0936283692717552,0.3506149649620056,0.3373875617980957,0.3257418572902679,0.3942018449306488,0.5721116662025452,0.4450556635856628,0.3489611148834228,0.4186280965805053,0.6007183194160461,0.6407778263092041,0.4436191916465759,0.3626479208469391,129.19921875,20.328960338770383,15.421012056101349,16.585329820207793,18.14815907107614,16.790734358977268,18.176010619010256,41.17769093303544,metal,激昂,1
-110.882080078125,83.17749786376953,-45.26238250732422,56.57573699951172,-7.491790294647217,19.97442626953125,-13.380712509155272,21.21055793762207,-15.71245574951172,18.088773727416992,-18.11153793334961,12.935681343078612,-17.240480422973633,2683.2329169635404,4972.29638332004,0.1772645978344934,0.0904464125633239,0.3910903334617615,0.4331151843070984,0.3734167814254761,0.4201702773571014,0.5013427138328552,0.4846665859222412,0.487905889749527,0.42244353890419,0.4776070415973663,0.4670574367046356,0.3948119878768921,0.4058215320110321,95.703125,19.881100619681384,14.283440740933653,16.344369714942317,16.881099127780413,16.592446958599027,18.85773873726934,40.343615972649886,metal,激昂,1
-86.23197937011719,76.771484375,-42.36281967163086,53.99219512939453,-8.330779075622559,29.406782150268555,-7.896939754486084,26.65984535217285,-14.230666160583496,18.459009170532227,-17.95420265197754,9.866013526916504,-19.03006362915039,2760.046329477624,5259.580621918503,0.1712058318832173,0.0953669846057891,0.4320269823074341,0.3545733690261841,0.4269157648086548,0.4308835566043854,0.4870623350143432,0.4912399351596832,0.4814715683460235,0.5296459794044495,0.5552485585212708,0.570798933506012,0.4061334133148193,0.471163272857666,117.45383522727272,21.69050641628868,16.400356819840532,16.51093350702621,16.94014545039253,16.092886921313646,17.415178362523562,41.811992154583386,metal,激昂,1
-135.48129272460938,93.34420013427734,-43.3029670715332,59.23185729980469,-8.526451110839844,20.95975875854492,-6.542695999145508,21.90274429321289,-18.98299789428711,17.05289649963379,-15.888565063476562,11.074280738830566,-18.49104118347168,2390.3250702324603,4449.812277950986,0.1443216629205336,0.0880208387970924,0.3805528283119201,0.4136101901531219,0.4398274421691894,0.4558345377445221,0.5282869935035706,0.4046040773391723,0.3977139592170715,0.4924433529376983,0.4186487793922424,0.4784533679485321,0.3570343554019928,0.3974576890468597,123.046875,21.352008497624027,16.459463978091325,17.72607335993852,17.474722742970304,17.46028286099083,19.276561575638706,39.167644263991846,metal,激昂,1
0.3683421313762665,79.70758056640625,-30.644737243652344,61.064266204833984,-17.460554122924805,26.70165634155273,-21.244140625,22.358158111572266,-13.016820907592772,17.870939254760742,-13.373003005981444,19.25502014160156,-10.970987319946287,2795.3269859130346,5455.111432352088,0.1636799563756767,0.2123615145683288,0.5259749889373779,0.5039817094802856,0.500176191329956,0.4616966843605041,0.4376863539218902,0.4894270002841949,0.4083259403705597,0.4359845519065857,0.4379608929157257,0.4651997685432434,0.5925078392028809,0.5297515392303467,117.45383522727272,21.952995173495093,13.563991934536697,16.80952135981922,15.45120800194124,15.240449895327153,16.44464469568605,44.64538278259961,metal,激昂,1
-1.913297772407532,72.6861572265625,-32.7919921875,63.60547256469727,-18.55635070800781,25.870161056518555,-13.859100341796877,18.07888412475586,-11.946615219116213,19.67218399047852,-13.95425033569336,18.75569725036621,-11.18799114227295,2908.3001309605806,5405.816551261601,0.1781082330336427,0.2174748182296753,0.45681032538414,0.5573738813400269,0.6806556582450867,0.5261906385421753,0.4063652157783508,0.4173284769058227,0.3674323558807373,0.3346467316150665,0.3653082251548767,0.4236893355846405,0.3115717768669128,0.3266116082668304,103.359375,18.52416057633149,13.818720668244472,18.002752287055305,15.368700130445054,15.475696307856625,17.230423388096078,41.88769140165305,metal,激昂,1
9.593645095825195,76.35295104980469,-31.27117729187012,56.88522338867188,-20.74332427978516,27.24562263488769,-16.636316299438477,19.3679256439209,-13.913679122924805,19.664995193481445,-16.06060218811035,17.488630294799805,-12.954190254211426,2889.070230029977,5484.788283062645,0.1765742821925754,0.2243993580341339,0.5218952298164368,0.7678084969520569,0.5200003385543823,0.4040569365024566,0.4250593483448028,0.43696990609169,0.4094221889972687,0.4350242614746094,0.600914478302002,0.4259891510009765,0.3545233309268951,0.4226990044116974,107.666015625,20.838859322778298,13.378523428508924,16.711646757943896,16.330574376189745,16.56761159840355,16.8031548377634,43.51677210429851,metal,激昂,1
10.019840240478516,74.12789154052734,-32.23573303222656,62.768585205078125,-23.328832626342773,30.02989387512207,-14.879809379577637,20.159202575683597,-12.146162986755373,19.18972396850586,-14.975018501281738,18.799034118652344,-12.281957626342772,2980.0365062158285,5461.947766368185,0.1939877586040216,0.2174942642450332,0.5285235643386841,0.6113492846488953,0.5102490186691284,0.4231486320495605,0.5495691299438477,0.4273473024368286,0.4191877543926239,0.5301145315170288,0.609955906867981,0.6628932356834412,0.5145389437675476,0.5064225196838379,99.38401442307692,20.88809088140166,13.20972300175802,16.49244475712744,15.410058571706308,15.399741620406134,16.56322090193801,44.06625739861868,metal,激昂,1
16.490421295166016,71.1860122680664,-22.35201644897461,60.27137756347656,-18.5537223815918,27.62331962585449,-12.408052444458008,16.954391479492188,-8.729572296142578,17.865869522094727,-13.46914005279541,18.926589965820312,-11.023098945617676,2986.810443330355,5628.376277914733,0.1774496386794277,0.2489461153745651,0.5443352460861206,0.6344396471977234,0.5767461657524109,0.4509975910186767,0.4894587099552154,0.3722836375236511,0.3759647011756897,0.4573342502117157,0.5460196733474731,0.625775933265686,0.4812083840370178,0.4733491241931915,112.34714673913044,20.134827615711774,13.24770363242942,16.315319076665897,15.226757986011217,15.346726993394384,16.58557622924897,40.58811210668093,metal,激昂,1
9.602478981018066,54.68124008178711,-21.03306198120117,60.16366958618164,-21.077375411987305,32.142234802246094,-15.83881378173828,21.44647026062012,-8.722073554992676,19.36352157592773,-12.37899684906006,19.747970581054688,-10.80413055419922,3400.8644228665357,6163.292352450696,0.2283804318928847,0.2261689156293869,0.5936176180839539,0.6893787980079651,0.6243606209754944,0.4919542968273163,0.443484216928482,0.3703925311565399,0.451613575220108,0.5418661236763,0.523874044418335,0.5286374092102051,0.4416991174221039,0.4997155368328094,107.666015625,19.92012711492311,13.450182246064776,16.77081968047025,15.98467951667229,15.685405645514637,16.18884244269783,41.478834667199216,metal,激昂,1
4.025636672973633,83.2708969116211,-37.250732421875,62.33895111083984,-14.85597324371338,23.41169166564941,-10.47172737121582,16.797786712646484,-7.9595842361450195,16.292543411254883,-11.260960578918455,13.32318878173828,-7.821478843688965,2716.919668513005,5123.145380927349,0.1621916992942768,0.2398151308298111,0.5368114709854126,0.5265628695487976,0.498753011226654,0.4502073526382446,0.538544237613678,0.4823122322559356,0.5010238885879517,0.5796941518783569,0.6149697303771973,0.640561580657959,0.5251568555831909,0.5118401646614075,151.99908088235293,19.232734355382355,12.736624226003688,15.849130992169318,15.593280376653732,15.204806269970724,17.057972656739942,37.00041868199757,metal,激昂,1
4.921885013580322,75.08444213867188,-24.73780059814453,57.01522064208984,-21.784542083740234,26.04698371887207,-12.561589241027832,17.442466735839844,-10.241609573364258,18.60519790649414,-13.0278902053833,18.95046806335449,-9.70077419281006,2906.6272868814203,5518.770109030597,0.1725668261794277,0.227363184094429,0.5137203931808472,0.5911530256271362,0.4806342124938965,0.4248332977294922,0.533824622631073,0.374501496553421,0.3665336072444916,0.4649440050125122,0.5484612584114075,0.6287441253662109,0.5006164908409119,0.486365795135498,123.046875,20.37327688683927,12.5695489450845,16.96574883434365,15.809433113709586,15.45706449281258,16.457567728977764,41.55434794102667,metal,激昂,1
1.160122990608215,66.66129302978516,-23.69673538208008,60.959903717041016,-18.87989997863769,29.75010871887207,-17.54132843017578,21.032560348510746,-11.18689250946045,18.81291007995605,-13.062551498413086,19.95668029785156,-10.566299438476562,3113.773135146241,5829.252918358468,0.1957180793213457,0.2070188522338867,0.5804813504219055,0.6014360785484314,0.5336800813674927,0.5431553721427917,0.4326576888561249,0.4034094214439392,0.4556741118431091,0.5227372646331787,0.5972145795822144,0.5211144685745239,0.4669622182846069,0.4659083485603332,123.046875,19.912641307192608,13.730814296609678,16.478109856973415,15.29060903209674,15.20926690018416,16.04854457426559,43.65847710354428,metal,激昂,1
10.45137882232666,63.71639251708984,-28.423778533935547,62.6082878112793,-19.60047912597656,28.8308219909668,-15.23064136505127,19.30582427978516,-10.698308944702148,18.86639213562012,-12.708805084228516,18.04070281982422,-10.834188461303713,3108.521763898349,5699.254323158352,0.1968404086910286,0.2324697822332382,0.5816901326179504,0.5522630214691162,0.5127701759338379,0.4482902288436889,0.4020686447620392,0.4268471300601959,0.5299920439720154,0.4444456398487091,0.4502056837081909,0.4763947427272796,0.5192559361457825,0.646765947341919,112.34714673913044,20.52642019354993,13.87755991005058,17.543781101482168,16.410915804453474,15.490108555548082,16.512501655279085,41.69395608653648,metal,激昂,1
11.953701972961426,69.42063903808594,-23.265295028686523,60.7000846862793,-20.82187271118164,25.098857879638672,-16.187572479248047,15.54844570159912,-10.504552841186523,18.77710723876953,-13.392751693725586,17.37457275390625,-11.054032325744627,3010.922425177517,5633.4556491081785,0.1793064669131863,0.2428290098905563,0.522242546081543,0.5542594194412231,0.4594054520130157,0.4125301539897918,0.4261161684989929,0.3894009590148926,0.4623166620731354,0.4339584410190582,0.4729223847389221,0.4541652500629425,0.4465789794921875,0.5283946394920349,107.666015625,20.03104754038602,13.900901135536069,17.55369397040891,16.063059909520828,15.488667390605595,16.705197333901896,40.73764493257829,metal,激昂,1
-24.98493766784668,77.53269958496094,-30.377948760986328,68.36199951171875,-6.511033058166504,24.695711135864254,-9.80774974822998,19.519594192504883,-11.459885597229004,18.600404739379883,-14.15808391571045,14.448771476745604,-5.925430774688721,2718.6937188160364,5228.837935941126,0.1437182031854215,0.2071079313755035,0.6456051468849182,0.5574986338615417,0.4888099730014801,0.4063221216201782,0.3581916093826294,0.3275768160820007,0.4424390792846679,0.452614426612854,0.4779437780380249,0.4869390428066253,0.5234677791595459,0.6825042963027954,129.19921875,20.12528121933773,14.77769933522192,17.481592313552046,16.454164151754888,16.074809292650322,17.925688583095432,40.83566632891737,metal,激昂,1
-15.672693252563477,100.0849609375,-37.59760665893555,45.95102691650391,-20.771991729736328,25.64026641845703,-18.62899780273437,26.507003784179688,-20.16448211669922,21.11976432800293,-13.650189399719238,10.966075897216797,-15.52978515625,2459.520891914009,5024.347447795823,0.1428334058391338,0.1844116300344467,0.3754261136054992,0.3797580301761627,0.4606218934059143,0.4122034013271332,0.4789131879806518,0.5263028740882874,0.4521596729755401,0.5773600339889526,0.5505326986312866,0.5035445690155029,0.4440884888172149,0.3767977654933929,143.5546875,19.516572791886464,13.04998595760278,16.019690411856264,15.75477044366037,15.787686192635498,16.523661644616674,44.75758351924818,metal,激昂,1
-15.625048637390137,99.1423568725586,-45.63025665283203,55.01213073730469,-18.020164489746094,23.89781188964844,-19.600196838378903,27.33791923522949,-15.103914260864258,18.797401428222656,-16.146686553955078,9.214215278625488,-16.218490600585938,2442.504289617461,4728.594814928944,0.1498219076276102,0.1822855323553085,0.2968847453594208,0.4407038390636444,0.4837421178817749,0.4202165305614471,0.5930987000465393,0.4309428632259369,0.3866670727729797,0.4269511699676513,0.5351651310920715,0.7754606008529663,0.4978325664997101,0.3226144313812256,99.38401442307692,20.62639361331536,13.090374852523512,16.53841757796467,15.915264666344784,15.702073951190837,16.77670032107655,44.188024168407686,metal,激昂,1
-58.264381408691406,105.85010528564452,-43.89204025268555,58.44615936279297,-18.433990478515625,27.973726272583008,-17.970457077026367,21.0462703704834,-15.554038047790527,13.39651870727539,-15.686206817626951,9.363630294799805,-15.322576522827148,2315.2761541025197,4615.882735462587,0.1394849218145785,0.1257113963365554,0.4558599293231964,0.4968305230140686,0.5476559996604919,0.5195029973983765,0.7384588122367859,0.5307108163833618,0.5248516201972961,0.5512351393699646,0.5131087899208069,0.5406012535095215,0.4587219059467315,0.6076163649559021,89.10290948275862,19.429935689390582,12.808560704556196,15.490558620140582,14.589186265567454,15.315209618106596,16.85238969854389,41.76799761834722,metal,激昂,1
-74.11526489257812,80.0852279663086,-46.96148681640625,51.019073486328125,-9.135111808776855,31.77795791625977,-6.38947868347168,24.86172103881836,-19.14633560180664,20.79016494750977,-11.678598403930664,13.847806930541992,-16.471899032592773,2710.685063554155,5083.10161687935,0.1665242985063805,0.1045790165662765,0.4192346334457397,0.3808090984821319,0.4111561179161072,0.5096350312232971,0.675126314163208,0.5767157077789307,0.4819483160972595,0.5415189862251282,0.5462955832481384,0.6196615099906921,0.5289333462715149,0.419325441122055,107.666015625,20.077865943705262,14.72082257304182,14.923237745205135,15.672856811383433,15.51499841698148,17.15039616051561,41.83816452093374,metal,激昂,1
-100.42342376708984,104.69320678710938,-57.254005432128906,56.57685089111328,-5.555651664733887,22.83326911926269,-6.1715168952941895,23.097108840942383,-19.07195854187012,17.79535675048828,-13.78298282623291,9.962791442871094,-14.85865879058838,2269.1618713103626,4186.559293884136,0.1373478888727765,0.0975496470928192,0.4421302080154419,0.3969297111034393,0.4344116449356079,0.4993326365947723,0.5587801337242126,0.4130298495292663,0.4534900784492492,0.4904704093933105,0.4983320832252502,0.5149857401847839,0.3701762855052948,0.4124355614185333,117.45383522727272,21.966414604699764,16.020185453731816,16.26555004698331,16.583734774477364,16.128903108635853,19.251797447566904,39.18572422870196,metal,激昂,1
-93.58541107177734,89.86104583740234,-55.87972640991211,51.63357925415039,-5.566610336303711,28.78887176513672,-13.892081260681152,27.35177993774414,-15.314687728881836,22.83026123046875,-12.409005165100098,9.700515747070312,-19.72762680053711,2464.2908932653336,4549.026552983613,0.1518611332656612,0.0936283692717552,0.3506149649620056,0.3373875617980957,0.3257418572902679,0.3942018449306488,0.5721116662025452,0.4450556635856628,0.3489611148834228,0.4186280965805053,0.6007183194160461,0.6407778263092041,0.4436191916465759,0.3626479208469391,129.19921875,20.328960338770383,15.421012056101349,16.585329820207793,18.14815907107614,16.790734358977268,18.176010619010256,41.17769093303544,metal,激昂,1
-110.882080078125,83.17749786376953,-45.26238250732422,56.57573699951172,-7.491790294647217,19.97442626953125,-13.380712509155272,21.21055793762207,-15.71245574951172,18.088773727416992,-18.11153793334961,12.935681343078612,-17.240480422973633,2683.2329169635404,4972.29638332004,0.1772645978344934,0.0904464125633239,0.3910903334617615,0.4331151843070984,0.3734167814254761,0.4201702773571014,0.5013427138328552,0.4846665859222412,0.487905889749527,0.42244353890419,0.4776070415973663,0.4670574367046356,0.3948119878768921,0.4058215320110321,95.703125,19.881100619681384,14.283440740933653,16.344369714942317,16.881099127780413,16.592446958599027,18.85773873726934,40.343615972649886,metal,激昂,1
-86.23197937011719,76.771484375,-42.36281967163086,53.99219512939453,-8.330779075622559,29.406782150268555,-7.896939754486084,26.65984535217285,-14.230666160583496,18.459009170532227,-17.95420265197754,9.866013526916504,-19.03006362915039,2760.046329477624,5259.580621918503,0.1712058318832173,0.0953669846057891,0.4320269823074341,0.3545733690261841,0.4269157648086548,0.4308835566043854,0.4870623350143432,0.4912399351596832,0.4814715683460235,0.5296459794044495,0.5552485585212708,0.570798933506012,0.4061334133148193,0.471163272857666,117.45383522727272,21.69050641628868,16.400356819840532,16.51093350702621,16.94014545039253,16.092886921313646,17.415178362523562,41.811992154583386,metal,激昂,1
-135.48129272460938,93.34420013427734,-43.3029670715332,59.23185729980469,-8.526451110839844,20.95975875854492,-6.542695999145508,21.90274429321289,-18.98299789428711,17.05289649963379,-15.888565063476562,11.074280738830566,-18.49104118347168,2390.3250702324603,4449.812277950986,0.1443216629205336,0.0880208387970924,0.3805528283119201,0.4136101901531219,0.4398274421691894,0.4558345377445221,0.5282869935035706,0.4046040773391723,0.3977139592170715,0.4924433529376983,0.4186487793922424,0.4784533679485321,0.3570343554019928,0.3974576890468597,123.046875,21.352008497624027,16.459463978091325,17.72607335993852,17.474722742970304,17.46028286099083,19.276561575638706,39.167644263991846,metal,激昂,1
-82.51111602783203,97.34172058105467,-34.36792755126953,71.40850067138672,-3.2920289039611816,17.375370025634766,-9.02628231048584,16.017791748046875,-19.01093864440918,12.084585189819336,-9.567408561706545,13.953285217285156,-14.459842681884766,2254.606986104016,4381.532206170244,0.1201160545968677,0.1362208425998687,0.471297413110733,0.4097470939159393,0.4887716174125671,0.4426091909408569,0.5039233565330505,0.4273715615272522,0.3898440301418304,0.4109396636486053,0.4485225677490234,0.4886066615581512,0.486308217048645,0.6629772186279297,135.99917763157896,18.42324910196291,14.811131697206996,17.83292644401412,16.01116730544297,16.64780880365672,18.873513270236657,40.06572103160392,metal,激昂,1
-99.95562744140624,106.37162017822266,-40.66634750366211,52.7149658203125,-20.73712730407715,25.275590896606445,-11.828839302062988,22.083070755004883,-12.473505973815918,13.768814086914062,-14.382095336914062,15.966245651245115,-11.722278594970703,2302.533109168331,4598.9875811158645,0.1307011461958623,0.098298892378807,0.4684496819972992,0.4117896258831024,0.3676620125770569,0.4863834381103515,0.6504555940628052,0.4611012041568756,0.3345257639884949,0.3686595559120178,0.4864243865013122,0.614429235458374,0.4544660151004791,0.4521274864673614,161.4990234375,18.279739904065934,14.101814433358054,15.4177892749216,16.058162225740322,15.688584238327795,17.81821081588018,39.87716396321892,metal,激昂,1
-111.67716979980467,111.15006256103516,-10.645004272460938,69.67325592041016,-4.905362129211426,29.825841903686523,-10.380657196044922,21.256948471069336,-6.636629581451416,20.07621192932129,-7.225974082946777,16.226619720458984,-10.11557388305664,1740.9312223433865,4109.827481511021,0.0537588970659319,0.1735330671072006,0.3134686052799225,0.3825317323207855,0.5668233036994934,0.5867434144020081,0.6902168989181519,0.544440507888794,0.414793848991394,0.4087278544902801,0.3899432420730591,0.4178946316242218,0.3439280092716217,0.3907023966312408,161.4990234375,18.633660961898467,14.431701961409088,17.174761598165688,17.33451487501388,16.904824798650164,17.880061826591614,40.58269824939588,metal,激昂,1
-197.2598114013672,74.1358413696289,-10.736385345458984,54.70554733276367,-7.601420402526855,18.409927368164062,-18.8797550201416,11.596195220947266,-14.562566757202148,18.414226531982425,-16.470966339111328,12.57096004486084,-10.469237327575684,2743.073339684432,5626.144685324826,0.1428466230423433,0.048833318054676,0.3788054585456848,0.3449302613735199,0.3656923174858093,0.3344389498233795,0.4340948164463043,0.3538824021816253,0.4769836664199829,0.4957783818244934,0.4475943148136139,0.5146254301071167,0.4070765078067779,0.4239016771316528,117.45383522727272,17.785923659851424,13.83850455431664,18.096668859273155,17.251224068958358,16.857316759424425,17.825891624501566,38.82833129904361,metal,激昂,1
-78.6478042602539,80.88358306884766,-24.58578872680664,47.03044891357422,-23.746137619018555,27.425704956054688,-17.417694091796875,22.27784919738769,-13.530479431152344,21.57274436950684,-11.10134220123291,15.58534049987793,-9.702447891235352,2807.8057561673,5673.857467191126,0.1537296681651198,0.1152983009815216,0.4613336324691772,0.6036806106567383,0.4981370270252228,0.4968551695346832,0.4948160350322723,0.4882261157035827,0.49296835064888,0.4458031356334686,0.5254522562026978,0.4065748453140259,0.4068459868431091,0.4402085244655609,86.1328125,15.76098632462096,13.368596037213583,16.192179535342152,15.33899802873293,15.275259692153824,15.44000288041346,42.97623291010335,metal,激昂,1
-35.23794937133789,93.94743347167967,-35.179420471191406,62.7963981628418,-11.72390365600586,26.99777030944824,-10.75432586669922,24.073627471923828,-13.03853988647461,13.602749824523926,-12.412999153137209,13.569140434265137,-12.245765686035156,2339.8927465134484,4708.18573493692,0.1167702140129543,0.1942614316940307,0.3941310346126556,0.4858298301696777,0.5708197355270386,0.4264704883098602,0.3907617628574371,0.5113827586174011,0.571803867816925,0.5634438991546631,0.432895302772522,0.3563778400421142,0.3138006031513214,0.3275699615478515,123.046875,20.369580068236527,15.144088896530274,15.812025043514105,15.700924632106462,15.7922395413625,16.81692823203466,42.6438793675342,metal,激昂,1
2.783726930618286,77.06303405761719,-17.55063247680664,57.95127487182617,0.7442919611930847,28.829195022583008,-7.8589911460876465,27.606931686401367,-13.541932106018066,17.28596305847168,-7.569736957550049,13.035099029541016,-8.743486404418945,2642.0924576803404,5567.132384262616,0.1212886093387471,0.2933531999588012,0.3404113948345184,0.4461465179920196,0.5494484901428223,0.6893799304962158,0.4823882579803467,0.329235702753067,0.3395017087459564,0.3511138558387756,0.3700748085975647,0.3922918438911438,0.5119407176971436,0.3590017557144165,143.5546875,20.971264973340087,15.477738770037464,17.236323911021437,16.335920149929947,16.39199435937054,16.340788549984342,40.4048552834264,metal,激昂,1
-201.19769287109372,76.78211212158203,-14.798453330993652,68.73775482177734,-12.944738388061523,36.95658874511719,-10.983901023864746,23.688390731811523,-12.26832103729248,16.6715087890625,-11.07464599609375,15.571093559265137,-11.184891700744627,2725.3111027767286,5496.87885187065,0.1349835200357695,0.0408313982188701,0.546525776386261,0.7442511320114136,0.5967745780944824,0.4380878806114197,0.4037703573703766,0.4406487047672272,0.4102459251880646,0.4304293692111969,0.4961839914321899,0.4435399770736694,0.3927729427814483,0.4599057137966156,123.046875,19.2193866626272,14.599371946597012,16.537721912376462,14.865596087149164,15.451979126576449,16.54536671858434,38.30912509888039,metal,激昂,1
-40.493350982666016,105.29485321044922,-14.107665061950684,54.84363555908203,-1.1911940574645996,20.07719993591309,-11.69883632659912,22.175390243530277,-10.231947898864746,14.189077377319336,-6.911011219024658,13.34355926513672,-9.252238273620604,2068.48340991268,4439.486998803654,0.0888585019093194,0.2446407526731491,0.3388589918613434,0.3712670505046844,0.3593473732471466,0.4727830290794372,0.3283310234546661,0.3319551646709442,0.4623060524463653,0.5277992486953735,0.7114014625549316,0.5307002067565918,0.4917788505554199,0.4554933309555053,112.34714673913044,19.493829327613955,16.810431690467077,17.865456460092307,16.70597857251737,17.513495116612134,17.233502113365834,39.51629451852752,metal,激昂,1
-100.88904571533205,76.13687896728516,-29.544008255004883,69.70980834960938,-17.342714309692383,21.390840530395508,-12.918476104736328,22.007465362548828,-9.841167449951172,18.42464256286621,-12.04720687866211,8.983144760131836,-20.870851516723636,2792.608241545184,5321.340779527987,0.1624915409899458,0.0968961790204048,0.4090586602687835,0.3582779765129089,0.4784975051879883,0.5988069176673889,0.7772713899612427,0.5746973752975464,0.3833150565624237,0.4144325852394104,0.5073501467704773,0.4358886480331421,0.4231148660182953,0.5911042094230652,143.5546875,23.46027864178698,15.049804101750372,15.212700460854707,15.769146227622128,15.21545693949366,18.18546588553541,41.59010166257084,metal,激昂,1
-42.0590705871582,86.99414825439453,-27.527782440185547,62.6162338256836,-27.00237464904785,32.33119201660156,-18.95716667175293,22.128767013549805,-14.316716194152832,19.50541305541992,-10.960918426513672,16.760108947753906,-12.377029418945312,2740.9191494780016,5408.697637217228,0.1599187179766047,0.1490615606307983,0.3942010700702667,0.3612993061542511,0.4391361474990845,0.3928165733814239,0.3984830975532532,0.3745352625846863,0.4418515861034393,0.4083315134048462,0.4831144213676452,0.5842980742454529,0.4960465133190155,0.5166139006614685,151.99908088235293,17.484014168079216,13.7893686647865,15.932191515157513,15.915092759807695,15.411744615764508,15.757044968199626,43.772335281049344,metal,激昂,1
-1.6945940256118774,73.40455627441406,-15.90884494781494,55.8044319152832,-1.9026613235473635,34.030216217041016,-8.318227767944336,32.759864807128906,-9.707088470458984,20.83656311035156,-9.037429809570312,13.959176063537598,-9.58564281463623,2814.947126588473,5897.15828242822,0.1317906213747099,0.2694678902626037,0.5024188160896301,0.5196660757064819,0.5725162625312805,0.6676668524742126,0.566933274269104,0.4359515011310577,0.4712851643562317,0.5626915693283081,0.501947283744812,0.4823809564113617,0.593315601348877,0.5273166298866272,99.38401442307692,20.256679918372846,14.384217200412396,15.333575426462756,14.956269018625058,15.414695415425753,15.661382166765588,39.184508479265006,metal,激昂,1
-74.91183471679688,79.12138366699219,-40.89167785644531,54.720924377441406,-9.68823528289795,37.257720947265625,-14.983510971069336,20.934234619140625,-17.433067321777344,16.575284957885742,-11.09804344177246,15.470943450927734,-11.129679679870604,2710.494636777408,5323.439142709542,0.1438552844644238,0.1273302733898162,0.4435918033123016,0.4112863540649414,0.4767351150512695,0.6176916360855103,0.6347818374633789,0.4168428182601928,0.3879179954528808,0.378124326467514,0.4290166795253753,0.5123472809791565,0.4301966428756714,0.5320320725440979,123.046875,24.491202909905954,13.941214882036023,17.632834548647494,16.75033161548385,16.22395987487055,16.525207796040373,42.93251093501919,metal,激昂,1
-73.52994537353516,74.65846252441406,-16.444175720214844,55.645469665527344,-7.734650135040283,36.53866195678711,-18.304912567138672,27.820955276489254,-11.920201301574709,20.062938690185547,-11.357837677001951,14.71152400970459,-7.292049407958984,2847.682766545686,5929.641277552204,0.1440546754156999,0.1398497521877288,0.4616554677486419,0.5373148322105408,0.5321481227874756,0.4865943193435669,0.5778113603591919,0.5721116065979004,0.5314379930496216,0.454906016588211,0.4080926775932312,0.4214435517787933,0.4682912230491638,0.5131958723068237,161.4990234375,24.14489325280795,13.778118425308689,15.6691776788235,14.996927924145307,16.18054375416641,15.487871526189693,44.41109596087165,metal,激昂,1
-19.165882110595703,118.84071350097656,-52.14488983154297,42.700321197509766,-21.57284927368164,27.67770004272461,-14.611529350280762,27.01952743530273,-17.12796974182129,18.968196868896484,-10.76742172241211,9.38828182220459,-4.661488056182861,2138.144345986772,4201.114606746664,0.1219354970272621,0.1903364658355713,0.4426882863044739,0.6407852172851562,0.4403486847877502,0.4622378945350647,0.5568565130233765,0.4886412322521209,0.7565764784812927,0.574163556098938,0.5103824138641357,0.459594577550888,0.4696956574916839,0.4102883338928222,151.99908088235293,24.647415591585304,13.282109328023768,15.304300040599976,15.590970223768364,15.890830283523115,17.88512890073662,44.276095745572526,metal,激昂,1
-57.6837158203125,101.41867065429688,-41.4903564453125,55.11407470703125,-23.339160919189453,28.14437484741211,-12.12606143951416,18.14189720153809,-15.424080848693848,11.88204288482666,-10.801528930664062,9.388020515441896,-12.2761869430542,2378.4924001543227,4748.421016259425,0.1412658455384764,0.13156159222126,0.4355935156345367,0.433385282754898,0.4780866205692291,0.6681922078132629,0.5800025463104248,0.5248115062713623,0.5074192881584167,0.4909255802631378,0.5826156139373779,0.534717857837677,0.5099784135818481,0.413569301366806,123.046875,17.83806491668273,13.72398467034395,15.349095550181335,15.636816279734688,15.407648968173346,17.41260818395852,41.315301915036805,metal,激昂,1
-29.381208419799805,101.87547302246094,-29.11232566833496,69.73011016845703,-16.168983459472656,19.43852806091309,-18.33917999267578,19.06260871887207,-18.28299331665039,15.27957820892334,-8.24422836303711,2.4893927574157715,-14.794669151306152,2340.925502580737,4716.54588031105,0.1228716526488785,0.2085753977298736,0.3391911089420318,0.3299745619297027,0.4032534658908844,0.4604593813419342,0.6956599354743958,0.5916481018066406,0.4987155795097351,0.440151572227478,0.5192455053329468,0.3857060670852661,0.3195381462574005,0.5050982236862183,117.45383522727272,26.64568060506695,13.573107735012307,16.891019018357703,15.930004080211358,15.51715265251936,17.169559922092304,41.83779785013671,metal,激昂,1
0.2567200064659118,94.1856460571289,-32.401512145996094,45.45294189453125,-15.199273109436035,25.88607788085937,-12.390216827392578,19.618541717529297,-6.805022239685059,17.224979400634766,-12.985888481140137,13.681323051452637,-8.688226699829102,2522.124743872352,5088.755539896317,0.1385170449052591,0.229710042476654,0.456546425819397,0.4794265627861023,0.5598987340927124,0.5317528247833252,0.5248848795890808,0.4464152455329895,0.4179427325725555,0.4969276487827301,0.4063542187213897,0.4705983698368072,0.5251363515853882,0.4512024521827698,151.99908088235293,20.956036549413746,12.821289237810884,15.797472269106914,14.85733238203633,16.21745472324432,16.509579043995345,39.05487476191023,metal,激昂,1
-46.60955047607422,86.80200958251953,-34.776668548583984,49.88421249389648,-18.16768264770508,28.716508865356445,-23.47431182861328,15.655808448791504,-8.934667587280273,10.588918685913086,-18.180574417114254,12.433220863342283,-13.548778533935549,2647.101020975536,5304.828659730279,0.1577129555781129,0.1518885046243667,0.4268493950366974,0.4362725019454956,0.3647207915782928,0.4450491368770599,0.4622165858745575,0.3815339803695678,0.520238995552063,0.4048167765140533,0.4278580546379089,0.4475669860839844,0.4441844522953033,0.5324419736862183,103.359375,23.807784003296103,13.797547893650114,16.579541822609045,16.22287533458199,18.151385594657143,18.26162695843401,43.52511130248882,metal,激昂,1
-96.3197021484375,90.94971466064452,-32.21954727172852,54.32833099365234,-23.03435516357422,27.71598625183105,-16.943092346191406,21.053058624267575,-18.197134017944336,22.60837745666504,-9.003788948059082,14.271801948547363,-10.99318504333496,2629.8501440745704,5190.917515588747,0.1590101296645398,0.0882573872804641,0.4659911096096039,0.3684196472167969,0.3971497714519501,0.4603424072265625,0.4128512442111969,0.4918248653411865,0.4132174551486969,0.4732066094875335,0.3792170882225036,0.4281811714172363,0.5037103295326233,0.4197802543640136,123.046875,17.31644574547923,14.099232683677869,17.010793833313077,16.35537557279654,16.607446436810612,17.18660775737404,41.30838759321096,metal,激昂,1
22.829608917236328,60.81942367553711,-6.397702693939209,53.16032791137695,-13.25124168395996,27.90262985229492,-14.308225631713867,29.683225631713867,-17.33041763305664,20.300092697143555,-9.741711616516112,17.123071670532227,-8.250260353088379,3338.530194211536,6670.904725112384,0.1867394443638824,0.2671388983726501,0.4216446876525879,0.4915224909782409,0.5272104740142822,0.5706812739372253,0.6035094261169434,0.58243727684021,0.513633668422699,0.4959019124507904,0.5030328631401062,0.5605281591415405,0.4999050199985504,0.4295142590999603,95.703125,20.09731201481559,12.890917703381083,15.83712686530762,14.879635271211598,14.6769244670137,15.009683086243276,40.29624257615959,metal,激昂,1
-129.66246032714844,104.03298950195312,-26.97075080871582,68.23634338378906,2.4252662658691406,22.5843448638916,-12.082626342773438,17.048145294189453,-5.6711859703063965,13.662890434265137,-2.794212579727173,5.380839347839356,-2.997644662857056,1988.3335983380543,4148.097629060325,0.0923920267788089,0.1332734078168869,0.4127190113067627,0.367688775062561,0.3382496535778045,0.434104174375534,0.592827320098877,0.4226459264755249,0.2987407147884369,0.3877496123313904,0.4409407079219818,0.5074865818023682,0.4581853151321411,0.3974885046482086,117.45383522727272,18.94257153399948,15.952386469316297,17.931264465346462,16.257006027776345,17.030022390377063,19.22808829328452,38.72027835730042,metal,激昂,1
-90.71682739257812,128.03282165527344,-34.7298698425293,73.73096466064453,4.348352909088135,28.087520599365234,-0.521448016166687,17.345399856567383,4.391153812408447,12.304351806640623,2.2642078399658203,5.675271987915039,-6.760372638702393,1443.8328603987698,3286.428103701421,0.0465377725009667,0.2659593820571899,0.197645291686058,0.2535597085952759,0.5305768847465515,0.6762836575508118,0.6031669974327087,0.4165951013565063,0.4690570533275604,0.5864333510398865,0.5346536040306091,0.4908435940742492,0.4423378705978393,0.2713211178779602,151.99908088235293,24.18063441414169,13.700634476776196,16.466836125007983,15.31721734462906,16.102440321654466,18.008961572298084,38.0989965999896,metal,激昂,1
-93.54412841796876,100.64615631103516,-23.339111328125,52.49063491821289,-7.746713161468506,39.5909423828125,-7.766726016998291,26.725873947143555,-12.482563018798828,11.733806610107422,-10.551813125610352,23.023441314697266,-9.955352783203123,2141.580203124421,4683.230201384861,0.0846350390322892,0.1465494632720947,0.4140604138374328,0.3222605884075165,0.3653329312801361,0.4330006241798401,0.5035400390625,0.4425766766071319,0.2468669861555099,0.2367305159568786,0.3613368570804596,0.5294716954231262,0.6484130620956421,0.6192222833633423,89.10290948275862,26.173567460153706,14.63107380200003,15.454630210275374,16.689843231035944,17.979292041660816,17.785951690436633,41.79076904810508,metal,激昂,1
-96.65291595458984,101.7248764038086,-16.83579444885254,47.30033874511719,-27.080928802490234,28.283823013305664,-17.18102264404297,21.641132354736328,-17.88521957397461,7.021393775939941,-14.604522705078123,15.22176456451416,-16.001876831054688,2323.601876230782,5018.635236912703,0.1200435487964037,0.1159599274396896,0.3514425754547119,0.4046998023986816,0.2860017120838165,0.3811365067958832,0.5319302082061768,0.4522742927074432,0.428850382566452,0.3288672566413879,0.431844562292099,0.2837072610855102,0.2422185540199279,0.4387368559837341,135.99917763157896,20.1163377829431,16.198197619255158,18.31382353911746,18.975346991924557,19.21708730631468,18.1890367756426,42.36452662907845,metal,激昂,1
-67.92382049560547,108.93853759765624,-33.8289794921875,50.48988723754883,-21.362123489379883,21.491247177124023,-14.87039279937744,11.620576858520508,-19.260173797607425,10.526651382446287,-13.919647216796877,5.553816318511963,-14.43082332611084,2090.193243882933,4392.865032718242,0.0932858873501546,0.1662312597036361,0.2804508507251739,0.3771418333053589,0.5663641095161438,0.4258351624011993,0.3655721545219421,0.2504917681217193,0.2274092435836792,0.2846207618713379,0.3075712621212005,0.4655413925647735,0.3297946751117706,0.2229427546262741,117.45383522727272,27.07182616103965,16.599402662191885,17.84799144070986,16.44700484525873,16.58544334984128,17.33225047721542,40.73865824410625,metal,激昂,1
-105.01982879638672,80.71131896972656,-28.52495765686035,66.80887603759766,-20.70550346374512,29.1174259185791,-9.361180305480955,22.35022354125977,-12.04578685760498,13.597408294677734,-14.73317527770996,11.056682586669922,-15.270405769348145,2644.877602537062,5176.920100873695,0.1416087375531709,0.0919847041368484,0.3787464201450348,0.3427693843841553,0.4195718169212341,0.44336599111557,0.5501290559768677,0.5149906277656555,0.5224714279174805,0.5495093464851379,0.4514316320419311,0.3836543560028076,0.3378147780895233,0.4385918974876404,172.265625,17.77828397920517,15.514381589215272,15.290345778492291,15.683375193469477,15.583586655699731,17.17128781856638,40.68818690746159,metal,激昂,1
-104.72376251220705,87.75372314453125,-33.24885940551758,48.4742546081543,-28.912521362304688,22.514240264892575,-24.980127334594727,20.53738021850586,-12.062983512878418,18.24912643432617,-15.18617343902588,10.295275688171388,-13.891188621520996,2707.0187382903955,5291.122684345998,0.1608273062886697,0.090460829436779,0.3717463612556457,0.2736391425132751,0.3346855044364929,0.3205119371414184,0.4581767916679382,0.3925648033618927,0.4619973301887512,0.4848105907440185,0.4010781645774841,0.4089438617229461,0.426183819770813,0.5492376685142517,107.666015625,19.260674246962022,13.779452204487136,16.951654962755633,18.40006772145321,17.01105020466918,17.28476103315005,41.2393674067644,metal,激昂,1
-35.46846008300781,94.10063934326172,-24.21721839904785,43.31534194946289,-16.38092803955078,29.513051986694336,-5.864532947540283,28.4454402923584,-13.962112426757812,13.745397567749023,-9.19917106628418,15.588233947753906,-8.497489929199219,2446.248861797538,5192.782727305685,0.1211167856970224,0.1853938102722168,0.5629004836082458,0.6418410539627075,0.5177149772644043,0.4775873124599457,0.5442067384719849,0.5037492513656616,0.5517663955688477,0.4947142601013183,0.5186246633529663,0.4732324182987213,0.52524334192276,0.5399642586708069,151.99908088235293,26.395859957510517,14.538694327302863,16.380471824441095,16.02435347434749,15.771075769875036,16.68029704577869,43.00897821363434,metal,激昂,1
-51.62095260620117,86.17162322998047,-20.27829360961914,59.064002990722656,-10.875287055969238,27.53513526916504,-11.259489059448242,23.94451713562012,-11.56258773803711,13.299591064453123,-9.016209602355955,13.918654441833496,-10.73552703857422,2493.5070129592464,5104.942913011166,0.1281732616734338,0.1881700456142425,0.5053516626358032,0.5261580944061279,0.6645374894142151,0.5875675082206726,0.5357354283332825,0.4916250109672546,0.4748778343200683,0.4406193494796753,0.4818238019943237,0.5455609560012817,0.486668199300766,0.4796886444091797,161.4990234375,24.074661085078585,14.401322934192072,16.19243494271856,15.177380069561954,15.723497937210894,16.948566975412575,42.05972807662485,metal,激昂,1
-82.13018798828125,98.281494140625,-16.52184295654297,68.43462371826172,1.4349230527877808,29.857725143432617,-5.281960487365723,24.396568298339844,-10.477876663208008,14.397420883178713,-7.896055221557617,10.021554946899414,-8.499244689941406,1983.7751575084244,4242.224206061485,0.0862260126643464,0.1860257387161255,0.5764358639717102,0.4862464070320129,0.5236275792121887,0.4309656023979187,0.4727708101272583,0.4437685012817383,0.4401946067810058,0.4464194476604461,0.5295073390007019,0.5790328979492188,0.4460520148277282,0.5272997617721558,112.34714673913044,25.00274954156948,14.606312781066013,17.485389360007186,15.95065266590879,16.35394390221524,17.81327446791825,41.37161347599591,metal,激昂,1
-95.38948059082033,92.07624053955078,-28.034975051879883,52.78475570678711,-3.020197868347168,25.39544105529785,-6.132023334503174,20.092926025390625,-10.223895072937012,12.403390884399414,-8.271536827087402,11.690028190612791,-9.267027854919434,2241.1592830281,4490.771994181409,0.115697354746713,0.13896144926548,0.4911890923976898,0.567154586315155,0.5893081426620483,0.4694332480430603,0.4956544637680053,0.5057382583618164,0.5926013588905334,0.6455467939376831,0.4796518385410309,0.420058399438858,0.4011084735393524,0.4684155583381653,151.99908088235293,24.327525556411523,14.079647597652103,16.42898871768455,15.876154466339576,16.148588325973073,17.587599291180002,40.24998186172113,metal,激昂,1
-66.68023681640625,88.36957550048828,-27.54822158813477,53.18235778808594,-9.19176197052002,27.966815948486328,-8.108184814453125,26.296600341796875,-8.240403175354004,12.689763069152832,-7.128515243530273,13.68277359008789,-8.36914348602295,2375.3719707454475,4898.1542175717805,0.1079656685034802,0.1700824201107025,0.5556800961494446,0.554876446723938,0.6462703347206116,0.5244541168212891,0.5091830492019653,0.5023427605628967,0.4738297462463379,0.506142258644104,0.4822158217430115,0.5378004312515259,0.4386579096317291,0.4635939598083496,143.5546875,24.56111157419578,13.713602476924102,16.780891269087093,15.790403546691795,15.621059997999264,17.018590803299844,41.7620260161201,metal,激昂,1
-94.50770568847656,55.67103958129883,29.266260147094727,27.035043716430664,20.04672241210937,1.1847865581512451,12.946828842163086,-0.7985385656356812,8.866568565368652,-0.6815192103385925,-5.342507362365723,2.208084344863892,-4.613619327545166,3422.0718638777685,7953.037936394287,0.1267201245891338,0.1857833713293075,0.3835271000862121,0.3272173404693603,0.3898005783557892,0.3257210850715637,0.4620557725429535,0.4804469048976898,0.3397779166698456,0.4791314601898193,0.4007169008255005,0.4114338755607605,0.3382504284381866,0.3377639651298523,135.99917763157896,20.816860184080976,17.115676667890277,20.364610831773263,19.89147905997951,19.0293109194691,18.117199187763127,16.80717484232418,pop,欢快,3
-59.16709518432617,45.31407165527344,36.86272048950195,15.699399948120115,15.664841651916504,1.6692802906036377,7.293103218078613,8.811882019042969,5.8277201652526855,7.989068031311035,-2.279585123062134,1.903961181640625,-0.9152529835700988,3702.062802894826,8072.969384425754,0.1493944255123743,0.262244164943695,0.4467497766017914,0.3625298738479614,0.3626063168048858,0.418584942817688,0.4015088081359863,0.5125421285629272,0.4132657051086426,0.5119886994361877,0.4599575400352478,0.3568107187747955,0.3681907653808594,0.3414409160614013,107.666015625,17.730563055296322,15.648287511507652,20.13592936225018,20.199694998219258,19.355986532384406,18.105172487890677,15.982812734934702,pop,欢快,3
-59.60099411010742,62.97367858886719,31.116804122924805,16.918834686279297,8.888801574707031,10.814812660217283,10.55417537689209,5.1616034507751465,5.389708995819092,6.149231433868408,2.2691659927368164,4.246997356414795,4.121748924255371,3214.01967827975,7424.267068318591,0.1188660848076179,0.2150869518518448,0.4758220613002777,0.4334372580051422,0.482867568731308,0.3401733040809631,0.2877033352851867,0.2996880114078522,0.3275806605815887,0.4115637838840484,0.4216259121894836,0.5607322454452515,0.5467191338539124,0.42581307888031,129.19921875,22.32623871564096,14.9371106572056,19.52468084711363,17.972785946907866,16.482773554504845,15.888376007716026,14.965856531069726,pop,欢快,3
-125.87874603271484,126.5924835205078,-23.164230346679688,36.222904205322266,20.94107818603516,-1.1781331300735474,16.492630004882812,-3.644210577011109,6.520102024078369,9.341533660888672,-6.403242588043213,3.8655266761779785,-7.9430036544799805,1837.492825986148,3671.361171784368,0.0853230888679427,0.1293409764766693,0.3730297684669494,0.3387501835823059,0.5640999674797058,0.3675501346588135,0.2707020938396454,0.3219572007656097,0.3861591815948486,0.7105026245117188,0.4413393139839172,0.4023942053318023,0.3287984728813171,0.4135599732398987,92.28515625,24.43062574300197,16.479660012114678,19.29595000681184,19.52961411930135,20.696260822181173,27.088198352560525,20.29357081996644,pop,欢快,3
-20.93232536315918,83.24617767333984,5.052232265472412,16.36214828491211,9.399237632751465,-0.5642671585083008,4.039578437805176,6.204655647277832,9.118701934814451,5.864222526550293,-3.504336357116699,-0.6381916403770447,-3.169013738632202,2753.2347231451085,5986.838327925609,0.1237088680636117,0.211077019572258,0.3801475465297699,0.3578004837036133,0.4270308017730713,0.333430677652359,0.3956971764564514,0.3268187046051025,0.3493560254573822,0.3935334384441376,0.4225370287895202,0.4765819609165191,0.3589263260364532,0.3909797966480255,107.666015625,24.925227195085757,15.165159074827056,17.76289219439138,19.6997109657483,17.8312434689715,17.249719337843615,15.551668699125988,pop,欢快,3
-113.55394744873048,90.01779174804688,-5.54090690612793,25.57149124145508,2.611034631729126,3.191845178604126,1.131387710571289,6.1513776779174805,2.7998387813568115,-1.8603817224502563,-7.114578723907471,-3.446770191192627,-5.915337562561035,2290.14021271062,4748.687475076131,0.1067315593580819,0.1395841538906097,0.2622939944267273,0.4336341619491577,0.2654978930950165,0.2777465581893921,0.2124857306480407,0.2198990434408188,0.5161406397819519,0.3199725747108459,0.3086515367031097,0.240659162402153,0.3818796873092651,0.4397542774677276,112.34714673913044,24.16901407010156,16.385956411606276,19.02559575311201,20.353499625351184,19.337878203805325,19.50593237842313,19.903983547601825,pop,欢快,3
-169.12945556640625,94.6490707397461,24.480030059814453,27.384008407592773,11.639039039611816,14.885311126708984,4.237239360809326,12.38132381439209,10.709880828857422,5.124197483062744,-0.3483767807483673,1.2524843215942385,-4.1571431159973145,2125.387814463357,4978.558165512616,0.067680010755027,0.0939418449997901,0.5529875755310059,0.3799915909767151,0.3228166997432709,0.2577659487724304,0.2783620059490204,0.3521840572357178,0.392217218875885,0.6124788522720337,0.3793782591819763,0.2756549715995788,0.2602578699588775,0.4293572604656219,92.28515625,23.43627743154446,15.816878211108564,16.545885340915085,18.69323778791816,17.636909104436832,17.18755646023129,15.555829988736592,pop,欢快,3
-224.4059295654297,107.35061645507812,-1.5871206521987915,13.89054012298584,8.119407653808594,-9.372529029846191,8.114500045776367,9.291044235229492,9.097890853881836,6.0209808349609375,-6.66242790222168,2.0678560733795166,6.1881632804870605,1967.744332450365,4125.7567226471865,0.0823005033110982,0.0843022614717483,0.1829591989517212,0.2834164500236511,0.4478104710578918,0.2213737070560455,0.1272830367088318,0.1307449042797088,0.1760422587394714,0.2024004161357879,0.2121969163417816,0.497635543346405,0.3331039845943451,0.2055036425590515,129.19921875,19.208875008917836,18.220570476128717,23.54679867015094,25.80774890901152,23.25323737827564,23.878711848124723,17.53201229378505,pop,欢快,3
-52.421504974365234,74.03341674804688,12.680926322937012,24.49555206298828,21.097579956054688,1.903934121131897,6.809505462646484,4.729846954345703,8.409067153930664,8.243972778320312,-2.2749781608581543,-1.1975456476211548,-2.679471254348755,2884.9162662284352,6428.876851163718,0.1212565104166666,0.1954157650470733,0.3686157464981079,0.3845652341842651,0.4113533496856689,0.6037188172340393,0.4557606875896454,0.4011440575122833,0.3386581242084503,0.342710793018341,0.5286706686019897,0.3714435398578644,0.3380084633827209,0.2999356687068939,172.265625,21.67086601035218,15.67582242209727,18.62084432431497,19.671212718115807,19.51931837434789,18.396098538781622,16.016070257122678,pop,欢快,3
-35.28506088256836,61.2667121887207,14.046018600463867,28.64896583557129,4.323976993560791,-1.3649801015853882,-0.7844542264938354,5.128747463226318,5.351768493652344,1.2258380651474,-7.261650562286377,-0.520430326461792,0.2153270691633224,3279.531912724864,6952.518387017836,0.1727420485305491,0.1596375852823257,0.4116412997245788,0.5412406325340271,0.4128662049770355,0.4376040995121002,0.4245624244213104,0.376971423625946,0.523655116558075,0.4097740352153778,0.4324963986873626,0.4673024415969848,0.5129992365837097,0.504783034324646,107.666015625,21.466471930456645,13.392229064690026,16.907452145182976,18.20709538709854,18.083560310774303,16.45110454655437,14.994681422147613,pop,欢快,3
-111.2094955444336,103.16529083251952,10.905522346496582,34.35730743408203,22.33989906311035,17.869792938232422,6.807889938354492,6.331836700439453,5.493647575378418,0.6140276789665222,0.338711678981781,3.830157518386841,2.037150859832764,1900.384454029494,4189.7318191705335,0.0661728719547563,0.1839577704668045,0.3089395761489868,0.4189224541187286,0.3174811005592346,0.3178686499595642,0.4953083992004394,0.3815281987190246,0.4078611731529236,0.3210037052631378,0.4017965495586395,0.4834008812904358,0.3348454236984253,0.3471400737762451,107.666015625,24.41262464902862,17.589617611871212,21.20143766678961,20.58706861382816,21.338418177156107,19.083820341767236,16.459584285716474,pop,欢快,3
-240.68844604492188,97.1330337524414,0.4079643785953522,-0.2715408205986023,-10.476205825805664,-15.742857933044434,1.377421259880066,-17.87753677368164,-9.086610794067385,-8.762850761413574,-14.263193130493164,-5.500077247619629,-8.35724925994873,2200.3688928200886,4626.45781975058,0.0870847532385924,0.0557568371295928,0.1731383800506591,0.1454895883798599,0.2798482179641723,0.0980217307806015,0.1808736026287078,0.2934262454509735,0.1659585237503051,0.3710117042064667,0.2148853540420532,0.4337353706359863,0.2366406619548797,0.1147632077336311,123.046875,19.78095496282796,22.407180995855484,25.212909265418578,24.243812555691733,21.824050802510165,21.77437761454886,16.92353462797248,pop,欢快,3
-50.826904296875,80.23307037353516,-9.29802417755127,20.28350067138672,12.08759307861328,6.78058385848999,6.277933120727539,3.4262053966522217,-3.956076860427856,2.573789119720459,-5.701187610626221,0.4910229742527008,-0.5715530514717102,2679.229420619229,5533.591880709832,0.1258851749806651,0.1641547083854675,0.4202108979225158,0.3592223525047302,0.4113391935825348,0.4132592380046844,0.3619582653045654,0.4871742725372314,0.3376805782318115,0.3463908731937408,0.3345122933387756,0.3910907208919525,0.4163718819618225,0.3507572710514068,99.38401442307692,22.221432225892208,15.900942757428664,18.909906663083696,18.7682864325913,19.284349820088963,18.562567680519283,15.929648976477385,pop,欢快,3
-161.62132263183594,85.57525634765625,53.263668060302734,32.20747375488281,27.1820068359375,11.316001892089844,7.889789581298828,8.760384559631348,1.26019024848938,13.195226669311523,0.0655040815472602,4.827263832092285,3.107736110687256,2150.030333919017,5224.7411316342805,0.0516445221867749,0.1730195134878158,0.5437066555023193,0.3790553212165832,0.3295861780643463,0.2289411723613739,0.2465620338916778,0.3245984017848968,0.3156605362892151,0.360199362039566,0.3471965193748474,0.3783988058567047,0.4118204712867737,0.4083011150360107,143.5546875,24.756397374473057,20.5410252938572,22.328423273626843,20.08804015881189,20.123605230371464,19.32801783284864,16.434112636017947,pop,欢快,3
-135.3438720703125,107.81293487548828,-13.434144020080566,19.037147521972656,8.818380355834961,12.483625411987305,1.0202107429504397,11.32114601135254,2.55645751953125,1.2326732873916626,-6.387117385864258,5.866214752197266,2.8857545852661133,1997.9152625255451,4139.121297672564,0.0880261957414926,0.0780255049467086,0.5171506404876709,0.5005013346672058,0.4706856608390808,0.5539350509643555,0.4125929474830627,0.3390912711620331,0.3047385215759277,0.3744479417800903,0.4139179587364197,0.378935843706131,0.4165762364864349,0.4294254183769226,117.45383522727272,15.986978910976816,15.38252088491276,17.78533103612863,16.279433504815614,18.07766986119989,17.104984615317576,16.650299075197854,pop,欢快,3
-45.799072265625,65.26661682128906,12.929743766784668,14.511338233947754,7.017360687255859,4.410113334655762,6.603431701660156,3.292152404785156,7.733731746673584,4.053466320037842,3.658237457275391,2.600369453430176,4.050683498382568,3207.617470903022,7020.323829031323,0.1415838136842614,0.1960698068141937,0.5424721837043762,0.4211979508399963,0.4234032928943634,0.4012938439846039,0.3016200065612793,0.3129729926586151,0.3608659207820892,0.4459770321846008,0.3432204723358154,0.3256833255290985,0.3634347021579742,0.3987578749656677,103.359375,23.442346998267848,14.433133210272103,18.54274644051236,17.63641213434086,17.439585912344008,16.126582132604725,15.60506427239171,pop,欢快,3
-97.05398559570312,51.83452224731445,18.751598358154297,20.48731803894043,5.610611438751221,3.575838088989258,5.573987483978272,0.7409076690673828,7.338095188140869,1.6581377983093262,-2.697901725769043,-0.441958338022232,-1.0840603113174438,3488.897943286259,7496.760520138486,0.1533135150812065,0.1465684175491333,0.3961113095283508,0.4426928460597992,0.4083991646766662,0.486187070608139,0.3533450365066528,0.3263420760631561,0.3720000684261322,0.3003985583782196,0.3348680734634399,0.3343522846698761,0.4505550563335418,0.4604808092117309,112.34714673913044,20.60809869420229,17.346992491520624,18.429138548720356,18.216105027988807,17.69879739152071,16.50860776508745,15.238965079725702,pop,欢快,3
-53.10432815551758,78.314208984375,2.2618343830108643,18.830137252807617,3.8708808422088623,2.512383460998535,-3.809051513671875,6.806990146636963,-0.8187624216079712,8.751581192016602,-4.802149772644043,-2.1515331268310547,1.293491005897522,2789.387717206825,6113.039884987674,0.1261634915168213,0.1430694460868835,0.3998671174049377,0.4912093877792358,0.3689985871315002,0.4555045664310455,0.3702892065048218,0.4068030416965484,0.6273548603057861,0.4445613324642181,0.4018817245960235,0.3903021812438965,0.443855881690979,0.4236867129802704,112.34714673913044,17.374066809471444,15.37867248991434,16.574877665161136,16.819879245748137,16.745714325237614,16.867157492034316,16.74849243574557,pop,欢快,3
-48.960479736328125,62.627906799316406,34.22712326049805,12.32216739654541,16.56319808959961,8.615025520324707,8.765819549560547,5.259592056274414,6.799548625946045,9.06004810333252,-4.081069946289063,-0.7451284527778625,-0.3800390958786011,3433.985232506732,7932.862007866879,0.1276717632202242,0.2074343264102935,0.4744384586811065,0.3862726986408233,0.3673581779003143,0.485781580209732,0.3925994038581848,0.3672147989273071,0.3067304193973541,0.4294497668743133,0.5332220792770386,0.3810215592384338,0.417372465133667,0.3786404430866241,123.046875,22.282596102079104,15.40884231532111,19.580195368113667,19.40673205163242,18.547870113222864,15.990152127840828,14.831899563216918,pop,欢快,3
-25.1206169128418,70.80852508544922,2.9293947219848637,7.533096790313721,1.4523046016693115,2.8564467430114746,1.9144237041473389,-6.821269512176514,0.2993656396865845,-1.9430240392684937,-6.645997047424316,-0.2467815577983856,-0.7579963803291321,3131.3254325021653,6553.363079593242,0.1559867888389404,0.2108652293682098,0.4867617487907409,0.3867388963699341,0.4956474304199219,0.4985442161560058,0.3175034523010254,0.2853391170501709,0.2972627878189087,0.4751251339912414,0.2972032725811004,0.2459742575883865,0.3674590289592743,0.3655936121940613,92.28515625,20.29324484411627,15.376010243261057,18.32897188293945,18.34540675415185,18.79836363791656,17.337539452659776,15.49440597125204,pop,欢快,3
13.437182426452637,58.2346305847168,-2.180756092071533,5.017562389373779,8.057977676391602,-0.4925696551799774,4.0949907302856445,2.251335620880127,4.302014827728272,3.597891092300415,-0.4968401491641998,2.4198663234710693,1.8900309801101685,3486.4421684913805,7442.561131453016,0.1796414286059551,0.2480057328939438,0.5206365585327148,0.3345378339290619,0.4229519069194793,0.4603126049041748,0.3468056619167328,0.3947715759277344,0.3766993880271911,0.5040978789329529,0.4142972826957702,0.3755456209182739,0.4150615334510803,0.3822040855884552,107.666015625,19.844530625308757,14.422671314575078,17.736340850772635,17.112052157218816,17.571596998263587,16.70113305319938,14.656235835503356,pop,欢快,3
-23.213329315185547,53.82878875732422,-0.6723453402519226,14.730805397033691,4.880046367645264,6.732577323913574,4.846349716186523,4.953851222991943,4.270914077758789,3.113792181015014,2.547735929489136,2.987114667892456,4.636804580688477,3501.766517712412,7199.7089005401685,0.1869195759619102,0.1935178786516189,0.6543007493019104,0.4507969915866852,0.5226454138755798,0.5713005065917969,0.49354949593544,0.4729717671871185,0.4221669137477875,0.5485239624977112,0.494904100894928,0.4426013827323913,0.4806633293628692,0.4998913705348968,99.38401442307692,17.93612144581252,14.06119787331118,16.244162539021694,15.527824148427564,16.11545120057711,16.130837501778988,15.055293390145302,pop,欢快,3
-45.73050308227539,65.27396392822266,12.928244590759276,14.523944854736328,7.032851219177246,4.39462947845459,6.623768329620361,3.2991151809692383,7.727779388427734,4.060050487518311,3.662517547607422,2.602133750915528,4.048970699310303,3206.647958001011,7019.799238235933,0.141530944871423,0.1960384547710418,0.5441749095916748,0.4202542304992676,0.424197793006897,0.3997324109077453,0.3009492754936218,0.3129409253597259,0.3633809089660644,0.4459863305091858,0.3425821363925934,0.3254237473011017,0.3631805777549743,0.4008638858795166,103.359375,23.427457594901057,14.39237427713462,18.54317992856561,17.70684961308098,17.460988308478786,16.11621392873518,15.600141017657933,pop,欢快,3
-44.2902717590332,51.35346603393555,24.983470916748047,12.159331321716309,10.877900123596191,7.619054317474365,8.214765548706055,-0.7635586857795715,5.949929237365723,4.75514554977417,-2.5091753005981445,1.3244870901107788,-1.9542975425720213,3758.780588780962,7853.9235834179235,0.1775614184551431,0.2106792479753494,0.4563663303852081,0.3627390265464782,0.4042092561721802,0.4088915586471557,0.4726528525352478,0.4008703529834747,0.3425294756889343,0.4554622769355774,0.3682424128055572,0.3500531315803528,0.3167308866977691,0.381491869688034,103.359375,21.276160530564518,16.54400056633293,19.53733801969129,18.229398635790947,18.10853097959385,16.497480838639554,15.026621213355012,pop,欢快,3
-40.90408706665039,61.53999328613281,9.868572235107422,10.098779678344728,8.45436954498291,5.371933460235596,8.382929801940918,3.518721342086792,8.250459671020508,5.878693103790283,-0.0978313982486724,-0.5606231689453125,0.5559625625610352,3301.0929850079237,7301.571110063805,0.1444462822650812,0.2074142694473266,0.3589239716529846,0.4472217857837677,0.3490358293056488,0.3947084546089172,0.4625079929828644,0.3737715780735016,0.4397764801979065,0.4221386909484863,0.5127318501472473,0.4401406049728393,0.3342791795730591,0.3980457186698913,117.45383522727272,23.540845701705045,14.645395200157958,19.146656355837028,18.610427343338745,18.27655279112527,16.59347908730818,15.365955043762083,pop,欢快,3
-106.8271942138672,81.0334243774414,47.80903244018555,13.651415824890137,13.011486053466797,6.8780903816223145,7.586581707000732,-2.6358704566955566,-2.5064446926116943,1.8714426755905151,-5.137115478515625,-2.7479076385498047,-3.665784120559693,2927.9899764980723,6815.933262942285,0.1056855121326372,0.189598262310028,0.3346549570560455,0.3204969763755798,0.4364912509918213,0.3197585046291351,0.3421018123626709,0.2535892724990845,0.3360491096973419,0.447381854057312,0.3003870546817779,0.3151165843009949,0.2693767547607422,0.2880506813526153,151.99908088235293,23.734989815977592,18.811218817129166,21.15540932787897,19.425882541792564,18.62050188810052,17.503728393345042,15.824221438496052,pop,欢快,3
-73.37297821044922,97.49156951904295,16.854249954223633,-0.5943871736526489,7.181828022003174,4.867854595184326,0.7571249008178711,-5.54803991317749,0.998406946659088,4.928650379180908,-5.832594871520996,-4.9275803565979,-0.031149785965681,2525.5919589591927,5552.801896026682,0.1034944774748646,0.1956260353326797,0.4636068940162658,0.2873749434947967,0.3163802027702331,0.245849534869194,0.3232415616512298,0.2670743465423584,0.2503437399864197,0.5415582060813904,0.3911060988903045,0.3471083343029022,0.2441636174917221,0.341732382774353,151.99908088235293,23.05419348222171,16.148042456468126,20.40410096189285,20.438198591531567,20.543939809538927,17.858626277131354,15.555748875963232,pop,欢快,3
-75.35942077636719,83.3507080078125,10.695161819458008,14.46049976348877,14.239106178283691,7.397377014160156,5.280898571014404,-0.393231987953186,5.7210798263549805,3.3658254146575928,-2.52267861366272,-4.216174602508545,-1.8445048332214355,2682.284140975676,5956.0789882721865,0.1018672509425754,0.1579022854566574,0.3002365529537201,0.3792578876018524,0.4703218936920166,0.3255313634872436,0.3427848517894745,0.3140673339366913,0.4426756799221039,0.4012274742126465,0.3395589292049408,0.4199552536010742,0.3728894889354706,0.4228369295597076,83.35433467741936,22.257477745810696,15.955906319074456,18.06029938103098,18.04935103235328,18.72027369524662,17.201134480400686,15.138923545184584,pop,欢快,3
-45.62334060668945,74.72908020019531,15.965052604675291,14.79288387298584,8.999276161193848,8.206912994384766,5.683764457702637,5.250795841217041,5.3961920738220215,2.4387598037719727,0.7776869535446167,1.175240159034729,-2.3549675941467285,2945.965778597113,6654.684044645446,0.1212074179476024,0.1945477128028869,0.3218027353286743,0.2433369904756546,0.3653145432472229,0.4600415527820587,0.3090393841266632,0.3542706072330475,0.3034316897392273,0.4589678645133972,0.3423933088779449,0.3019526302814483,0.4330670535564422,0.2997479736804962,99.38401442307692,21.29323271452337,15.482981042403711,19.255323317683256,18.948777844292927,17.729265968939433,15.698660809863444,14.695529790506884,pop,欢快,3
-40.52333068847656,73.4902572631836,22.620023727416992,12.34980583190918,14.86184024810791,8.94253921508789,5.301320552825928,9.018853187561035,2.085467576980591,4.299256324768066,-3.13757586479187,1.8477221727371216,2.0355570316314697,2988.4872553900304,6919.161073901537,0.1115192079949729,0.2340933382511139,0.3696463704109192,0.4693466126918793,0.3367301523685455,0.3693676292896271,0.3380904197692871,0.3375869691371918,0.32826629281044,0.3539865016937256,0.4473731219768524,0.3054988384246826,0.3234619796276092,0.2769366502761841,161.4990234375,21.355116140072887,16.937597920830612,19.91724580751865,19.38934856581336,18.740266549932457,16.74057127653005,15.671260880964969,pop,欢快,3
-18.16848945617676,72.28312683105469,-4.891368389129639,-0.3764029145240783,1.6872769594192505,-0.9244457483291626,-1.32867431640625,-0.3421870172023773,0.6516298651695251,-0.1865061670541763,-1.224008321762085,-1.0513291358947754,2.5230042934417725,3070.672740776136,6653.076964907193,0.1486791860015467,0.2030930370092392,0.4007238745689392,0.5337439775466919,0.2912388443946838,0.3724240064620971,0.2601058781147003,0.3724288046360016,0.2567166984081268,0.2897093296051025,0.4684753715991974,0.3215636014938354,0.441122829914093,0.2833118736743927,95.703125,17.128993701014466,15.240058004091187,18.90024370628479,18.53491741390861,18.59857313391601,16.449350903165016,15.306145634179993,pop,欢快,3
-18.84539031982422,71.3256607055664,-3.7668960094451904,-1.4087265729904177,0.7054630517959595,-1.0589547157287598,-1.0548250675201416,-0.247420847415924,0.6257232427597046,0.4270431995391845,-1.5037423372268677,-1.0761550664901731,2.4198708534240723,3110.8981962269786,6744.988602994489,0.1528573327532869,0.1983218044042587,0.4127974212169647,0.5374293923377991,0.3010019958019256,0.3794880211353302,0.2696349620819092,0.3801683187484741,0.264904260635376,0.3030254244804382,0.4735967516899109,0.3320732116699219,0.445475161075592,0.2937102019786834,95.703125,17.23386190385255,14.865518132610864,18.24121663926705,18.56331994607732,19.586907503664804,17.00706434135334,15.156098914568132,pop,欢快,3
-113.16300201416016,41.59798431396485,21.517518997192383,11.09809398651123,17.437097549438477,0.6096571087837219,3.029892683029175,0.0852505564689636,3.4522666931152344,0.2873941957950592,0.6187022924423218,1.261582374572754,2.89807677268982,4225.461048306688,8483.38257685615,0.2286406219789249,0.0978605300188064,0.4436196088790893,0.4933563768863678,0.373925119638443,0.4782633781433105,0.4769025146961212,0.344425767660141,0.3899815082550049,0.4033538699150085,0.4914372861385345,0.3833491206169128,0.3909380137920379,0.4516783654689789,95.703125,18.65761741349112,15.536690252120753,18.645362051414747,17.341269828987894,17.7528631598983,16.97950166568722,15.764407064162812,pop,欢快,3
-68.98023986816406,73.76139831542969,-12.468052864074709,9.55056858062744,-0.0406108014285564,12.724538803100586,3.163581132888794,-0.0743203312158584,2.53292179107666,2.8792171478271484,-1.6728500127792358,-3.0156917572021484,1.6231787204742432,2835.1193752816057,5944.9793131888055,0.1370099061049884,0.139895811676979,0.5449849367141724,0.3509768843650818,0.3880208432674408,0.3377131819725036,0.3912190794944763,0.4301841855049133,0.4479203522205353,0.5320002436637878,0.4041783809661865,0.4189034402370453,0.3539358973503113,0.4763958156108856,99.38401442307692,18.068244628045893,15.147921246365373,17.45593380793209,17.17473676795108,18.044150244581505,16.158495678689352,15.8405341946667,pop,欢快,3
-59.55325698852539,77.30152893066406,26.37185287475586,3.185246229171753,6.758668422698975,-0.0502680465579032,-0.6197856068611145,-0.6796597242355347,4.14129114151001,-0.443450391292572,-4.536903381347656,-3.5553581714630127,-2.1957290172576904,3141.575395070785,7236.996481202871,0.130993435203983,0.1875195950269699,0.3577995598316192,0.2654456198215484,0.3487511873245239,0.3038535416126251,0.2986215949058532,0.4752451181411743,0.2992289364337921,0.3152228593826294,0.2666518092155456,0.3970298767089844,0.4743725061416626,0.2893404364585876,95.703125,23.89555347758977,15.98349873111369,20.165247237728327,19.721156773904184,19.16820236319072,16.842869382152273,15.25816091601152,pop,欢快,3
24.324636459350582,68.9615249633789,-4.2270355224609375,-1.0471315383911133,5.240407943725586,2.989914655685425,4.333371639251709,4.280864238739014,6.430776596069336,3.631894826889038,0.1111218184232711,-0.0104047944769263,2.062168836593628,3194.081550595304,6993.553044790458,0.15931563587587,0.28242227435112,0.3549329936504364,0.4344771802425384,0.3412652611732483,0.4730932712554931,0.3754351437091827,0.2964424788951874,0.4153606295585632,0.3846191167831421,0.531369149684906,0.3547718822956085,0.4875690340995788,0.4939537048339844,107.666015625,18.405759742575487,13.474549629601867,16.94407006798913,18.18218533333327,18.61891084816992,16.45455736575836,14.579208709379628,pop,欢快,3
-44.171142578125,76.1800537109375,22.907930374145508,16.796279907226562,22.996109008789062,3.2776119709014893,6.90578031539917,0.0950685068964958,6.495517253875732,6.542290687561035,0.8548564314842224,2.7227675914764404,4.514956474304199,2944.414729189786,6878.242991861224,0.1150565092082366,0.2565145194530487,0.4178082644939422,0.3586180508136749,0.4490506649017334,0.4081724286079407,0.4762353301048279,0.4027615189552307,0.3568688929080963,0.4176355302333832,0.3593493700027466,0.3840136229991913,0.3105304837226867,0.3944181501865387,99.38401442307692,22.7445634112537,16.130450511181778,20.49320440291008,18.71383660141101,18.618564541256543,17.541091157746326,15.848432560894382,pop,欢快,3
4.7703776359558105,64.47057342529297,-2.4510316848754883,10.431800842285156,3.252835273742676,7.833549499511719,3.102925062179565,1.4057888984680176,6.74539041519165,4.880411624908447,3.276714324951172,1.748433232307434,3.3328585624694824,3237.8331637065016,6701.355971758991,0.1648056844547563,0.2408423870801925,0.5543098449707031,0.4820645451545715,0.4842319190502167,0.445439338684082,0.3602271378040313,0.3668509125709533,0.4201533794403076,0.5202144980430603,0.4546140134334564,0.4515778422355652,0.4284689724445343,0.4554726481437683,103.359375,19.08268071063209,12.937188592452571,16.319681841076914,15.669453077715284,16.69150041068512,17.194758169738748,15.716170289038285,pop,欢快,3
-15.759889602661133,59.259124755859375,-1.6016733646392822,12.559829711914062,8.738308906555176,3.9566612243652335,2.043591022491455,4.22416877746582,4.979794502258301,2.8969738483428955,2.32946252822876,1.988552808761597,1.715372085571289,3267.766911666797,6921.259437083092,0.1465032567188708,0.2216866314411163,0.3209578692913055,0.4471371471881866,0.3371379673480987,0.410076379776001,0.4888334572315216,0.360750287771225,0.4053408801555633,0.3564781248569488,0.5366020202636719,0.436646819114685,0.3574898838996887,0.3504827916622162,92.28515625,24.168813641912877,15.121671371628947,18.48416086397716,17.552244100488046,17.65705036609414,16.10885423092388,14.876071360882692,pop,欢快,3
-19.463871002197266,51.93025970458984,36.985618591308594,13.08738899230957,14.58127784729004,3.204186201095581,15.301875114440918,-0.7822042107582092,7.234364509582519,10.400960922241213,-0.3791037499904632,6.22635555267334,-1.1840757131576538,3934.676108620981,8525.399801515372,0.1871117918600154,0.2796709239482879,0.3900038599967956,0.3441585898399353,0.3143240809440613,0.4259186089038849,0.4463906586170196,0.3264261782169342,0.3446492850780487,0.3151552081108093,0.4579370021820068,0.3846192359924316,0.3767721652984619,0.4822975993156433,83.35433467741936,21.222074359904244,16.91877281187714,19.919327501805103,19.32255572833861,19.11641561871728,19.24839049631633,17.409316404440716,pop,欢快,3
-76.91048431396484,113.3077163696289,-6.224120140075684,19.930395126342773,15.107154846191406,-3.2840230464935303,4.783031463623047,1.013845443725586,2.294792652130127,-0.0140448594465851,-3.773473739624024,4.239926815032959,2.301614761352539,1962.10174151712,3820.6530506815534,0.095775630800464,0.1992373019456863,0.3091225326061249,0.2416347861289978,0.3977442979812622,0.3626700341701507,0.2199430465698242,0.3183968067169189,0.1783334612846374,0.2102838605642318,0.1617106199264526,0.2828200757503509,0.5483586192131042,0.2762609720230102,129.19921875,22.520935174036136,16.509051949837215,20.862014211930536,20.880483078026465,22.67812490043497,21.77201664192665,16.705854931446382,pop,欢快,3
-204.7189483642578,101.62683868408205,26.38164710998535,9.19034481048584,10.47122859954834,5.117076396942139,-9.461806297302246,9.30616855621338,-12.484944343566896,-2.479727506637573,6.222000598907471,-9.485393524169922,-2.5450127124786377,2053.421991383234,4506.518044881091,0.0753308832414926,0.0833150893449783,0.2279378473758697,0.2157378494739532,0.4068931937217712,0.3273020684719085,0.2076305598020553,0.4090548753738403,0.261819988489151,0.2503694295883178,0.1946910619735717,0.2755992710590362,0.3754805326461792,0.2356248795986175,107.666015625,25.635319987637544,19.60752504518172,23.800871375400945,22.64352092152311,21.51518224606972,20.75900875723269,18.11077442494704,pop,欢快,3
-37.08651351928711,68.898681640625,10.490167617797852,23.945831298828125,15.357447624206545,3.5560462474823,11.680304527282717,2.919626235961914,2.5507562160491943,4.755030632019043,-1.5914154052734375,2.562260627746582,-1.0137555599212646,3001.3998390078727,6442.932553744925,0.1436721317913766,0.2234469503164291,0.3524558246135711,0.4652610719203949,0.3230678141117096,0.409151554107666,0.4956604242324829,0.2868934571743011,0.332459419965744,0.3351386189460754,0.4593499302864074,0.3588992357254028,0.3599033653736114,0.3766908645629883,92.28515625,16.80756693015696,15.429971945922018,19.12871480570224,19.18913281214163,19.959597207397948,19.440821343580108,15.144540432948572,pop,欢快,3
-50.85370635986328,68.05084228515625,12.076207160949709,36.321773529052734,8.664505004882812,19.501598358154297,10.716681480407717,12.310911178588867,1.658845067024231,10.158865928649902,4.832503318786621,1.6959491968154907,2.7262327671051025,2702.9067305248905,5775.678042524652,0.1032505256670533,0.2541884779930115,0.4968131482601166,0.5988526344299316,0.4433737695217132,0.4513609707355499,0.3704205453395843,0.4826967120170593,0.4799941480159759,0.4408822357654571,0.5148811936378479,0.442377895116806,0.4999068677425384,0.4605776667594909,135.99917763157896,22.622416463032668,14.818618927347536,19.379402479087297,18.269881242823928,18.07942404822401,16.512004742008074,16.76897951150148,pop,欢快,3
-47.97561264038086,54.154396057128906,-3.960096120834351,21.49443817138672,13.905075073242188,5.998558521270752,13.758749008178713,1.0650277137756348,6.729171276092529,6.220572471618652,1.6177513599395752,0.4570346474647522,2.4155867099761963,3145.363680952142,6691.938317956062,0.1356051062209976,0.2226998656988144,0.4899458587169647,0.4452520310878753,0.4780446588993072,0.5057555437088013,0.3923179805278778,0.3581463098526001,0.4325400590896606,0.5636427998542786,0.4795622527599334,0.4008158445358276,0.4622654616832733,0.4660176336765289,117.45383522727272,24.246338739905685,15.647446106577384,18.95027956158748,17.68825645749698,17.511690093704573,18.535468960631647,15.569790409826489,pop,欢快,3
-71.62303924560547,81.1082992553711,16.360794067382812,8.947615623474121,13.826505661010742,-0.7539970874786377,12.511420249938965,-0.6541831493377686,3.0359156131744385,3.063342332839966,-3.2248902320861816,-1.3291912078857422,-0.6551507711410522,2843.3506413882114,6481.061145047854,0.1249614812935034,0.2022344022989273,0.4212678670883178,0.4014855623245239,0.3599680364131927,0.4066269695758819,0.3887675106525421,0.5051565766334534,0.3611171543598175,0.4683301150798797,0.5160040855407715,0.3773203492164612,0.4040103554725647,0.3437241613864898,117.45383522727272,22.05267947117399,15.737591165106904,19.302264042455,19.19881452545081,19.403705138818832,19.44543646236994,16.053280365838347,pop,欢快,3
-72.1441421508789,81.28120422363281,16.711231231689453,8.694822311401367,14.17661190032959,-1.047951579093933,12.842172622680664,-0.5259742736816406,3.1425321102142334,3.15866494178772,-3.4713525772094727,-1.1356595754623413,-0.681559145450592,2838.5120944344094,6486.948219529438,0.1221488604505027,0.2033421695232391,0.4269467294216156,0.4044933319091797,0.3623273968696594,0.4079087674617767,0.3913876414299011,0.4995982944965362,0.3566977083683014,0.4729066789150238,0.5193692445755005,0.38177689909935,0.4092530012130737,0.3486685454845428,117.45383522727272,23.286126331156836,15.785867326630944,19.59630418474272,19.19952110495147,19.41873477137751,19.18414345863143,16.08997667345483,pop,欢快,3
-45.02928161621094,69.75469970703125,11.8738374710083,8.160097122192383,12.59626293182373,7.7551703453063965,11.303385734558104,0.2508941292762756,9.658153533935549,2.805539608001709,3.856647729873657,-0.8445407748222351,2.099679708480835,3151.342623244136,7293.569018724623,0.1273545503431941,0.2157329320907592,0.3920712769031524,0.4281582832336426,0.5237887501716614,0.3855544328689575,0.3662267923355102,0.4331127405166626,0.444055825471878,0.5912672281265259,0.4372669160366058,0.4134067893028259,0.4219754934310913,0.3640044927597046,112.34714673913044,26.15527749139508,15.999002841973498,18.27041689803502,18.272482291123588,18.35681746117423,16.226962117850096,15.919122902510992,pop,欢快,3
-52.64209365844727,47.78413391113281,13.462857246398926,2.2205729484558105,13.260102272033691,9.145648002624512,14.45252799987793,0.8663764595985413,9.46213722229004,6.998185157775879,-0.6944441199302673,1.7346819639205933,8.505542755126953,4052.736284626131,8382.994217662414,0.2106100909947796,0.1565038710832595,0.5633132457733154,0.5011638402938843,0.588146448135376,0.4147763252258301,0.3726293444633484,0.3828179836273193,0.3769952356815338,0.4755672812461853,0.4296554923057556,0.5217753648757935,0.4637621939182281,0.4891572594642639,129.19921875,16.665608865670826,12.493381600535796,16.595583850352693,18.15909612089159,19.20239383181797,18.09013976238848,16.2531621526547,pop,欢快,3
-170.91998291015625,105.89472198486328,31.076892852783203,22.25329971313477,12.815128326416016,-5.158370018005371,11.237187385559082,-2.101557493209839,-0.1528550684452057,5.080048561096191,-11.545418739318848,-3.6124885082244873,1.3871291875839231,1988.190131263531,4267.096471233323,0.0661139609918793,0.1474219113588333,0.2730423510074615,0.3933506309986114,0.2520065307617187,0.3111113309860229,0.2276300936937332,0.3447853922843933,0.4178504049777984,0.2949029207229614,0.3899100422859192,0.3177127838134765,0.3499191403388977,0.3010899424552917,117.45383522727272,21.451387547196948,18.38400317173713,21.692551938360435,21.24619893971377,20.260431557543477,22.817706790287684,16.795732641264806,pop,欢快,3
-78.15640258789062,65.98365020751953,24.55834579467773,25.632707595825195,13.826037406921388,3.5993831157684326,16.210996627807617,0.5761337280273438,3.310032844543457,4.155045509338379,2.710868120193481,3.6452019214630127,1.3963098526000977,3046.523748324695,6630.777692684164,0.1186259093435808,0.2083025574684143,0.4535827040672302,0.5033271312713623,0.4176360964775085,0.3704126477241516,0.4169426262378692,0.3560253977775574,0.3709631860256195,0.334245502948761,0.4061627089977264,0.4680118262767792,0.4069441258907318,0.463617205619812,143.5546875,25.000564380273737,16.586386008382092,19.972229649990886,18.712884261741745,18.604045156794665,18.44152354593589,15.73300882984564,pop,欢快,3
-14.192339897155762,44.35686111450195,12.703166961669922,10.150148391723633,11.26891040802002,3.966003179550171,12.500946998596191,-2.16764760017395,10.71873664855957,2.298257112503052,5.04768705368042,-0.8659440279006958,3.80293607711792,4157.988001710874,8677.730976290602,0.2300956472351121,0.2131502479314804,0.4192897081375122,0.4749443233013153,0.547135591506958,0.4212129712104797,0.4414770007133484,0.4326259791851043,0.4765495657920837,0.5810176730155945,0.4197000563144684,0.4015771150588989,0.3757323324680328,0.3730001449584961,112.34714673913044,18.549394464206387,14.329349305823133,17.28230611122512,18.082264067145665,17.984717321347315,16.866022923706346,17.717471531569593,pop,欢快,3
-39.89364242553711,35.58135223388672,8.92684268951416,15.07834243774414,15.204771041870115,10.564199447631836,21.816221237182617,10.004616737365724,13.96925163269043,16.55245018005371,1.4722148180007937,3.2634708881378174,0.0665729269385337,3663.396966933648,7777.549825079756,0.1560256851798143,0.3213882744312286,0.4187863171100616,0.4175314903259277,0.4675292074680328,0.5517488121986389,0.6277549266815186,0.5849552154541016,0.5534483194351196,0.549182653427124,0.5356541275978088,0.5483001470565796,0.5008397698402405,0.5188297033309937,103.359375,20.724619269296756,14.140780183210804,18.48843337910549,17.005094683967613,17.91709469795988,18.86494653946759,14.70213220310131,pop,欢快,3
-145.93051147460938,62.57326889038086,-23.07182884216309,-18.75653648376465,-14.746655464172363,-28.404939651489254,3.140660524368286,-24.918981552124023,-13.63536262512207,-4.609606742858887,-24.37455368041992,-15.802279472351074,-17.456960678100586,2638.945071813565,5625.495191959107,0.1069275515999613,0.1720789521932602,0.2595723271369934,0.2084553390741348,0.2256050556898117,0.2426842302083969,0.2648161649703979,0.2850777506828308,0.3637548387050628,0.2665807008743286,0.23219595849514,0.2810148298740387,0.3097001314163208,0.3891001641750335,129.19921875,21.28682727997168,20.558065793969007,23.088803278725287,20.49020443265275,20.30035348620769,25.302925609983493,17.153000179271046,pop,欢快,3
-46.88898086547852,55.89151763916016,26.0801944732666,16.541316986083984,7.097384929656982,-3.3452632427215576,9.254672050476074,-0.8496662378311157,8.30774974822998,7.121686458587647,-0.54325270652771,1.7571971416473389,-1.830214023590088,3497.720405933398,7662.173157446346,0.135989538017208,0.2734076380729675,0.4995027482509613,0.4163395762443542,0.3598726689815521,0.4521950185298919,0.4149669408798218,0.4168122410774231,0.3705133199691772,0.4578144252300262,0.3406451046466827,0.2682724297046661,0.3310180604457855,0.3554569482803345,129.19921875,18.829214859819544,16.51174437393951,19.981798751264463,19.54944031218799,17.86581353880692,19.110079597973968,17.242375668198537,pop,欢快,3
-56.15306091308594,36.44850158691406,11.979399681091309,-6.415675163269043,3.7821662425994873,5.288355350494385,3.3959648609161377,4.261923313140869,7.989973068237305,5.857593536376953,1.588274359703064,4.853725433349609,0.4957747757434845,3941.417696318185,8260.423161977958,0.1674797134812451,0.2407238781452179,0.4564961493015289,0.418168693780899,0.3887123167514801,0.368366003036499,0.3409469723701477,0.3113595843315124,0.3306331932544708,0.4070406854152679,0.5303869247436523,0.5701020359992981,0.5233191847801208,0.5513069033622742,103.359375,20.4345690226062,17.928656849275942,18.59091974290592,17.47138703509703,17.419409217121828,15.52050433507324,14.75794167406935,pop,欢快,3
-80.3970718383789,35.97154235839844,20.43450927734375,26.347640991210938,17.400066375732422,4.578968048095703,13.495072364807127,3.6207122802734375,7.326969623565674,5.4819111824035645,3.9622955322265625,5.320307731628418,3.540330648422241,3682.7414342574334,7568.646112782772,0.1455535062596674,0.2499258667230606,0.4516663253307342,0.4741785526275635,0.4499627947807312,0.5491666793823242,0.4755012094974518,0.3970226347446441,0.3794761598110199,0.4539106786251068,0.6138721704483032,0.5616927146911621,0.4454694092273712,0.4268380999565124,89.10290948275862,21.25973882952094,17.324856980816637,18.41709102896725,18.25684974164797,18.53551301338659,18.67094582843367,16.313969705237497,pop,欢快,3
-39.638450622558594,33.950103759765625,9.583242416381836,16.655977249145508,14.907745361328123,11.196752548217772,21.489482879638672,9.884767532348633,14.735057830810549,15.624815940856934,2.0449588298797607,2.580191373825073,0.3670873641967773,3672.8534749746746,7783.88654881453,0.1540589653422273,0.3292414546012878,0.4064480662345886,0.439257800579071,0.5190940499305725,0.6068481802940369,0.6056213974952698,0.5533207654953003,0.5430434942245483,0.5266904234886169,0.5475316047668457,0.506385862827301,0.526112973690033,0.441900372505188,103.359375,21.44573498982997,14.34886862932017,18.864079163528583,17.15327378735328,17.364106261636028,17.727036591988085,14.707838563210649,pop,欢快,3
-87.75674438476562,64.35610961914062,-12.972930908203123,16.032888412475586,0.4957121610641479,0.4093677401542663,4.4360785484313965,-2.7249510288238525,-0.3144534826278686,-0.0497852377593517,-5.933358192443848,-4.26922082901001,-3.506903886795044,2939.0735059732497,5748.815663065545,0.1456660413041376,0.1673505902290344,0.4025760889053345,0.536174476146698,0.4005671739578247,0.2794873416423797,0.2530884742736816,0.2312563955783844,0.3464167714118957,0.265477567911148,0.3666276931762695,0.3717938363552093,0.2812004387378692,0.3445335328578949,99.38401442307692,19.486970417552868,17.5613857438065,19.650256576181047,19.24639841980192,19.252769506430564,19.318807846463105,15.540639295366256,pop,欢快,3
-77.92487335205078,32.373634338378906,20.10726356506348,27.61014747619629,16.271459579467773,5.323757171630859,13.48758602142334,3.5022060871124268,7.344570159912109,5.26912260055542,4.007442474365234,5.2748637199401855,3.7537496089935294,3728.3891590040334,7635.0859533606435,0.1447344172950502,0.25176802277565,0.4556562304496765,0.4763975739479065,0.4531461596488952,0.5538046956062317,0.4802483022212982,0.3999482691287994,0.3806141018867492,0.4529170989990234,0.6125276684761047,0.5636575222015381,0.4473860561847687,0.4308810234069824,89.10290948275862,21.97864603116478,17.535913832824107,18.72057794526369,18.25563469533564,18.34767076420292,17.308976499545146,15.772322511208984,pop,欢快,3
-46.88898086547852,55.89151763916016,26.0801944732666,16.541316986083984,7.097384929656982,-3.3452632427215576,9.254672050476074,-0.8496662378311157,8.30774974822998,7.121686458587647,-0.54325270652771,1.7571971416473389,-1.830214023590088,3497.720405933398,7662.173157446346,0.135989538017208,0.2734076380729675,0.4995027482509613,0.4163395762443542,0.3598726689815521,0.4521950185298919,0.4149669408798218,0.4168122410774231,0.3705133199691772,0.4578144252300262,0.3406451046466827,0.2682724297046661,0.3310180604457855,0.3554569482803345,129.19921875,18.829214859819544,16.51174437393951,19.981798751264463,19.54944031218799,17.86581353880692,19.110079597973968,17.242375668198537,pop,欢快,3
-65.17127990722656,65.45415496826172,4.111379623413086,32.7429084777832,16.913875579833984,-5.819828510284424,14.964588165283203,-0.239032357931137,9.035487174987791,8.436686515808105,-6.577896118164063,-4.480480670928955,-2.6323750019073486,2949.680064786085,6068.40803318953,0.1119383821539056,0.2207488715648651,0.5461316108703613,0.4344408810138702,0.3622431457042694,0.3838590681552887,0.3209787011146545,0.3346754908561706,0.3325611650943756,0.4644427001476288,0.5506315231323242,0.567511796951294,0.6294319033622742,0.5414682030677795,95.703125,19.843585345679145,17.534036511477055,18.482041015906702,17.708389704985045,17.29099657358366,19.382711687850176,15.044206817575043,pop,欢快,3
-6.970077991485596,68.91350555419922,3.783315658569336,28.20818901062012,2.2899937629699707,13.620597839355469,1.0365926027297974,5.998480796813965,2.75203800201416,15.027527809143066,-8.769488334655762,0.7971255779266357,-7.2107625007629395,2467.925157205688,5480.674825079756,0.0981573708188321,0.3977337777614593,0.2260154485702514,0.228737011551857,0.2589641213417053,0.3126819133758545,0.2644982933998108,0.2526406943798065,0.2790286242961883,0.4633962213993072,0.69085294008255,0.4056733846664428,0.2851445078849792,0.2903550863265991,107.666015625,17.94952370521993,17.61892143088962,23.991749785204725,23.72932288326236,22.3665205477937,20.115578494642257,25.74160978102749,pop,欢快,3
-125.97967529296876,117.34161376953124,-0.0674998760223388,10.210601806640623,4.488731861114502,2.17809796333313,-3.6399238109588623,3.3827168941497803,1.7389081716537476,4.557037353515625,0.8408322334289551,2.4257442951202397,-3.111211061477661,1826.4363763466288,3795.930668594112,0.0746156437306651,0.1260724812746048,0.3621152639389038,0.2513919472694397,0.2739159762859344,0.2429102957248687,0.249110996723175,0.4368457496166229,0.4057336449623108,0.5009721517562866,0.3834064602851867,0.2240205705165863,0.2515846490859985,0.2179531455039978,123.046875,21.48117215539753,18.18929276492284,21.22485187970796,19.95543961780024,19.733640651272573,18.221596588189943,16.119727586067558,pop,欢快,3
-88.39745330810547,34.34531021118164,-11.27914333343506,2.1954028606414795,-4.8480730056762695,-6.146539688110352,0.3227966129779815,2.4406163692474365,-8.163182258605957,5.639542579650879,-9.39580535888672,-7.356556415557861,-3.950927972793579,3647.914740974154,7113.759278476653,0.2058738006332173,0.1690492779016494,0.3236887753009796,0.2302615940570831,0.2546346187591553,0.312850683927536,0.2645185887813568,0.2121582329273224,0.2508059740066528,0.4106807708740234,0.520612359046936,0.4805998802185058,0.5129790902137756,0.3833690285682678,129.19921875,18.175845969511773,13.755850421137469,18.87780899609582,20.483828794517077,19.555844761035846,19.68479465279057,18.15596201211476,pop,欢快,3
-111.60003662109376,85.56208801269531,3.525143384933472,16.362411499023438,2.203119993209839,5.977014541625977,-5.035942077636719,-3.964266061782837,-0.1053828373551368,1.5665888786315918,-5.790409088134766,-5.087382793426514,-0.2128252536058426,2519.3455234656853,5497.911379785382,0.1001263564626836,0.1334480792284011,0.3532652556896209,0.2327663004398346,0.237169399857521,0.2372020632028579,0.2891241610050201,0.4508537054061889,0.3942544460296631,0.4976666867733001,0.3903451263904571,0.3774959743022918,0.3966679573059082,0.2941403090953827,117.45383522727272,18.30207179802601,16.423879255955395,18.907086697813597,18.02708669592022,20.12723434691287,17.30737441882887,17.44460154723749,pop,欢快,3
-63.56813049316406,79.03118896484375,42.745155334472656,16.092519760131836,15.271023750305176,10.789155006408691,13.30831241607666,3.686560869216919,4.926994323730469,10.66427230834961,-0.0160683430731296,3.4758782386779785,3.415135383605957,2844.9380068612104,6841.255177367314,0.0997370154195669,0.2432584464550018,0.3597986698150635,0.3395642042160034,0.4038501679897308,0.3669874668121338,0.4219426810741424,0.4377971887588501,0.2839559018611908,0.3102096617221832,0.3419221639633178,0.3522540628910064,0.3209695219993591,0.3131184577941894,107.666015625,20.362617060231045,17.35533658021935,20.928752887957515,20.445159756100395,20.87123954875186,19.785659494192007,15.746831401531482,pop,欢快,3
-52.58420181274414,37.49236679077149,14.082900047302246,18.17838859558105,16.777841567993164,5.952136993408203,6.420660495758057,2.6906487941741943,-0.4442707002162933,3.2166364192962646,-3.943319320678711,1.6200884580612185,0.316759705543518,3889.142797983685,8055.108316868474,0.1909561098221191,0.1913339495658874,0.3790497779846191,0.3872392773628235,0.5467228293418884,0.4881263375282287,0.5031338334083557,0.4261708855628967,0.4222580194473266,0.5205479860305786,0.3969188332557678,0.4129630029201507,0.4191513955593109,0.4641101956367492,112.34714673913044,17.644777594552153,15.42019482490157,18.63091311544528,17.311663831237485,17.332383668078904,16.923016214223363,15.382297868626518,pop,欢快,3
-29.29952812194824,53.87711334228516,-1.700412034988403,15.489957809448242,1.0905542373657229,0.5373252630233765,4.897149562835693,-3.22532320022583,-1.6960160732269287,2.2274169921875,-7.136838912963867,-5.999305248260498,-2.9869275093078613,3262.9888381783744,6715.594864776682,0.1549981420388631,0.2455880045890808,0.3457673490047455,0.3969204425811767,0.4572345912456512,0.4441188871860504,0.4470257461071014,0.4020543992519378,0.5572282075881958,0.3479283452033996,0.3246016800403595,0.39150470495224,0.3699715733528137,0.4046436846256256,129.19921875,20.079766646683787,15.883507803396668,18.237794052583496,17.66658604327754,17.992227155522475,17.249154645134688,15.7085072241409,pop,欢快,3
-30.30232810974121,88.46916198730469,-6.565682888031006,32.79241943359375,8.502236366271973,8.387786865234375,2.052032470703125,6.863294124603272,3.5781381130218506,2.720644474029541,1.291594386100769,3.291895627975464,1.570115327835083,2327.3042883656067,4929.812855731583,0.0954452007202242,0.2154875695705413,0.5173293352127075,0.4037549197673797,0.4470541477203369,0.5138708353042603,0.6827661991119385,0.4751017093658447,0.4212431311607361,0.4236761331558227,0.4454099833965301,0.4837579429149627,0.5091405510902405,0.6401311755180359,107.666015625,19.426253829640377,13.026635935965222,15.415973556823165,14.344233730913343,15.53367316752312,16.17130027822756,15.478119828511105,pop,欢快,3
-91.86156463623048,56.677059173583984,13.784159660339355,15.054889678955078,0.9043136835098268,-4.078766822814941,-0.2301473766565323,0.5669654607772827,-4.586668491363525,-2.613012313842773,-2.764689683914185,-3.103954553604126,1.7949007749557495,3142.6674697923404,6826.525000906323,0.1364041805636117,0.167738676071167,0.5118894577026367,0.4382190108299255,0.4906158745288849,0.3427141010761261,0.3490292429924011,0.3887207806110382,0.3473844826221466,0.4318805038928985,0.4556891024112701,0.6308072805404663,0.4342199563980102,0.426852136850357,123.046875,18.66651461344642,14.685489578044043,18.72668570639895,18.322914510009284,18.02410339199672,17.183500867744144,15.521315726620132,pop,欢快,3
-52.58420181274414,37.49236679077149,14.082900047302246,18.17838859558105,16.777841567993164,5.952136993408203,6.420660495758057,2.6906487941741943,-0.4442707002162933,3.2166364192962646,-3.943319320678711,1.6200884580612185,0.316759705543518,3889.142797983685,8055.108316868474,0.1909561098221191,0.1913339495658874,0.3790497779846191,0.3872392773628235,0.5467228293418884,0.4881263375282287,0.5031338334083557,0.4261708855628967,0.4222580194473266,0.5205479860305786,0.3969188332557678,0.4129630029201507,0.4191513955593109,0.4641101956367492,112.34714673913044,17.644777594552153,15.42019482490157,18.63091311544528,17.311663831237485,17.332383668078904,16.923016214223363,15.382297868626518,pop,欢快,3
9.566637992858888,88.86885833740234,-20.31207656860352,5.110697746276856,-2.9176502227783203,-0.1756391674280166,0.3321538865566253,1.6097705364227295,-2.2632651329040527,-0.9502328634262084,-6.214681148529053,-2.970568418502808,-1.81063449382782,2568.447243315681,5349.868526591502,0.1315953844015854,0.2343174368143081,0.5031803846359253,0.4225106537342071,0.4595002830028534,0.4501024186611175,0.42700856924057,0.4661715030670166,0.4296860694885254,0.5348107218742371,0.5464292168617249,0.4783461689949035,0.5238175988197327,0.5266509056091309,117.45383522727272,21.796614258014436,12.430446674991922,14.708691506290265,16.22798449542492,16.42915775896954,16.62652848637921,15.280877856602997,pop,欢快,3
-8.573004722595215,54.2957878112793,20.964115142822266,13.1004056930542,9.71585464477539,6.022176265716553,10.73078727722168,6.10681676864624,0.6969413161277771,5.003989219665527,-3.447253942489624,0.8748061060905457,-1.9368966817855835,3669.810466570258,7876.372738725348,0.1617966937354988,0.2597821354866028,0.3442323803901672,0.4773418307304382,0.4613144695758819,0.383294403553009,0.4305343329906463,0.3602705597877502,0.5956786870956421,0.4065845012664795,0.3541017472743988,0.464613527059555,0.3705034852027893,0.4341344237327575,129.19921875,20.13998990263593,15.154152301920009,19.01537172860765,19.193348645624155,17.649665477735972,17.269375708208468,15.490462636542398,pop,欢快,3
-93.60379028320312,59.692020416259766,32.112213134765625,13.114083290100098,13.279964447021484,-6.868232250213623,2.330768346786499,-7.890426158905029,2.288993120193481,4.48865270614624,-4.0437445640563965,2.673201084136963,-3.084853410720825,3420.362078342947,7790.464750851943,0.130859375,0.2103499919176101,0.3907040655612945,0.3243409097194671,0.3921884596347809,0.3220339119434356,0.3503769040107727,0.2880616784095764,0.4484512507915497,0.2958876192569732,0.2359184622764587,0.2973518967628479,0.3525239527225494,0.4948938190937042,83.35433467741936,21.05389885197172,18.02016208297479,20.92494094594912,19.642850734123424,19.15910703733497,17.91788690639306,15.449827131866384,pop,欢快,3
-68.86013793945312,40.489044189453125,25.370588302612305,35.75651168823242,13.383732795715332,2.8279078006744385,12.753464698791504,4.485296249389648,3.3516154289245605,10.027183532714844,-2.380499601364136,2.9910669326782227,-1.797353982925415,3644.718270733436,7658.242889899942,0.1591457004060325,0.185598224401474,0.4106879234313965,0.47073495388031,0.478549987077713,0.3854959607124328,0.4159004390239715,0.3393072187900543,0.4694132208824157,0.3333679437637329,0.3257564902305603,0.3887827694416046,0.4021385014057159,0.491955429315567,95.703125,22.866095229221504,17.64438678184165,20.118748397891967,18.761492287756536,18.791765476326574,18.79261407172864,15.48721900088877,pop,欢快,3
-38.28165054321289,47.846981048583984,20.05611228942871,23.82138061523437,19.781309127807617,13.649930953979492,14.685269355773926,4.558814525604248,7.704076766967773,8.944437980651855,5.423406600952148,1.1563924551010132,1.0875109434127808,3543.3211015342667,7779.922973916038,0.1427405077822892,0.2452586591243744,0.4100645780563354,0.5051612257957458,0.3564023673534393,0.4055106937885284,0.4701376259326935,0.4964796006679535,0.5786793231964111,0.4936834871768951,0.5314856171607971,0.5526344776153564,0.4451303482055664,0.4609729051589966,143.5546875,22.208378004181775,16.907783172127854,19.284465160772672,18.566719599209534,17.64814452121997,17.26707691484364,15.82837518772823,pop,欢快,3
-34.21064376831055,40.40638732910156,17.48912811279297,13.413984298706056,13.248571395874023,7.451952934265137,18.18960189819336,2.72712516784668,4.349294662475586,5.822960376739502,-1.143541693687439,3.119577169418335,2.4273855686187744,4036.598130555536,8331.018094728828,0.2138275358903712,0.2310016453266143,0.4543763995170593,0.4109519720077514,0.4789232909679413,0.4470202922821045,0.411027729511261,0.4932430386543274,0.4226778149604797,0.5059919953346252,0.4458830654621124,0.4793221056461334,0.425944447517395,0.3672480285167694,112.34714673913044,19.382204719134474,14.836270049456912,17.398081622213965,17.985195341051035,17.99529589206183,17.72378018609395,15.274847499954552,pop,欢快,3
-42.77917098999024,62.83609008789063,4.774425029754639,24.058712005615234,9.644877433776855,-1.87754487991333,9.27158546447754,-2.961521625518799,3.185305595397949,5.930489540100098,-4.7646002769470215,3.022666454315185,-1.242732286453247,3123.159015699048,6616.363936068011,0.1426215529534029,0.223394826054573,0.4079272747039795,0.448123574256897,0.4443954229354858,0.4917451441287994,0.3755345642566681,0.3581644892692566,0.4669573307037353,0.4685316383838653,0.6190835237503052,0.5028296709060669,0.4500055611133575,0.4266473054885864,103.359375,20.215100640023643,15.514383403494708,17.519966078728874,16.787132676440372,17.244467109866097,18.92937680676828,15.6519448949516,pop,欢快,3
-273.3180236816406,103.15287017822266,8.712922096252441,31.704931259155277,12.51040744781494,3.4897332191467285,3.9333584308624263,-0.1538850218057632,-3.906158685684204,3.2333571910858154,-6.365484237670898,-1.5428929328918457,-3.217275619506836,1995.1863128060936,4383.364110535093,0.0725258150860402,0.0375419147312641,0.4052804112434387,0.4967258274555206,0.3364036083221435,0.3417901694774627,0.3445002734661102,0.2955045700073242,0.406788021326065,0.2842688858509063,0.2555334270000458,0.2009385228157043,0.3187378048896789,0.536571741104126,112.34714673913044,25.090741122084516,16.10828283224047,19.18126755728309,17.96628711567408,17.846451556969132,18.580232399609024,15.831688840487947,pop,欢快,3
-44.98688888549805,69.77589416503906,11.84067153930664,8.117905616760254,12.628617286682127,7.812101364135742,11.339221000671388,0.1848315000534057,9.63578987121582,2.840994358062744,3.8533389568328857,-0.8417092561721802,2.132197618484497,3151.406047783485,7294.559912449245,0.1275573400038669,0.2156618684530258,0.3915124535560608,0.4296973645687103,0.5247282385826111,0.3856978714466095,0.3663402795791626,0.4338560700416565,0.4455972909927368,0.5933117866516113,0.4386860132217407,0.4130147099494934,0.4182513654232025,0.3617900013923645,112.34714673913044,26.118820458965573,15.96710405873077,18.61570759323294,18.31881928533716,18.274899429531008,16.233254774976384,15.976248972003638,pop,欢快,3
-137.74447631835938,100.25637817382812,14.398747444152832,15.412896156311035,2.3271780014038086,-1.0672591924667358,-2.105048894882202,-1.6893662214279177,-5.314716815948486,-1.782849669456482,1.7410486936569214,-6.1848673820495605,-3.0327489376068115,2246.5077750266328,5154.995536361659,0.0859662002126836,0.0921443849802017,0.4504610598087311,0.3230643272399902,0.4091604351997375,0.3304378390312195,0.4069058001041412,0.5362322330474854,0.3543190062046051,0.4210400581359863,0.3167290687561035,0.3798906207084656,0.2537731528282165,0.257694810628891,143.5546875,26.03362650711228,16.124413813307328,18.81529342344593,16.622692541271544,17.06271949908633,18.374855283493456,17.03053879497627,pop,欢快,3
-62.04869842529297,64.20450592041016,29.86741065979004,23.25248336791992,16.257404327392578,7.444108486175537,8.867356300354004,6.414830684661865,7.411365985870361,3.019026279449463,1.468711495399475,2.979093074798584,1.857616901397705,3169.134248059376,7556.089241045533,0.1003438738640758,0.2079221904277801,0.5788325667381287,0.406024307012558,0.3550989031791687,0.3229580521583557,0.4103894829750061,0.4092185497283935,0.4587831497192383,0.4553736746311188,0.4196918606758117,0.517038881778717,0.5830181837081909,0.6276686191558838,129.19921875,22.23464882269421,14.991622895858312,17.89395424527379,17.00007537793439,17.313225953805535,16.59573652410506,14.800974938492825,pop,欢快,3
-104.46266174316406,86.86334228515625,28.7522087097168,26.619091033935547,8.907511711120605,5.665374279022217,7.75358247756958,0.4625298082828522,6.6260905265808105,6.566946983337402,0.3762181401252746,2.1416807174682617,-0.0225651171058416,2489.447357851833,5976.6962392147625,0.0842608033642691,0.142956331372261,0.3335957527160644,0.291004478931427,0.2473380118608474,0.4323641657829284,0.279374212026596,0.2822528183460235,0.1982409656047821,0.3454961776733398,0.3164877295494079,0.2318218201398849,0.3666489124298095,0.2532652914524078,123.046875,21.291240425367945,17.41227899101523,21.29997050582807,21.263493446483118,19.40843005452928,17.510608279353974,15.301526625963332,pop,欢快,3
-112.48632049560548,59.749629974365234,14.4871826171875,19.165525436401367,15.124679565429688,-3.221754789352417,6.098490715026856,-6.684602737426758,1.464618444442749,-1.1716868877410889,-1.2355337142944336,-0.7678505778312683,1.8864989280700684,3263.2580881824388,6830.038926551624,0.1358426382443928,0.1792331635951995,0.4581111073493957,0.4273305833339691,0.5451744794845581,0.3647617101669311,0.3272574245929718,0.2692111134529114,0.3388868272304535,0.4411754608154297,0.4102410674095154,0.5237699151039124,0.4088757336139679,0.3939059376716614,99.38401442307692,21.28279069354696,18.541468408434035,21.550696768157653,20.04728879766025,19.503446027170057,18.58711766625599,16.268492629298652,pop,欢快,3
-81.73381042480469,78.6106948852539,-17.252422332763672,24.50192070007324,8.414265632629395,2.150655746459961,5.525915622711182,1.9490926265716555,8.798311233520508,-0.1267959326505661,0.4980501234531402,4.6413984298706055,2.39085054397583,2516.3904027255376,5087.9478366081785,0.1220257516434648,0.1952957659959793,0.3590440154075622,0.3958702683448791,0.5568013787269592,0.369006484746933,0.4039130210876465,0.3799958229064941,0.4664067327976227,0.586588978767395,0.4921440780162811,0.5586358904838562,0.3857321739196777,0.3725472092628479,117.45383522727272,19.662142809112755,15.607270130525729,18.939587580883003,18.84189809832455,19.66693557880824,19.04606597897296,16.42846502541585,pop,欢快,3
-50.46290588378906,56.43463516235352,12.56867790222168,11.27336311340332,-2.7383475303649902,1.3627746105194092,4.543149948120117,-0.959572434425354,2.298539876937866,2.7476229667663574,-1.977354645729065,2.589660167694092,-4.024151802062988,3593.7703164134628,7634.611323593387,0.1851541352474864,0.1324559152126312,0.2460414469242096,0.3333853185176849,0.4215229451656341,0.2974089682102203,0.41508948802948,0.2949097156524658,0.479907214641571,0.5316715836524963,0.4045117497444153,0.5222784280776978,0.3397880494594574,0.3654626011848449,129.19921875,20.53186062740641,15.171049844872298,18.38311585044869,18.560840602187582,18.07572617655123,17.730779206950295,15.329542779698448,pop,欢快,3
-47.04647445678711,55.778438568115234,27.63979148864746,19.186355590820312,15.182662963867188,3.178056001663208,5.622395038604736,1.6052536964416504,4.136432647705078,1.6200366020202637,-1.582799792289734,-3.003236770629883,-7.630845069885254,3588.1493148981717,7948.000199390951,0.146459073496713,0.1908691078424453,0.2536511719226837,0.3210513293743133,0.5686090588569641,0.3679697513580322,0.3067137897014618,0.2581830620765686,0.3548805713653564,0.5720515251159668,0.3579027354717254,0.3444209694862366,0.263173371553421,0.2602326869964599,103.359375,23.603246009640184,17.411812388572194,19.139956336938248,19.582023056122928,18.680871706176436,16.660433447715384,15.333461271488558,pop,欢快,3
-42.87884521484375,54.87919235229492,17.034236907958984,19.78973388671875,6.859376430511475,2.7694361209869385,11.82465648651123,1.208795428276062,7.942111015319824,1.1286345720291138,-4.077354431152344,0.1281800121068954,-4.238941192626953,3510.545185903128,7255.865096160818,0.1719573242942768,0.2348118722438812,0.3663840591907501,0.4380362033843994,0.57131427526474,0.4444433748722076,0.4160221517086029,0.4021440744400024,0.4279621839523315,0.4271675944328308,0.3857688009738922,0.5116817355155945,0.4054266512393951,0.3802283108234405,99.38401442307692,15.698116221580944,14.487102334290007,18.244991375109247,18.36645106328501,18.55760787874929,18.22352590940498,15.340199673957995,pop,欢快,3
-47.76214599609375,55.56731033325195,19.230348587036133,24.48204231262207,4.050312042236328,1.5448122024536133,6.953159809112549,-1.043236494064331,3.089683532714844,1.7900028228759766,-3.0425474643707275,1.9349972009658811,-4.677098274230957,3400.226425763872,7052.723555775087,0.165640634063225,0.2204989641904831,0.3697644174098968,0.4307520389556885,0.6147609949111938,0.4488999247550964,0.4537865817546844,0.4576348662376404,0.5239961743354797,0.4170585572719574,0.3584895730018616,0.4567659199237823,0.3672109246253967,0.3450494408607483,99.38401442307692,18.23449172494861,14.921659483720154,18.261799784311343,18.574959202355927,18.46004824074377,18.694527779494894,16.293345344915558,pop,欢快,3
-44.74116134643555,55.06153869628906,27.155059814453125,19.49420166015625,14.693745613098145,3.204386949539185,5.503135681152344,1.425725340843201,4.495546340942383,1.3721120357513428,-1.658604383468628,-3.5341789722442627,-7.91971492767334,3603.816900374411,7960.298939149507,0.1475236248066512,0.1940290629863739,0.2539632618427276,0.3203811347484588,0.5696119070053101,0.3701165318489074,0.3072660863399505,0.2589536309242248,0.3542697727680206,0.5742343664169312,0.3606646358966827,0.3451349139213562,0.2634406983852386,0.2602638006210327,103.359375,25.68627033777028,17.505005564819417,19.52145729045168,19.75518229707176,18.54496787280128,16.320335732854723,15.42757723995267,pop,欢快,3
-8.45461654663086,42.056640625,8.262311935424805,17.968647003173828,14.042865753173828,7.356530666351318,5.72467041015625,-1.892855525016785,4.611337184906006,2.078213930130005,-1.0689780712127686,-0.6599500775337219,-2.4383578300476074,3694.917392515557,7867.821076076711,0.1667410606390177,0.2651983201503753,0.4326865673065185,0.4921496510505676,0.3942913711071014,0.4292527139186859,0.3577907383441925,0.4062937498092651,0.5192270874977112,0.4181207418441772,0.4284700453281402,0.363960713148117,0.4348727464675903,0.417762279510498,117.45383522727272,20.418524475837454,17.282399226746186,18.701519379889724,17.7485172899791,17.335905669171684,15.45699301527885,14.780178914157224,pop,欢快,3
-26.02374839782715,60.92530822753906,6.002044677734375,17.74094581604004,5.11572790145874,10.42711353302002,2.472599983215332,4.931196689605713,8.130399703979492,3.8599815368652335,-0.1778275370597839,7.2514495849609375,4.965223789215088,3270.0808829080115,6880.766023781903,0.145285008217324,0.2270241528749466,0.5666818022727966,0.468830943107605,0.4536900222301483,0.3632377386093139,0.3965107202529907,0.4366718828678131,0.4897598326206207,0.5611787438392639,0.5136045813560486,0.5050269961357117,0.5247310996055603,0.5689961314201355,107.666015625,23.603793377707262,14.69212308997334,16.960684450195373,16.955085431256013,17.96169801169303,16.440006333033967,15.577457647353162,pop,欢快,3
-20.24430656433105,57.76261520385742,16.799440383911133,18.260643005371094,8.965956687927246,14.902180671691896,2.6743505001068115,3.7542834281921382,1.108635425567627,1.8431586027145384,-5.978664398193359,-3.603495121002197,-3.650311231613159,3259.351118526445,7269.646013087297,0.1316335254737045,0.2457290291786193,0.6426357626914978,0.4453780055046081,0.464067667722702,0.4200116693973541,0.3258545100688934,0.3823356926441192,0.325024276971817,0.4706130623817444,0.3597943186759949,0.3192075192928314,0.3794697523117065,0.4517428576946258,135.99917763157896,24.51378237575414,15.165578008366843,19.26093772344256,18.81466635172297,17.265406988230207,16.020589192063447,15.85916141748602,pop,欢快,3
-42.2414436340332,82.16851043701172,-2.227360963821411,19.912059783935547,13.85555648803711,0.8531164526939392,7.92289924621582,-0.7122787833213806,6.87274169921875,-1.9014205932617188,-4.689229965209961,-3.1699986457824707,-2.937236785888672,2806.873512822643,6104.063553599913,0.1285184194943928,0.1985882967710495,0.400102823972702,0.2610061168670654,0.284011572599411,0.3708376288414001,0.2199682742357254,0.3371545672416687,0.2064823061227798,0.3626115024089813,0.4067654311656952,0.3177978098392486,0.5386908054351807,0.2903980612754822,151.99908088235293,19.35306531823351,18.23498944986595,20.671319634820307,20.68304971371549,19.86060329954631,19.8790878876647,16.36801077352188,pop,欢快,3
-36.63882446289063,73.07810974121094,39.13519287109375,20.312124252319336,12.493178367614746,2.148360252380371,11.728564262390137,-2.422638177871704,6.6385178565979,3.170588731765747,-5.384551048278809,-3.14259672164917,-5.773088455200195,3047.4927543771933,7385.888671875,0.1064026398153518,0.3035931289196014,0.426107108592987,0.3333137035369873,0.4307189285755157,0.3495036959648132,0.3726950287818908,0.387062519788742,0.3069716393947601,0.4411098957061767,0.3675880134105682,0.3640819191932678,0.2844047844409942,0.3262088000774383,103.359375,22.82869592388416,17.356523389692107,19.36028813519297,20.071875446362068,18.532749135447315,17.0353454906946,15.91908271448214,pop,欢快,3
-59.05157470703125,61.004276275634766,27.743501663208008,23.84954071044922,12.297715187072754,7.377119064331055,12.31706714630127,7.139926910400391,13.406534194946287,2.4973201751708984,-1.9689048528671265,-2.4171175956726074,-4.516286849975586,3126.570348199454,6931.9177897513055,0.1053082553895978,0.2511094510555267,0.2887047827243805,0.2757356762886047,0.3204000890254974,0.3279230296611786,0.3239254355430603,0.443788468837738,0.3910335898399353,0.3432549834251404,0.2635316550731659,0.3507811427116394,0.4595926105976105,0.2904107272624969,92.28515625,24.621103401735343,19.04510396517252,21.772853937513062,21.418590220206656,19.481212320446428,17.69426319685216,15.512764711194484,pop,欢快,3
-125.51831817626952,51.23162460327149,38.50043869018555,14.496833801269531,16.24374008178711,4.643925666809082,12.318209648132324,1.1781601905822754,1.7291409969329834,9.76717472076416,-2.8228533267974854,2.080857753753662,0.8581090569496155,3508.793497842634,7585.041656848173,0.13715000845901,0.2042092829942703,0.4464219808578491,0.424365222454071,0.4915868639945984,0.4219071865081787,0.4403463304042816,0.422267347574234,0.4065070748329162,0.5063202977180481,0.54273521900177,0.5935222506523132,0.4772177934646606,0.4325623214244842,99.38401442307692,20.57086435800825,16.018174786177713,18.098834003065125,17.63765688849161,17.671026375146283,17.72574041906993,14.90305700758793,pop,欢快,3
-26.940433502197266,46.74364471435547,8.683472633361816,8.586894035339355,6.084411144256592,12.436070442199709,6.974731922149658,2.4991588592529297,1.1518144607543943,7.257162094116211,-3.135444164276123,1.2637735605239868,3.841010570526123,3633.1617304451615,7532.774094583817,0.1830084167150038,0.2129562348127365,0.4861362278461456,0.3651144206523895,0.4202228486537933,0.3947466313838959,0.4274980723857879,0.2719411849975586,0.2999702394008636,0.4167375564575195,0.3882534205913543,0.4600735604763031,0.3819753229618072,0.4772758185863495,117.45383522727272,20.429926285722367,15.53680023076953,18.365093356141795,18.54173861360944,19.06024118183684,18.025305601166355,15.947159606924288,pop,欢快,3
-119.36959838867188,85.97376251220703,33.87001419067383,9.98080062866211,17.702011108398438,0.5173514485359192,9.57870388031006,-5.315403461456299,4.174862861633301,8.122891426086426,-7.983270168304443,1.5733020305633545,-2.931323766708374,2765.1075887449138,6871.273428436775,0.0959727559454756,0.1380981802940368,0.3551453948020935,0.3872367143630981,0.2813518643379211,0.309578001499176,0.4189360737800598,0.2929168343544006,0.3582258224487304,0.3344071507453918,0.4342095851898193,0.3700996339321136,0.3375432193279266,0.4460764527320862,161.4990234375,20.30153895840086,17.097721842584885,20.450068243569305,19.64119413366837,20.156485781935928,20.106924960435247,15.884451834480211,pop,欢快,3
-159.48033142089844,104.85739135742188,-10.333498001098633,34.64784622192383,-4.978135108947754,26.80373191833496,-21.940200805664062,23.424680709838867,-14.025367736816406,19.575532913208008,-8.296036720275879,9.72955322265625,-10.074868202209473,2133.3521515473035,4801.404686593677,0.0977993734290409,0.0941024646162986,0.2526018619537353,0.4454117119312286,0.3240804970264435,0.2481167614459991,0.4125795364379883,0.371630996465683,0.4203151762485504,0.2717582583427429,0.3011971414089203,0.3843415975570678,0.2660600543022156,0.2504270672798157,123.046875,25.97862508107384,15.979173460300853,20.827839423723724,19.801585890270413,21.02914602592244,19.52959051705234,40.63966936990053,reggae,活力,0
-190.93719482421875,127.41596221923828,-3.7882678508758554,26.704463958740234,-12.820788383483888,23.924118041992188,-8.222865104675293,9.962504386901855,-12.229612350463867,13.450587272644045,-7.066006183624268,1.6455317735671997,-14.52818775177002,1638.9307245186242,3574.7781775667054,0.0639697529969064,0.0819896981120109,0.3913294076919555,0.5062696933746338,0.2515373826026916,0.1855761259794235,0.2222752571105957,0.4462702870368957,0.3926355838775635,0.3991012871265411,0.5796712040901184,0.3095621466636657,0.2730283737182617,0.2315236926078796,151.99908088235293,29.54280215288745,17.338148635339284,17.22311199630403,18.47628279273496,19.12251679336241,17.585050917364008,35.98715878484566,reggae,活力,0
-189.09104919433597,110.86749267578124,2.982771158218384,48.36251068115234,-6.42624044418335,20.72869873046875,-12.561619758605955,15.884038925170898,-13.630972862243652,9.418685913085938,-8.04449462890625,8.090904235839844,-10.641822814941406,1796.8948919886875,3925.263116752465,0.0751027920775328,0.0924477949738502,0.384236216545105,0.3753723800182342,0.445619136095047,0.3488731384277344,0.444078117609024,0.3977609574794769,0.4714915454387665,0.3644339740276336,0.2492032796144485,0.2322646379470825,0.3047995269298553,0.5225844383239746,103.359375,26.064893921106798,14.126321949653578,18.76157012118336,17.43679213103734,18.81714751523944,17.514568019106303,38.228160258770416,reggae,活力,0
-201.1915435791016,104.1467514038086,-15.439406394958496,30.812820434570312,14.260963439941406,31.423309326171875,-7.8610992431640625,17.967077255249023,-4.053847789764404,16.942230224609375,-11.208056449890137,12.122963905334473,-5.2820725440979,1923.603059591631,4154.259489196636,0.0849073134184068,0.094143658876419,0.3111112415790558,0.4648225009441376,0.4211151897907257,0.362522691488266,0.5140894651412964,0.4248710572719574,0.3802759349346161,0.2761756777763366,0.3403275310993194,0.4794857800006866,0.3665291368961334,0.3559566438198089,151.99908088235293,26.265018660023568,16.672378101620463,19.92385845105835,19.17061975174237,21.67526392409368,20.1305134473492,37.76377015904772,reggae,活力,0
-175.5784912109375,104.87787628173828,-15.688773155212402,27.520797729492188,-8.110774040222168,24.028858184814453,-10.312878608703612,18.85153579711914,-8.380903244018555,11.850701332092283,-7.579115867614746,12.5616455078125,-6.039825916290283,2009.7625946802293,4304.875335339327,0.0844530192623743,0.1010562777519226,0.3541826605796814,0.4864400923252105,0.3324855268001556,0.2907429039478302,0.4102687835693359,0.3681208789348602,0.4158313870429992,0.3791529834270477,0.4877445697784424,0.5609498023986816,0.3908856213092804,0.3454772531986236,123.046875,25.419662431454373,16.345816865627707,20.25973387151211,18.85421132603742,19.577603806648405,18.31755953950576,37.722234106651335,reggae,活力,0
-176.7651824951172,116.84068298339844,-21.308067321777344,38.76340866088867,-5.450562000274658,26.62083625793457,-8.181732177734375,15.778047561645508,-10.48444652557373,11.04460334777832,-10.05137062072754,9.914849281311035,-3.2497031688690186,1798.3807585425818,3796.5385277697214,0.0730159845079273,0.1002851277589798,0.4673472642898559,0.375691145658493,0.4067344069480896,0.4878354966640472,0.3860546946525574,0.3438934683799743,0.3532377779483795,0.4869242310523987,0.257846474647522,0.2097586393356323,0.2824550271034241,0.3202983438968658,151.99908088235293,28.21907113364088,15.701626920908494,19.613051957701103,18.46917916987351,18.04363046360473,18.2796417849959,37.34237895137663,reggae,活力,0
-207.3970642089844,134.70504760742188,-9.093170166015623,38.44704055786133,6.303592205047607,22.59577178955078,-8.299388885498047,16.29550552368164,-8.471837997436523,4.140334606170654,-4.3538994789123535,6.340493202209473,-6.913872241973877,1417.9574886379262,2880.3365402044665,0.060821415192382,0.1050452217459678,0.338602215051651,0.5046199560165405,0.4318199157714844,0.3244245946407318,0.374433159828186,0.2532579898834228,0.2683854103088379,0.2245846390724182,0.3566977679729461,0.413219153881073,0.2887694537639618,0.3311937153339386,151.99908088235293,29.390145077788027,16.80343531928465,20.292007492260105,19.542683223462053,18.69860015968885,17.656905879558842,34.861119673278026,reggae,活力,0
-192.2694091796875,116.49569702148438,-10.950728416442873,29.891136169433597,-0.659650981426239,21.44346237182617,-11.864701271057127,18.65120887756348,-13.07923984527588,14.465651512145996,-7.381227016448975,4.820051193237305,-2.810109853744507,1754.1768111795132,3768.993347592808,0.0738751027165506,0.0905858278274536,0.412493348121643,0.3586638569831848,0.4705120027065277,0.4130713641643524,0.3530681431293487,0.4779541790485382,0.3471218943595886,0.3032470047473907,0.2859131097793579,0.3495767712593078,0.4806452989578247,0.3798670470714569,151.99908088235293,26.08732032772345,15.855593349813692,20.763090997470048,19.509677613078825,19.892867555216316,18.503710121148853,37.71514083986028,reggae,活力,0
-194.541748046875,118.60043334960938,-6.408212184906006,40.80109405517578,-3.293510913848877,25.461584091186523,-9.303606033325195,11.395713806152344,-6.156927585601807,15.344735145568848,-5.162594318389893,5.759955883026123,-6.2791595458984375,1691.3385554367244,3656.064770337877,0.0694378987819025,0.1019252389669418,0.3597521185874939,0.4166503846645355,0.5451909899711609,0.4196826517581939,0.2840370237827301,0.2933469712734222,0.3325133919715881,0.4295305907726288,0.2904002070426941,0.3549569249153137,0.3805959224700928,0.3194094002246856,95.703125,27.712197042394266,16.69404280064849,20.62087065828109,19.10298135654897,20.411067382923424,19.79696579051072,36.04948499852036,reggae,活力,0
-232.50473022460935,131.22950744628906,2.646977186203003,18.397951126098636,11.315558433532717,22.92844009399414,-10.467937469482422,16.771238327026367,-15.256650924682615,15.530611038208008,-8.389644622802734,8.022547721862793,-3.781606435775757,1609.8372860104514,3270.9318581424013,0.0605706659657772,0.0866586044430732,0.517486572265625,0.4454438686370849,0.3562032282352447,0.4176107943058014,0.3041125833988189,0.2790263593196869,0.2392992824316024,0.3854237198829651,0.48208087682724,0.4086484909057617,0.3855431079864502,0.3759399652481079,161.4990234375,24.25383309075299,15.87050053021307,20.283895912117345,18.43496220016357,20.367406090596152,18.587298508593648,36.37493256203823,reggae,活力,0
-233.6426239013672,87.5244369506836,-22.21446228027344,52.04875564575195,-8.575607299804688,24.966367721557617,-18.236242294311523,1.888324499130249,-9.132004737854004,-0.227326363325119,-17.069841384887695,-3.0311315059661865,-9.79328727722168,2149.158788656928,4426.5970535455335,0.1027531811919953,0.0616502687335014,0.3170374631881714,0.2867209911346435,0.388443648815155,0.2770289480686188,0.2361189126968383,0.1764086931943893,0.2084738165140152,0.3872929811477661,0.302042156457901,0.3271418809890747,0.2644980251789093,0.3677811324596405,117.45383522727272,28.906261516572066,20.64414957717215,24.866373999958643,22.31574555857944,22.855252433902347,21.211532189677957,36.70024445644305,reggae,活力,0
-198.73211669921875,102.4083251953125,-9.996929168701172,30.804916381835938,-3.2927677631378174,20.27937126159668,-5.631608009338379,28.09603309631348,-11.504985809326172,18.203845977783203,-7.360594749450684,12.280451774597168,-4.362417221069336,1995.2769651140732,4557.769732906758,0.0702762470997679,0.0783796235918998,0.4711988568305969,0.4068473279476166,0.5343433618545532,0.4536541700363159,0.4801803827285766,0.3232205808162689,0.3675745725631714,0.3792979419231415,0.3328551054000854,0.3857031166553497,0.3970566391944885,0.4901906549930572,123.046875,22.082768917000767,16.001606342602084,19.4367841313249,18.89050956337936,17.877722964553083,17.499372040610126,38.056464937778806,reggae,活力,0
-191.19943237304688,96.34123229980467,-17.65896224975586,24.83739471435547,-0.8896690011024475,26.33447265625,-12.934260368347168,19.63556861877441,-9.790512084960938,16.973424911499023,-8.587677955627441,11.422935485839844,-8.20237922668457,2300.04288038141,4920.853178019866,0.1137476284561098,0.0755481496453285,0.4458636045455932,0.3859557807445526,0.3482515811920166,0.3613848090171814,0.4927964806556701,0.3946402072906494,0.3657876551151275,0.4972317516803741,0.5011526346206665,0.5751333832740784,0.3894989192485809,0.3688543140888214,129.19921875,24.41511725631299,14.816111887708018,18.30739966440025,17.976058670407046,18.483558478583618,17.893034804155864,38.62300485587371,reggae,活力,0
-206.51551818847656,122.59817504882812,-0.5765912532806396,29.354093551635746,10.233527183532717,28.23236083984375,-9.929434776306152,13.37148666381836,-8.455471992492676,11.285513877868652,-7.2900776863098145,7.073110103607178,-10.346016883850098,1608.5066742460235,3436.710876323231,0.0706168733081979,0.1116146072745323,0.3157490789890289,0.3865035474300384,0.501638650894165,0.381228893995285,0.4075097739696502,0.3859338462352752,0.4423659145832062,0.3158325254917145,0.2833501696586609,0.3071110248565674,0.2801850140094757,0.3404975831508636,123.046875,26.444163655707257,15.839939697456748,19.43251167104749,19.03108361294352,20.271925604499582,19.14418004387605,37.357447829440126,reggae,活力,0
-209.581298828125,105.26065826416016,2.570521354675293,34.898067474365234,15.32688808441162,25.199398040771484,-6.06322717666626,18.24307632446289,-5.073920726776123,8.950724601745605,-1.0186209678649902,8.250102996826172,-4.027716636657715,1716.0497964664391,3790.5515312318735,0.0640905959976798,0.114161692559719,0.4105662107467651,0.3352697491645813,0.3534568548202514,0.3461883962154388,0.4262864291667938,0.3285620510578155,0.3048010766506195,0.390498399734497,0.468387097120285,0.5934444069862366,0.4123241901397705,0.3710885941982269,129.19921875,18.220258892854098,17.7019533169384,20.52277673547884,19.477044815811045,19.85944083765032,18.60083756186583,36.37616878862996,reggae,活力,0
-157.8172149658203,109.8502960205078,8.465337753295898,41.794090270996094,5.1190032958984375,25.75197029113769,-12.95175075531006,22.064224243164062,-15.50376319885254,14.36729907989502,-11.917588233947754,11.595213890075684,-10.62703800201416,1923.1216152231768,4492.270825025377,0.068186418455143,0.1318567842245102,0.3287483751773834,0.3455013632774353,0.4472699761390686,0.4185452163219452,0.328939288854599,0.4146960377693176,0.3091287612915039,0.3216858506202698,0.2855809330940246,0.3015518188476562,0.4480740427970886,0.3539550602436065,129.19921875,18.805617265162223,16.54704807716215,19.54330727943187,18.83364320060138,18.625027458533552,17.756459970447292,40.584889927120734,reggae,活力,0
-76.08658599853516,101.11207580566406,-11.623927116394045,46.250247955322266,-11.212148666381836,31.397367477416992,-9.473126411437988,22.474390029907227,-16.81224250793457,15.97439956665039,-9.512782096862791,11.821730613708496,-7.846168518066406,2118.551041160394,4853.047736006381,0.0792477070040603,0.1855583190917968,0.4725294113159179,0.4810187220573425,0.5099742412567139,0.3868704736232757,0.4095351696014404,0.3631708920001983,0.419575959444046,0.2887813150882721,0.3295961320400238,0.3748977482318878,0.3942306935787201,0.6034424304962158,143.5546875,20.833808750667217,15.955658778783024,18.43339899668856,18.54337171958181,18.652544444120515,17.758945623030193,42.043534820726606,reggae,活力,0
-154.80096435546875,110.02114868164062,-18.44538116455078,36.652042388916016,0.5233886241912842,31.57809829711914,-10.43226432800293,18.818374633789062,-7.174977779388428,13.144800186157228,-5.248939037322998,8.900308609008789,-6.710664749145508,1803.953810558572,3779.060494761456,0.077952043455143,0.1396992206573486,0.4117656946182251,0.4433601200580597,0.3663822114467621,0.3039458692073822,0.4126265048980713,0.3566407561302185,0.4722097516059875,0.4104072451591491,0.4617972671985626,0.5118246674537659,0.4623689651489258,0.4973191618919372,129.19921875,18.894704303308185,15.581892373598814,20.034380831279982,19.004196639039098,21.10040422642904,18.30680331593978,38.70443290265005,reggae,活力,0
-170.86712646484375,107.73831176757812,-1.7606568336486816,46.44626235961914,-0.1945221126079559,24.93752670288086,-10.676092147827148,18.083887100219727,-10.79038906097412,11.160344123840332,-7.255220413208008,6.207866191864014,-6.469769477844238,1907.6056942036876,4220.649368746374,0.0774044736078886,0.1063772290945053,0.4152703583240509,0.3624855279922485,0.4175547063350677,0.3948457241058349,0.441832423210144,0.4119439125061035,0.317590057849884,0.313130646944046,0.3332307338714599,0.5299214124679565,0.4216912686824798,0.3774344027042389,151.99908088235293,17.528697206137387,14.91010911767331,18.585821437030106,16.473744484325344,17.68884988889072,16.80913358715467,38.60646491137706,reggae,活力,0
-184.58187866210935,106.21409606933594,4.000761032104492,38.70890808105469,8.41152572631836,30.451196670532227,-3.343836784362793,20.298871994018555,-1.5424038171768188,15.916830062866213,-6.512815475463867,13.191903114318848,-1.7114567756652832,1754.0198285353752,3840.3376957656615,0.0712822650812065,0.1386721134185791,0.444074809551239,0.4870015978813171,0.3890910148620605,0.2837685942649841,0.2965016663074493,0.3842416703701019,0.3290331363677978,0.3108991384506225,0.3937980532646179,0.4126095473766327,0.4934260547161102,0.5038593411445618,143.5546875,18.835617688355896,17.053929942127702,20.14440728585491,20.3780815121574,20.954227670512555,18.57530386456651,38.55333161933397,reggae,活力,0
-177.704345703125,113.6259307861328,2.321532964706421,35.830684661865234,1.597782015800476,34.69095993041992,-8.738595008850098,16.286312103271484,-9.326431274414062,14.18676471710205,-2.072920799255371,13.133845329284668,-7.250174999237059,1637.6883378852465,3595.620253135876,0.0567558034851121,0.139236032962799,0.3322796821594238,0.334261029958725,0.5398728847503662,0.4342644214630127,0.4175847470760345,0.3308675289154053,0.3442902565002441,0.3946189880371094,0.3144418597221374,0.3169611394405365,0.3036061525344848,0.3872823417186737,129.19921875,20.13153700047552,16.515005744693166,21.63826672153259,20.10026226496161,20.220435627324235,17.899417478482345,38.31659579068717,reggae,活力,0
-88.07561492919922,109.43931579589844,-25.164966583251957,40.39529037475586,-8.778366088867188,24.7145938873291,-11.525629043579102,18.5102653503418,-8.29180908203125,17.03091812133789,-8.43327808380127,9.79904556274414,-12.903515815734863,2006.8493639042413,4323.369242586282,0.0928244181409512,0.1550975292921066,0.38112673163414,0.3573665916919708,0.4654269516468048,0.3829432427883148,0.4076489508152008,0.3972418010234833,0.4393541514873504,0.4993228614330292,0.368243545293808,0.3574445247650146,0.2840406596660614,0.3411464095115661,151.99908088235293,15.63353345371267,15.367430971440038,17.267023028739562,17.561749217870435,17.50306127564158,17.594705166235954,40.52363503133413,reggae,活力,0
-91.4528579711914,98.79366302490234,-23.196144104003903,46.87300491333008,-6.847095012664795,29.294330596923828,-9.95794677734375,25.666126251220703,-10.203301429748535,19.62326431274414,-8.207199096679688,13.411508560180664,-6.494057655334473,2059.02477480452,4553.198298832656,0.0723003673627223,0.18215873837471,0.4595962464809418,0.5348516702651978,0.4696690738201141,0.415274053812027,0.4530263841152191,0.4030114114284515,0.3855582475662231,0.373272955417633,0.456948459148407,0.5553932785987854,0.4715602695941925,0.4878983795642853,151.99908088235293,19.813564217449372,15.42131791571276,18.46637789783493,17.890736800136356,18.04502774686839,17.083859580582768,41.51375159935963,reggae,活力,0
-161.7779083251953,78.69161224365234,-19.24317169189453,55.11003494262695,13.188936233520508,30.961427688598636,-7.010763168334961,24.29537582397461,-12.82742404937744,21.51841926574707,-13.527458190917969,12.775018692016602,-7.452332019805908,2354.8865441845637,5050.202279854263,0.1202474713602088,0.1078255102038383,0.3198305964469909,0.3647240400314331,0.4150962829589844,0.4991753399372101,0.3586951494216919,0.3798599243164062,0.45276540517807,0.4006913304328918,0.4545298516750335,0.5086637735366821,0.5628016591072083,0.4257515072822571,129.19921875,18.71105209874681,14.715375324779432,18.005812584396075,18.598351784530305,18.29647965532642,18.536817950622545,40.57184221456286,reggae,活力,0
-169.15335083007812,110.45999908447266,-8.576199531555176,43.88425064086914,0.274969607591629,26.63741683959961,-14.368151664733888,13.034432411193848,-11.149249076843262,8.130108833312988,-7.692966461181641,10.910651206970217,-8.175924301147461,1811.4103936654164,3854.85137443808,0.072149691246133,0.1236647814512252,0.4120440483093261,0.3333141803741455,0.3895793855190277,0.3703588247299194,0.3089513182640075,0.3867908716201782,0.288708359003067,0.3299849331378937,0.2435292303562164,0.2976820468902588,0.4228180348873138,0.4018924832344055,135.99917763157896,19.96482895649023,17.050832121703678,21.10992319733481,19.30123059004372,20.55335475759482,18.597363006000077,38.30434882089183,reggae,活力,0
-177.2835693359375,110.98926544189452,-15.664685249328612,36.7674560546875,0.0534771829843521,24.459619522094727,-3.758826732635498,18.42155265808105,-3.356894254684448,13.789158821105955,-2.092428207397461,8.603011131286621,-5.942914009094238,1708.9705332649198,3582.5804247933584,0.0737470846626063,0.1268021911382675,0.3644011616706848,0.299287885427475,0.4167633354663849,0.3661180436611175,0.4444215297698974,0.3823737502098083,0.3241147398948669,0.4260165989398956,0.3667068481445312,0.3340183198451996,0.2715051770210266,0.3537263572216034,123.046875,20.62942543876805,17.649122006814295,21.07119782745214,19.985163791276577,20.407499350093968,18.67383226397641,37.11986612523866,reggae,活力,0
-171.62008666992188,99.35643005371094,-8.280707359313965,49.61246109008789,1.0821393728256226,31.125253677368164,-7.139069080352783,15.894790649414062,-1.3649510145187378,12.743274688720703,-5.194912910461426,11.808011054992676,-5.326038837432861,1840.8628555568264,4007.290798107599,0.0745438931989559,0.1343009173870086,0.3918124139308929,0.3857669830322265,0.4165759980678558,0.3705092966556549,0.4738517105579376,0.4232518672943115,0.4651300311088562,0.406228244304657,0.2970588505268097,0.313223123550415,0.3617397844791412,0.5287308096885681,135.99917763157896,19.601041290868363,15.960862822686297,20.346289843152903,20.02452221883381,20.814238606408868,19.39784232680161,38.1733076731581,reggae,活力,0
-177.52110290527344,89.96063995361328,4.589544773101807,40.16101837158203,0.1661875396966934,23.184371948242188,-9.906549453735352,12.780388832092283,-7.307859420776367,18.74725341796875,-5.744415283203125,6.122314453125,-9.918660163879396,2086.3916625200486,4678.8586114232885,0.0873490973027842,0.1277888268232345,0.4780482947826385,0.3908454477787018,0.3602664470672607,0.3314318656921386,0.4523820579051971,0.4581551849842071,0.3897968530654907,0.4625495672225952,0.3789837956428528,0.3477213382720947,0.3504301309585571,0.4466779232025146,135.99917763157896,18.805949413456016,15.832066712131908,19.728416893885957,18.70657190758564,18.79681984652785,17.680248446732215,38.79171389953488,reggae,活力,0
-256.2340087890625,104.23236846923828,-7.269489765167236,56.26861572265625,11.037997245788574,27.32465362548828,5.8307719230651855,17.7820987701416,-1.2737303972244265,14.674842834472656,-3.4666900634765625,10.861863136291504,-2.460355520248413,1640.7106468821482,3497.346910799739,0.0678076511745939,0.0728460401296615,0.4337012767791748,0.5005648732185364,0.4533405900001526,0.5050739645957947,0.4727628231048584,0.4694638848304748,0.4735670089721679,0.5166536569595337,0.6500693559646606,0.5154505968093872,0.4634718000888824,0.3951472043991089,151.99908088235293,27.880184035716063,16.2831908061659,17.18065944649873,16.788057918427697,16.55526682098308,17.828069927071684,33.86710430753811,reggae,活力,0
-202.0449676513672,111.10006713867188,8.902878761291504,51.81521987915039,1.3010833263397217,30.039167404174805,-4.50827169418335,22.444955825805664,-7.142241954803467,11.495427131652832,-4.753539085388184,10.595638275146484,-2.635942220687866,1585.361927340042,3735.860859103104,0.0436575551044083,0.1038223579525947,0.6396760940551758,0.4613943994045257,0.3429610133171081,0.3235787749290466,0.3863806128501892,0.5529167056083679,0.5318926572799683,0.4629048705101013,0.3163020312786102,0.2774893641471863,0.3727299869060516,0.4779588878154754,151.99908088235293,29.40813110370222,15.389588357133624,16.46915659897655,15.704515837709875,16.41549599357361,15.787911565103617,37.165662098129104,reggae,活力,0
-239.2930145263672,98.96102905273438,19.215805053710938,50.779666900634766,2.8353829383850098,32.23978805541992,-1.4994840621948242,16.728490829467773,-7.447702407836914,16.71643829345703,1.5062196254730225,16.054792404174805,2.8095521926879883,1814.1339363070715,4069.00099468895,0.070471106438515,0.0804594904184341,0.4079302251338959,0.5510483980178833,0.6696710586547852,0.6247256398200989,0.5564546585083008,0.4001699388027191,0.3762210309505462,0.4170747101306915,0.4728479385375976,0.5538657903671265,0.4283172190189361,0.3956500291824341,151.99908088235293,28.22729308645409,16.028299713496995,15.682929554422522,16.722848803386416,17.070142188227962,15.734455429206715,35.88980699826484,reggae,活力,0
-226.4379425048828,103.31864166259766,0.1176704913377761,43.95405197143555,10.61882781982422,35.18414688110352,8.42348861694336,21.13106918334961,-3.3074750900268555,15.53195095062256,-3.013962507247925,11.09414005279541,1.7773501873016355,1579.8511126280443,3541.995416273927,0.0586583254785382,0.0919410213828086,0.6489452123641968,0.5207538604736328,0.5427122712135315,0.3968876898288727,0.4153624176979065,0.3964201807975769,0.5037699341773987,0.6018973588943481,0.4398241639137268,0.3847123384475708,0.3982754945755005,0.633082389831543,161.4990234375,27.578911148670493,17.386235777770203,18.867145755014555,18.032404079539138,18.65744809902583,17.350263918632397,35.50026982065229,reggae,活力,0
-243.82345581054688,123.33696746826172,-15.560957908630373,38.88987731933594,6.496987819671631,25.51103973388672,3.038435697555542,17.182750701904297,-0.2187878042459488,8.984406471252441,-2.490307331085205,6.76583194732666,-3.447550058364868,1510.7924591573858,3319.1775576421114,0.0658314904775715,0.0638838037848472,0.4302211105823517,0.4374984502792358,0.6471956372261047,0.4768055975437164,0.492303192615509,0.522028386592865,0.4187344014644623,0.4254469573497772,0.4894088804721832,0.6109006404876709,0.5003846883773804,0.391173392534256,151.99908088235293,27.618014191970037,16.030768812776035,15.971277629463176,15.498614776415812,17.564759762925515,17.523385225608788,32.97306378906906,reggae,活力,0
-249.37835693359372,111.50118255615234,11.242058753967283,41.338905334472656,-2.882327079772949,34.5541877746582,0.4282833635807037,22.32777976989746,-9.970537185668944,10.22595500946045,-2.7978456020355225,8.755895614624023,-1.4459750652313232,1615.8305954532225,3560.6641871193447,0.0591141301720804,0.0741875767707824,0.4261152744293213,0.4204623699188232,0.4955526888370514,0.6317955255508423,0.5038027167320251,0.4366092085838318,0.327407032251358,0.4227728247642517,0.4198213815689087,0.3759911954402923,0.4825833141803741,0.4174363911151886,117.45383522727272,28.82285869047448,15.184393973516649,16.8960811558263,16.03201830441886,16.998594091547922,17.047139219752733,36.33269288600518,reggae,活力,0
-238.91705322265625,132.32330322265625,-0.101722240447998,41.22397232055664,2.420530319213867,19.089252471923828,7.958700180053711,19.936880111694336,-0.6286659836769104,11.096807479858398,-1.7136847972869873,9.9411039352417,3.0233516693115234,1291.4990686418096,2827.552713982744,0.044601263413573,0.0824471265077591,0.5477600693702698,0.4600310027599334,0.5595837831497192,0.5442347526550293,0.4765777885913849,0.4974586069583893,0.469696432352066,0.5396566390991211,0.4633980691432953,0.3491073548793793,0.3242186307907104,0.4146949350833893,184.5703125,28.049899787241497,16.231671523477946,17.64693010511894,17.82774676295463,17.833575792828714,17.95338683291695,33.0435936980485,reggae,活力,0
-223.38548278808597,114.2324676513672,-4.41199254989624,40.19879150390625,-5.081046581268311,24.66690444946289,0.7201274037361145,17.045570373535156,-2.362455129623413,11.148086547851562,-3.08459997177124,6.123610973358154,-5.687236785888672,1699.3251213149977,3786.1216534041473,0.061282506767208,0.0732116252183914,0.4922663271427154,0.5516282916069031,0.7257148027420044,0.4603696763515472,0.3829964101314544,0.4588690400123596,0.457942247390747,0.4476627111434936,0.3409241139888763,0.3945720791816711,0.3775169551372528,0.4113616943359375,107.666015625,27.61094394568449,15.266091249167664,16.32312551878664,16.243140252092438,16.97497965624789,16.204238246922056,34.5061117300606,reggae,活力,0
-236.6493682861328,91.68958282470705,1.881668210029602,45.46815490722656,1.2822023630142212,32.2618408203125,9.052180290222168,19.61058807373047,-5.0543060302734375,10.958242416381836,-4.002636432647705,7.53121280670166,-0.3306265771389007,1811.1579026505945,4119.003657011311,0.0592051400570379,0.0799605846405029,0.4771117568016052,0.5200576782226562,0.387972354888916,0.3121409118175506,0.3488560020923614,0.4325481653213501,0.6967393159866333,0.4995155334472656,0.3470962047576904,0.4234845638275146,0.3310878574848175,0.4388121366500854,86.1328125,27.475009693662106,18.48687424188003,19.831668939990163,17.727064875906198,17.853840638301097,17.557072796117946,36.36819761836563,reggae,活力,0
-242.43836975097656,98.31111907958984,-3.823008060455322,46.033687591552734,3.267761707305908,29.203752517700195,8.860404014587402,26.99290657043457,4.714049339294434,13.135102272033691,-0.6497430205345154,12.060078620910645,3.002152919769287,1709.7371262036545,3838.08944949971,0.0632575345610982,0.0863251984119415,0.5248551368713379,0.516173779964447,0.5787059664726257,0.5342114567756653,0.5183140635490417,0.4277921617031097,0.4291875064373016,0.4686200022697449,0.5618970394134521,0.5803931951522827,0.5398249626159668,0.5353360176086426,151.99908088235293,26.41116610331873,15.283497896872806,15.903947931360293,15.973541300304309,17.10978992803224,16.415289833667263,34.29810493461106,reggae,活力,0
-239.9852600097656,108.75726318359376,-8.204984664916992,32.18833541870117,-8.809303283691406,18.63970947265625,-4.675817489624023,15.522416114807127,-3.718152523040772,14.518621444702148,-4.797606945037842,6.407276630401611,-2.9404187202453613,1701.0178296815602,3693.693751359484,0.0655225855568445,0.0757555663585662,0.2454100251197815,0.2609679102897644,0.2671999335289001,0.3539308309555053,0.4756227135658264,0.4493683874607086,0.5278995037078857,0.5046995878219604,0.4926503002643585,0.3440674245357513,0.2618775069713592,0.3029130399227142,95.703125,30.230774559138464,16.67656988245416,18.75927940767993,18.89560731420316,18.771339073200053,18.806270516851683,35.53434407232429,reggae,活力,0
-300.4529724121094,99.25204467773438,53.02273178100586,43.22858047485352,18.88939476013184,24.840747833251957,-7.948949337005615,22.167064666748047,1.7830724716186523,24.789506912231445,8.392867088317871,20.708576202392575,2.805034875869751,1312.5009449202728,2648.3175255582946,0.0259347961378576,0.1037972718477249,0.5472298860549927,0.5944220423698425,0.5065693259239197,0.4924701452255249,0.4679411053657532,0.4809275865554809,0.5274201035499573,0.5221249461174011,0.4871279001235962,0.5170311331748962,0.455686867237091,0.4920386075973511,151.99908088235293,25.778718632330246,17.156983880880446,20.76030270937075,18.303025623622133,17.736456892249926,16.74852774243215,35.47309863617684,reggae,活力,0
-296.1459655761719,93.16973876953124,-31.41837310791016,29.494478225708008,-18.943124771118164,1.9469985961914065,-19.490215301513672,-6.239070415496826,-24.016157150268555,-7.100018501281738,-14.198105812072754,3.280731201171875,-10.582573890686035,2032.508027530644,3839.0303821962007,0.1010474067092034,0.0390471294522285,0.1971209198236465,0.2793523371219635,0.3551636338233948,0.3660211861133575,0.3377139866352081,0.3217977881431579,0.3975652456283569,0.3967701494693756,0.1939082145690918,0.2712916731834411,0.2563315629959106,0.2571266293525696,92.28515625,22.708376167530524,18.35388365499896,20.23237688639404,18.705317445120578,18.362871927970037,18.71509739689272,32.276841760083244,reggae,活力,0
-177.4196014404297,89.65581512451172,9.641183853149414,65.46586608886719,-0.997908651828766,15.532965660095217,8.030997276306152,16.351896286010742,0.2724184989929199,2.637974739074707,2.8926405906677246,0.6466755270957947,2.585582971572876,1930.4048085685065,4120.219375362529,0.0590057491057617,0.1199120283126831,0.3935376107692718,0.3260327875614166,0.3523550629615783,0.299141377210617,0.3154846727848053,0.4138338565826416,0.2834678888320923,0.2596070468425751,0.3099271953105926,0.4490721225738525,0.6395823359489441,0.4432346522808075,143.5546875,25.259312768673382,17.933174236250895,21.15500469288684,19.334752357540776,18.699267655289955,17.893683503776384,17.81933017885087,reggae,活力,0
-174.87034606933594,79.32584381103516,-24.30524444580078,17.9700984954834,24.484270095825195,15.731203079223633,7.471101760864258,4.228035926818848,3.925223827362061,4.808933734893799,2.764936923980713,1.72539222240448,-2.34260892868042,2479.991063724072,5047.412789116879,0.105634531491686,0.0712408870458602,0.4612222015857696,0.4680177569389343,0.4848004877567291,0.4113674163818359,0.4282000064849853,0.3135307431221008,0.4380881786346435,0.4630471467971802,0.4153404235839844,0.507256031036377,0.4003674387931824,0.4117581248283386,123.046875,20.750224051139856,15.801703129758538,18.927033927401475,19.13061302128601,19.473063087990884,18.672504113302352,15.349159077157369,reggae,活力,0
-164.63868713378906,142.70457458496094,-41.48604965209961,41.2175407409668,16.174034118652344,-5.58043384552002,7.631643295288086,5.613570213317871,0.7995733022689819,-10.474629402160645,-2.337158679962158,-0.4905386567115783,-3.068358898162842,1484.7799129182074,2775.1852296621228,0.0760128909271075,0.1106081902980804,0.6161965131759644,0.2477908879518509,0.2248604595661163,0.2670646607875824,0.4925625920295715,0.4308165907859802,0.3266198635101318,0.4852749109268188,0.2273274958133697,0.2225174754858017,0.1414864510297775,0.3344517350196838,151.99908088235293,24.178542782944028,15.968074669835756,20.0649004977675,19.5209390544654,19.41037536843558,21.781716026572656,15.398543485967975,reggae,活力,0
-104.17263793945312,83.90962219238281,18.85296630859375,28.910249710083008,10.62236213684082,9.324544906616213,9.320573806762695,6.528050899505615,3.003523826599121,2.4854519367218018,2.7980239391326904,-0.1978268772363662,3.1041364669799805,2455.426131281741,5584.577109918793,0.0875722792198375,0.1524007469415664,0.4204530715942383,0.3964283764362335,0.5055891871452332,0.6581076979637146,0.4698929190635681,0.3830869197845459,0.3413771390914917,0.5060251355171204,0.465367704629898,0.3818552494049072,0.4790988862514496,0.3832933604717254,172.265625,23.06918490315164,15.078994943045812,17.550121240532633,17.220585802206053,17.417902667121744,17.1889390732074,15.339000220143015,reggae,活力,0
-120.34941864013672,16.420616149902344,25.026824951171875,37.23860549926758,9.279793739318848,13.024576187133787,3.2330543994903564,5.978342533111572,4.086191654205322,1.7150487899780271,1.9000333547592163,2.675161838531494,2.021357774734497,4281.984674096292,7925.459448865284,0.2237736701227765,0.0911842584609985,0.4850628674030304,0.4478330314159393,0.4729377627372741,0.4578223824501037,0.5116194486618042,0.5171605348587036,0.377000093460083,0.4008120596408844,0.3494286835193634,0.4743957817554474,0.5456981062889099,0.4527991414070129,161.4990234375,19.67809725781557,15.365549019066826,19.25377124707297,17.759120137361787,18.29263152326644,17.136808252622576,15.90894714138986,reggae,活力,0
-169.06036376953125,79.51624298095703,15.22234344482422,42.73927688598633,7.678778171539307,17.02875518798828,-5.98288631439209,0.539121150970459,0.0580450482666492,-0.9593686461448668,0.8281723856925964,-1.5911511182785034,-2.891855478286743,2322.2154852399008,5227.597237075841,0.0809640552494199,0.0934351757168769,0.4126990139484405,0.3618867993354797,0.3193913996219635,0.3800734579563141,0.2805640995502472,0.2857707440853119,0.3204427361488342,0.2422583997249603,0.2632511556148529,0.2376191318035125,0.3648320734500885,0.424424797296524,172.265625,24.81357985511777,16.910545740484658,20.06383294875711,17.940208031246257,18.416876243688524,17.63354274128259,16.58446915401299,reggae,活力,0
-140.3340301513672,69.64920806884766,-9.967759132385254,52.151145935058594,3.252592802047729,4.558452606201172,-3.4963841438293457,2.917757749557495,-6.563016414642334,-2.655315637588501,-1.7345277070999146,-6.945272445678711,-5.833262920379639,2478.0490603630687,4759.937033243909,0.1149432188950116,0.1092484891414642,0.4089664220809936,0.3212954401969909,0.3708752989768982,0.3053287267684936,0.3172094523906708,0.3890201449394226,0.3489193916320801,0.4687472581863403,0.3485024869441986,0.2939570546150207,0.2455996125936508,0.2913016974925995,143.5546875,21.64896804220352,17.28210894581232,21.312920868911583,19.10189701317294,19.36226559011962,18.60777588457984,17.082519133244162,reggae,活力,0
-123.69994354248048,66.20999908447266,8.186224937438965,49.73067092895508,8.534509658813477,25.871931076049805,-5.387690544128418,12.882779121398926,-2.5431156158447266,6.80886697769165,-3.566335916519165,7.638636589050293,-2.051774263381958,2673.223822306729,5608.450154527987,0.1111676303895978,0.1201582998037338,0.313830703496933,0.3176025152206421,0.4382477700710296,0.3091048002243042,0.2664228081703186,0.390657514333725,0.4306094050407409,0.5717817544937134,0.4736237525939941,0.3518605828285217,0.4648306369781494,0.3527015745639801,89.10290948275862,21.526841631541625,16.39016368281092,21.568198524310034,19.161397688037795,19.300235568078403,17.645834332697344,20.85660618345108,reggae,活力,0
-121.54207611083984,89.58557891845703,23.78901481628418,32.782005310058594,8.866973876953125,-2.6041195392608643,6.634385108947754,1.7822744846343994,-2.938577651977539,-3.0915277004241943,-0.6919334530830383,-5.426301002502441,-6.542258262634277,2322.240523866596,5450.573305630075,0.0806895150570378,0.1328555345535278,0.4992101788520813,0.484451562166214,0.3948261439800262,0.5203184485435486,0.3837323784828186,0.3102873861789703,0.2522232830524444,0.3261289000511169,0.3848636746406555,0.2471877634525299,0.2925183773040771,0.3398535847663879,95.703125,24.625107188471063,16.51145166395781,19.015863665000243,19.06284665030149,17.644287643249502,18.142735659014697,16.19220301642142,reggae,活力,0
-104.97808837890624,66.42008972167969,-2.311486005783081,24.598464965820312,8.404792785644531,6.762863636016846,1.679235816001892,5.180795669555664,1.04792582988739,2.19036078453064,2.9473705291748047,4.57408332824707,4.200725078582764,2955.030353182864,5869.496526518997,0.1270365821974091,0.1309873908758163,0.4378483593463897,0.4775347113609314,0.4518440663814544,0.5551214814186096,0.4653364717960357,0.3826960623264313,0.4614100158214569,0.3854137063026428,0.3912267982959747,0.3450575470924377,0.5316219925880432,0.6386932134628296,95.703125,22.546545144543927,16.436285447075445,19.146740376529635,18.03856499215986,17.47975210903152,17.46208480808769,15.253796174713052,reggae,活力,0
-154.95240783691406,-1.471577763557434,22.345401763916016,30.435306549072266,2.1002306938171387,28.603309631347656,16.997474670410156,13.430587768554688,8.50512981414795,6.496805191040039,9.778131484985352,10.906737327575684,2.177259683609009,4274.292786512983,7674.580146099188,0.2746308246326372,0.117376834154129,0.5589644908905029,0.501919686794281,0.5313607454299927,0.6005164384841919,0.6098116636276245,0.5380030274391174,0.530797004699707,0.5064993500709534,0.5418416857719421,0.5199795961380005,0.6215652227401733,0.77528977394104,129.19921875,16.903377408897562,11.891007796637869,13.909965747270537,14.802754027011137,15.564452913445503,15.89647961876285,16.108771686361436,reggae,活力,0
-85.3402328491211,60.939640045166016,34.79256057739258,19.793851852416992,16.717466354370117,7.96906566619873,9.3023099899292,11.351190567016602,1.3844680786132812,-0.0830084756016731,6.404622554779053,3.6226322650909424,5.658960819244385,3289.103400575464,7286.299689131381,0.1340670014017788,0.1899330466985702,0.4459885656833648,0.575752854347229,0.4891254603862762,0.4955520331859588,0.6392694711685181,0.6639769077301025,0.6321098804473877,0.5147056579589844,0.4366126656532287,0.3881610929965973,0.3472504019737243,0.3959102034568786,99.38401442307692,15.876512308637489,14.34771674837504,17.816946450899273,17.35243426047694,16.960242832922738,16.532661936242434,14.858584162894426,reggae,活力,0
-251.3311767578125,105.83570098876952,2.162297010421753,32.47584915161133,16.53575325012207,8.277351379394531,10.35033130645752,5.496450424194336,0.8677845597267151,8.34278392791748,-0.6285378932952881,9.88725471496582,-1.84756600856781,2004.658415827636,4159.813490157338,0.0897534953837973,0.0630290955305099,0.4415503144264221,0.4675457179546356,0.5610445141792297,0.5122526288032532,0.5282869935035706,0.4758695960044861,0.3867565989494324,0.4146729409694671,0.4181907176971435,0.500238835811615,0.4436794817447662,0.4814821183681488,151.99908088235293,21.27553469924486,12.806843621309843,16.27753326485377,15.868418600375511,16.677805522462737,19.550680718659702,21.42927415201734,reggae,活力,0
-182.2127990722656,83.50316619873047,4.883158683776856,12.692699432373049,30.06457901000977,17.20295524597168,6.104851722717285,7.696018695831299,7.146987438201904,8.881940841674805,-2.1440815925598145,5.718442440032959,1.4553061723709106,2542.483268553463,5477.693817067865,0.1015772277407192,0.096835047006607,0.3223225474357605,0.474362313747406,0.4264354109764099,0.3763792812824249,0.5232106447219849,0.4272756576538086,0.3784430921077728,0.2779303789138794,0.3482336103916168,0.4771443903446197,0.3674602806568146,0.3579064607620239,151.99908088235293,19.352734589737683,16.495415430251825,19.52202657377112,18.611979961875512,21.802523022977315,21.06238353840528,15.821495894010834,reggae,活力,0
-130.3849639892578,84.30335998535156,29.343412399291992,23.83000946044922,8.269281387329102,13.85476016998291,2.230090618133545,2.9289231300354004,2.583126306533813,0.0972500443458557,2.335121393203736,2.7418041229248047,3.752688407897949,2525.5469562709054,5595.360365157338,0.0821962762229311,0.1128844022750854,0.5474355816841125,0.4053661823272705,0.4820392429828644,0.4110675752162933,0.4093931317329407,0.3299782574176788,0.3673388361930847,0.5012602806091309,0.4520734846591949,0.4912433624267578,0.5042577385902405,0.6401046514511108,129.19921875,20.39134077385922,15.247529233626894,18.1917921461376,16.857825400988038,16.83964123589532,16.94327283202625,15.542824159705503,reggae,活力,0
-162.5001220703125,98.50553131103516,-1.639286994934082,20.811336517333984,12.054912567138672,11.739405632019045,6.087686061859131,4.953259468078613,1.6935802698135376,3.0457839965820312,-0.8581664562225342,4.114119052886963,3.4215340614318848,2173.8734628702277,4658.516146135441,0.0831569780790796,0.1004758775234222,0.4738220870494842,0.3811765611171722,0.412663072347641,0.4965172111988067,0.3945805430412292,0.3482960164546966,0.3552466034889221,0.4884237647056579,0.2641710042953491,0.2164688557386398,0.2875337302684784,0.326886236667633,151.99908088235293,18.86873439709764,15.347127093280193,19.193841204447807,18.09544928137268,18.032934473193805,19.174426145973552,16.169860477827054,reggae,活力,0
-177.44117736816406,98.3211669921875,14.72994327545166,21.14199447631836,14.945245742797852,10.19700527191162,4.980916976928711,0.8440795540809631,4.833774089813232,6.865349292755127,3.5423429012298584,-0.3503008782863617,0.5797671675682068,2169.6559456996456,4773.88448693083,0.0788428829514694,0.1032981872558593,0.3646789789199829,0.4167974293231964,0.5463567972183228,0.4319875240325928,0.2935435175895691,0.3000137507915497,0.3315109610557556,0.4321035146713257,0.2955390810966491,0.3549221158027649,0.3842120468616485,0.3261389136314392,95.703125,19.145034635254135,16.212762959220484,20.195096264421007,18.573230303791888,20.282112671990276,20.91195390062274,15.414602612732102,reggae,活力,0
-169.3655242919922,83.94522094726562,11.218589782714844,12.120246887207031,21.05663681030273,9.510336875915527,0.93732750415802,2.199739933013916,0.8741441965103149,1.655863881111145,-0.4098269641399383,0.732944130897522,-4.780016899108887,2631.1187832454702,5698.113546349333,0.1119542427977571,0.0911335870623588,0.3164176344871521,0.3742800951004028,0.4847017526626587,0.3950192332267761,0.4145930409431457,0.3730197846889496,0.4619830846786499,0.3256034851074219,0.2862493097782135,0.3256619870662689,0.3146957457065582,0.3887858390808105,123.046875,18.234052165321437,15.231197475635028,18.5959032953845,18.32709718713824,19.13883569276376,19.0836345441368,16.451185683849815,reggae,活力,0
-93.51898193359376,80.19956970214844,-0.3210922181606293,15.246740341186523,4.335902690887451,9.050053596496582,1.6788755655288696,2.5456697940826416,-4.296264171600342,0.9993396997451782,-1.6968483924865725,-2.9973220825195312,2.262345552444458,2671.481384342479,5699.20436213022,0.1173619670823665,0.1263801902532577,0.4144082367420196,0.3488907516002655,0.4902182221412658,0.3626687526702881,0.3423792123794555,0.4655281603336334,0.3023431301116943,0.2925279140472412,0.2666749954223633,0.3858657777309418,0.4989595115184784,0.339855283498764,151.99908088235293,18.4895031425595,15.572004210374727,19.753642005056307,18.567049970524398,18.800925165172977,17.713526957423838,16.20215585207402,reggae,活力,0
-301.4973449707031,77.2353744506836,-13.607271194458008,39.30775833129883,1.6184664964675903,16.896568298339844,-7.250595092773437,-3.6030778884887695,1.1652854681015017,-3.265978574752808,-8.429975509643555,-3.6008188724517822,-2.606485605239868,2395.51021356466,4791.645632431844,0.118502045267788,0.0258216094225645,0.3164924681186676,0.297208696603775,0.3843734264373779,0.2424273192882537,0.2384038120508194,0.1709180772304535,0.2437165230512619,0.3964057266712188,0.2953397333621979,0.3466841578483581,0.2691255211830139,0.3896454572677612,112.34714673913044,21.19482448658904,19.99690958126828,24.075308525546323,21.721564477302586,22.71331884818234,21.212520222614238,19.75403558746697,reggae,活力,0
-74.10668182373047,57.9962043762207,9.13595962524414,29.254283905029297,12.531283378601074,-0.1868655681610107,0.1599948108196258,1.3688496351242063,-5.0895094871521,1.3554950952529907,2.846724271774292,-1.5618767738342283,0.8844494223594666,3123.715745645115,6474.557884552639,0.1335428448859242,0.180926963686943,0.4421882331371307,0.5115274786949158,0.4117430746555328,0.4362110793590545,0.4281683564186096,0.4332850277423858,0.3535793423652649,0.3859594762325287,0.4415983855724334,0.3184171617031097,0.2880427539348602,0.2963624894618988,92.28515625,25.93908474397359,15.831405405879655,20.314054281394757,19.495612011505763,19.419470247186204,18.35724945425316,16.038209055641993,reggae,活力,0
-265.698486328125,80.6396255493164,9.737632751464844,36.64745330810547,27.827783584594727,12.08629322052002,15.011353492736816,15.113030433654783,6.559152603149414,6.2827467918396,7.484470367431641,5.643650531768799,4.348831653594971,2112.968318838473,4785.22564031685,0.060844073255027,0.0573087781667709,0.3786787688732147,0.3678451478481293,0.3167927265167236,0.3193758130073547,0.4164249002933502,0.5002654194831848,0.6848886609077454,0.5938624739646912,0.45722696185112,0.4381996691226959,0.412423700094223,0.4531981647014618,151.99908088235293,19.556521691255817,16.010705176766944,19.282133640597827,18.4573677136992,18.544594831733573,17.628148835984973,14.779562874451896,reggae,活力,0
-168.58929443359375,109.53915405273438,-20.654815673828125,38.94364929199219,7.957733631134033,0.3369375765323639,6.048094749450684,4.08280611038208,-1.364237666130066,0.1204360052943229,0.2426943331956863,0.3473123610019684,5.3022565841674805,1910.8838166956768,3940.284732544229,0.0833352215052204,0.0975362658500671,0.479243665933609,0.5035213232040405,0.589501678943634,0.4458133280277252,0.3622542917728424,0.4038951098918915,0.3322955965995788,0.3574728369712829,0.3506225347518921,0.4617842435836792,0.3947274386882782,0.3121448755264282,92.28515625,17.271673627904587,15.536331296419354,19.82925379739353,19.34051388534429,20.293843999954785,21.044164556183578,16.031129145589478,reggae,活力,0
-70.07770538330078,54.36587524414063,15.587820053100586,19.808748245239254,27.01523208618164,13.240906715393066,0.6896495223045349,10.069890022277832,6.682559967041016,-0.3086640834808349,2.9699032306671143,6.021378517150879,1.096113204956055,3094.4494679187587,6975.225674303944,0.1008642540361562,0.2676790952682495,0.4447745084762573,0.4701457321643829,0.3888315260410309,0.4182138741016388,0.4952445030212402,0.4212309420108795,0.3761415779590606,0.3328425586223602,0.3792509734630584,0.4020091295242309,0.3788457214832306,0.4939555823802948,172.265625,28.023086665205494,18.22252697514008,20.82142352968108,18.609742949275123,20.00824810691244,18.461524608649054,16.85566032084417,reggae,活力,0
-66.10892486572266,97.8838119506836,-18.831674575805664,26.931943893432617,14.003507614135742,6.007767677307129,9.442090034484863,10.566116333007812,-0.1422595679759979,8.125618934631348,10.533843994140623,8.000865936279297,3.814155578613281,2081.187059476724,4365.952692231003,0.082821261117556,0.2980298399925232,0.4684480726718902,0.3449669182300567,0.2470987737178802,0.2881283164024353,0.3840179443359375,0.5553571581840515,0.4158947765827179,0.3731891512870788,0.3183119297027588,0.2971802651882171,0.4599557518959045,0.3594803810119629,89.10290948275862,18.93650827652152,16.907612790111063,19.48698899235176,18.371979013622976,17.873601886134484,19.25692239860604,16.001435306849125,reggae,活力,0
-147.10287475585938,120.1090850830078,-21.602928161621094,39.639434814453125,6.94243049621582,15.08375644683838,-1.0146863460540771,15.940521240234377,2.5470614433288574,4.496181964874268,0.0156983789056539,4.326937198638916,4.640974521636963,1629.2960017192215,3258.641445221868,0.0670882576856148,0.1290926337242126,0.2972248196601867,0.2915652394294739,0.4166440069675445,0.4329138696193695,0.5892977714538574,0.4391748011112213,0.3329955041408539,0.3902688324451446,0.34617879986763,0.4316374957561493,0.3324159979820251,0.3697259724140167,161.4990234375,24.07427839116936,16.822876701242503,20.00917639940889,19.280433743279843,18.97039410767245,18.124182269699403,21.52928924744765,reggae,活力,0
-132.9563446044922,117.10543823242188,-2.7939982414245605,22.532909393310547,25.915470123291016,0.287175178527832,13.512288093566896,3.403406143188477,4.527342796325684,0.5465050935745239,-0.0692686438560485,5.095456123352051,-0.1543873250484466,1728.9380569839393,3519.6045488326567,0.0604683270494972,0.1400678753852844,0.3372631967067718,0.3448124229907989,0.4655652344226837,0.385694146156311,0.4197990894317627,0.4129260182380676,0.3911867439746856,0.4319632053375244,0.4438170790672302,0.496073305606842,0.3172822296619415,0.3089312016963959,161.4990234375,18.02565446005064,16.278725401006447,19.34927641940105,17.660943796285995,19.47590138326477,18.985810664201534,15.573833857442828,reggae,活力,0
-194.7790985107422,83.05220794677734,-0.7635784149169922,32.33564376831055,2.809826612472534,23.16437339782715,2.972536325454712,14.22482204437256,8.545867919921875,10.442086219787598,7.072536945343018,8.811518669128418,1.4220292568206787,2104.695061638517,4381.024269050899,0.0778312004543696,0.0953127816319465,0.3106835782527923,0.3399744033813476,0.4985718727111816,0.4083049893379211,0.402758777141571,0.3265644609928131,0.3003101646900177,0.4193390011787414,0.3135310709476471,0.3416664600372314,0.2902386486530304,0.3502208590507507,135.99917763157896,21.034818447423035,18.17127414034401,22.316724754624055,21.475541521742304,20.277780389489998,17.71573184679067,18.02192562421733,reggae,活力,0
-142.864990234375,83.64266967773438,21.93134307861328,33.857208251953125,4.630733013153076,4.171854496002197,1.9529550075531008,21.814586639404297,-5.948422908782959,0.4980754256248474,17.41832160949707,-11.42819881439209,10.545863151550291,2460.5870773027177,5286.859343278712,0.0803745679862722,0.1257111877202987,0.3646229803562164,0.3016770482063293,0.3258002996444702,0.2700159549713135,0.322730541229248,0.48719322681427,0.3226528763771057,0.2686300277709961,0.2982832193374634,0.4041370451450348,0.592521607875824,0.3927013576030731,143.5546875,23.312287628940695,16.812310167247198,20.70608289119761,19.87934833113324,18.75254309223569,18.479883259961017,16.621095472747296,reggae,活力,0
-136.7908935546875,75.60449981689453,-5.326231479644775,23.45625114440918,0.7752963900566101,12.28790283203125,4.473608493804932,5.164086818695068,-0.0625443011522293,9.036550521850586,4.886802673339844,2.33239221572876,5.495945453643799,2288.627178100081,5005.570428056119,0.0609856861465583,0.1489950716495514,0.3167570829391479,0.3879254460334778,0.5712274312973022,0.3869219124317169,0.2865651547908783,0.2772552371025085,0.3679620623588562,0.4565654397010803,0.3656859695911407,0.3840972185134887,0.432858407497406,0.3346115052700043,172.265625,29.170620047868027,17.125630929909814,19.98140820324667,19.36142026957789,18.281474777394266,18.241571721476983,16.5131663176697,reggae,活力,0
-141.76858520507812,44.18373489379883,21.72969055175781,43.29262924194336,21.7321720123291,11.185504913330078,3.54560661315918,15.014225959777832,-1.7388556003570557,6.430994987487793,6.913938522338867,0.7089671492576599,3.963004350662232,3109.732764527137,6393.12140869707,0.1215892063031709,0.150790274143219,0.5133218765258789,0.4292453229427337,0.4195035398006439,0.3653595149517059,0.3836486041545868,0.3782786726951599,0.3620175421237945,0.4293335974216461,0.3877841234207153,0.4338937401771545,0.3984289169311523,0.4078720808029175,143.5546875,26.87814704152928,16.928720564097038,20.62037850085891,19.64468974122037,18.918369454170502,17.747562393526724,16.294179219302677,reggae,活力,0
-94.26048278808594,68.13410186767578,4.029074192047119,7.63262128829956,12.799715042114258,-3.186748504638672,-3.911666870117188,3.817122220993042,-6.116797924041748,-0.3535827994346618,0.3277284502983093,-4.678537845611572,-3.011047601699829,3089.7484730911488,6574.88795588022,0.1361556971432714,0.1428464651107788,0.3682393431663513,0.4633359014987945,0.4820030331611633,0.4194073379039764,0.4716027379035949,0.4465001225471496,0.5130807161331177,0.4041763246059418,0.3929347395896911,0.4832132160663605,0.3706223666667938,0.3789465427398681,112.34714673913044,25.99133481171459,15.127412873005031,17.74968135922459,17.76529471693202,17.40323416147384,16.6029010825959,15.205288431244886,reggae,活力,0
-105.91555786132812,88.0167236328125,19.37373733520508,30.624731063842773,10.023094177246094,18.01323127746582,3.669453620910645,8.916311264038086,5.817336559295654,8.875632286071777,5.665060043334961,10.551831245422363,5.903658866882324,2152.9019278799583,5073.059450224768,0.0510316215922273,0.1921616196632385,0.5267974734306335,0.4244347512722015,0.3722931146621704,0.3334765136241913,0.3669202029705047,0.3981108069419861,0.3482088148593902,0.3786933124065399,0.4198000431060791,0.55903160572052,0.6761757135391235,0.5908964276313782,172.265625,24.891877416588542,15.06080419193426,19.471338225858226,17.92154269926659,16.711413793552957,15.558075235542749,16.206816875107155,reggae,活力,0
-105.8951187133789,88.19100952148438,19.303367614746094,30.58720588684082,10.000638961791992,17.93559455871582,3.6842968463897705,8.918493270874023,5.854394435882568,8.842855453491211,5.608967781066895,10.507835388183594,5.925192356109619,2148.49442922645,5063.999850456787,0.0509934805201082,0.1921539902687072,0.4885537028312683,0.3998502194881439,0.3552992045879364,0.3425334095954895,0.4002604484558105,0.3731585144996643,0.35726198554039,0.3979076445102691,0.4761279225349426,0.6482974886894226,0.6591902375221252,0.5566046833992004,172.265625,24.87947125679524,15.062446030204894,19.3696440141562,17.906022230054354,16.710585237782496,15.535201637056923,16.215553854683336,reggae,活力,0
-63.82023239135742,88.24267578125,-27.58249282836914,18.59844398498535,-3.585768222808838,5.20340633392334,0.9885983467102052,8.04487419128418,-4.402099609375,2.272665977478028,4.1477813720703125,-2.203778028488159,10.26839828491211,2481.5194522237502,4847.385486151392,0.1350122202484532,0.1708973348140716,0.4212895631790161,0.3916314840316772,0.487123429775238,0.3769081532955169,0.3205998837947845,0.3563333451747894,0.3311026394367218,0.3962137401103973,0.3190548121929168,0.4586577117443084,0.4080268144607544,0.4096847176551819,143.5546875,20.379890540457264,13.509108054370126,18.002664244214557,18.824150814902183,18.748216751522115,19.7539062120381,17.72701547994786,reggae,活力,0
-105.7021255493164,76.07130432128906,19.506235122680664,36.742977142333984,3.759255170822144,11.673693656921388,0.0749008059501648,7.103166580200195,7.682288646697998,10.456472396850586,0.980607807636261,-2.189112424850464,-1.5151199102401731,2456.3701094702765,5054.457294083527,0.0882384262616009,0.2106896340847015,0.3591814339160919,0.2656660974025726,0.2616816461086273,0.3473531305789947,0.5596065521240234,0.3983234465122223,0.393657773733139,0.468851774930954,0.5490238666534424,0.7328477501869202,0.5046467185020447,0.4467182457447052,161.4990234375,20.51216442690645,16.556072938067338,19.25395175275129,18.69537119439348,17.878380723527584,16.7304098815545,16.781653719790476,reggae,活力,0
-151.81317138671875,105.13033294677734,-6.16091775894165,47.94136047363281,11.341760635375977,15.082947731018066,11.639795303344728,6.618643760681152,6.823285102844238,2.3987531661987305,-1.0343650579452517,-0.2174553573131561,-0.637147843837738,1778.172233591523,3821.785500652552,0.0608882564771848,0.1164922043681144,0.4898734390735626,0.3732357323169708,0.351100742816925,0.3297626674175262,0.3784193396568298,0.2978667020797729,0.3314561247825622,0.3724797964096069,0.3731735646724701,0.4744271636009216,0.4506525695323944,0.5248976945877075,143.5546875,20.28305203353749,16.34852414924065,17.303284420780976,16.321191527944205,16.45191925735641,18.94692344210483,16.045261777918515,reggae,活力,0
-175.51058959960938,78.04631805419922,-2.533932447433472,52.8558349609375,15.84418487548828,24.74444961547852,5.29890251159668,8.659985542297363,6.651281833648682,9.800028800964355,-3.353282928466797,4.116686820983887,2.3600361347198486,2316.9096279606247,4680.049349260441,0.0937492447312451,0.094318650662899,0.5009934902191162,0.4935796558856964,0.5350974202156067,0.4777984917163849,0.4035739004611969,0.376893937587738,0.3812169134616852,0.5246754884719849,0.4235298037528991,0.3984178304672241,0.4992471933364868,0.418801337480545,161.4990234375,18.83744833670313,17.411271684022683,19.290950446746987,19.44414482981114,20.3009076658924,19.83543144626861,17.781840898145166,reggae,活力,0
-155.62472534179688,57.04592514038086,-35.2984504699707,33.29460144042969,-14.1870698928833,25.26350212097168,2.5250751972198486,4.250631332397461,8.485697746276855,4.572159767150879,2.8271405696868896,2.580775022506714,2.825826644897461,3002.6481938382785,5293.021203415024,0.1863670968677494,0.0806141570210456,0.5322126150131226,0.701478898525238,0.5198724269866943,0.5879063606262207,0.5318098664283752,0.4191824793815613,0.4062831401824951,0.4172420799732208,0.4558812975883484,0.3871676921844482,0.375505656003952,0.3816514015197754,151.99908088235293,22.73278864411648,12.833948312830149,15.077519258881502,14.565386410372197,15.590426986919349,18.29085512693465,18.660441099276152,reggae,活力,0
-103.16382598876952,67.22570037841797,2.2265329360961914,28.50044631958008,4.17234468460083,11.872511863708496,14.247097969055176,14.287373542785645,3.257277011871338,15.844996452331545,8.03518295288086,4.460183143615723,8.67322063446045,2539.081379106247,5260.713071889501,0.0942975698472544,0.19564288854599,0.5270684957504272,0.473092645406723,0.393526941537857,0.3334574699401855,0.3272267282009125,0.3700803220272064,0.4275765120983124,0.4144110083580017,0.5163706541061401,0.5695077180862427,0.6745724081993103,0.6957945227622986,99.38401442307692,19.45146226016936,14.784672032592962,18.32541842922448,18.21276159224853,17.727596352989828,17.76574149702208,15.908083106990595,reggae,活力,0
-115.75506591796876,67.0791244506836,1.883468508720398,29.09653854370117,4.00648307800293,12.040892601013184,14.014686584472656,14.933622360229492,2.3025777339935303,17.0694580078125,7.582192897796631,4.99022912979126,8.537059783935547,2566.857509437963,5313.696742223753,0.0993816614704176,0.1793018728494644,0.5735436081886292,0.4881574809551239,0.4235514104366302,0.3416459262371063,0.32274129986763,0.3358908593654632,0.4151813387870788,0.405492752790451,0.4685960114002228,0.5620352029800415,0.6228334903717041,0.721287727355957,99.38401442307692,20.055647945053583,14.837865359655884,18.43505931770279,18.41002511325701,17.788371323353022,18.21740061159651,16.492610063844044,reggae,活力,0
-115.75506591796876,67.0791244506836,1.883468508720398,29.09653854370117,4.00648307800293,12.040892601013184,14.014686584472656,14.933622360229492,2.3025777339935303,17.0694580078125,7.582192897796631,4.99022912979126,8.537059783935547,2566.857509437963,5313.696742223753,0.0993816614704176,0.1793018728494644,0.5735436081886292,0.4881574809551239,0.4235514104366302,0.3416459262371063,0.32274129986763,0.3358908593654632,0.4151813387870788,0.405492752790451,0.4685960114002228,0.5620352029800415,0.6228334903717041,0.721287727355957,99.38401442307692,20.055647945053583,14.837865359655884,18.43505931770279,18.41002511325701,17.788371323353022,18.21740061159651,16.492610063844044,reggae,活力,0
-285.8719177246094,138.68125915527344,19.889305114746094,35.23310852050781,-8.018051147460938,7.073943614959717,5.402231216430664,-3.2044293880462646,-1.1590015888214111,3.1945815086364746,1.49178147315979,-4.045572280883789,-6.323490142822266,1366.6849879747774,2563.3254898673144,0.0711814367024362,0.0567508339881897,0.4318701922893524,0.3116028010845184,0.3716782331466675,0.2226610630750656,0.3165046870708465,0.3888594508171081,0.2351698726415634,0.3175358176231384,0.3095037043094635,0.4514692723751068,0.3008024096488952,0.2623522281646728,129.19921875,21.34638684660033,17.532166611414794,23.068160424883413,24.33037473226245,21.909911526659727,21.919580908414424,17.522038422288464,reggae,活力,0
-150.91212463378906,111.76229858398438,2.933833122253418,42.72235107421875,-3.5816025733947754,15.140650749206545,3.447406768798828,0.1941398084163665,-4.715359687805176,3.853785991668701,-0.8861766457557678,-5.347798824310303,0.6896016001701355,1788.5211001813198,3820.544801787268,0.0759743722206109,0.1141722053289413,0.4606185257434845,0.7099473476409912,0.4131704270839691,0.2773229777812958,0.2316953837871551,0.3253777027130127,0.2054124474525451,0.2071903496980667,0.3062540590763092,0.264285683631897,0.2375005781650543,0.2318809777498245,99.38401442307692,17.324451918388892,16.310591330070555,20.09785779831034,19.04942013385488,20.062643835371905,20.074073571379763,17.745567032866724,reggae,活力,0
-175.11410522460938,116.63851165771484,-55.12106704711914,59.89545440673828,1.9730682373046875,1.093350887298584,14.589569091796877,-3.2228152751922607,2.7886483669281006,5.700029373168945,-1.843657612800598,7.875682830810547,0.4008883833885193,1797.243496705914,3439.675230659078,0.0993631573859242,0.11949173361063,0.387559711933136,0.3191594779491424,0.4244197309017181,0.4109348356723785,0.5093420147895813,0.4630354940891266,0.4142913520336151,0.4856519699096679,0.3893917798995971,0.3298857808113098,0.2823753952980041,0.3351534605026245,86.1328125,23.51510351485988,16.100491340432207,18.408925493342498,17.444275984551474,17.410430432195433,24.10348082615976,17.083202845620047,reggae,活力,0
42.09144592285156,37.400421142578125,-7.909589767456055,4.485742568969727,8.942606925964355,3.531622648239136,3.087480068206787,1.6347403526306152,6.270096302032471,1.8271872997283936,-0.5557452440261841,-0.3981800973415375,1.6274765729904177,4435.732059302078,7625.9014510223315,0.2601477909899458,0.3509167432785034,0.6156830787658691,0.6404772400856018,0.7292842268943787,0.6044595241546631,0.6757385730743408,0.703158974647522,0.6001776456832886,0.6430349946022034,0.5856128334999084,0.6368592977523804,0.7324585318565369,0.7968780994415283,129.19921875,12.866113675920516,10.635942377751132,11.629447535266532,14.006771422596865,15.703250001288072,16.35239757156969,13.257530249255671,reggae,活力,0
-110.2119598388672,48.5562629699707,29.646896362304688,18.43599319458008,-0.463126540184021,4.65346622467041,-2.266833782196045,-6.59204626083374,-2.1460580825805664,-0.1494982242584228,-0.6792546510696411,0.5426738858222961,1.9057003259658811,3296.462832779134,6910.209723027842,0.1218324028422273,0.2077320516109466,0.4439880549907684,0.3736921548843384,0.4100542068481445,0.3869415819644928,0.4436661005020141,0.265191912651062,0.2772088050842285,0.4045495986938476,0.3659053146839142,0.4153836667537689,0.3948821127414703,0.4714456498622894,83.35433467741936,22.746595220941547,18.412398439467182,21.5991161159273,20.68277055086641,20.191556079831543,17.46716794324019,15.600191579837563,reggae,活力,0
-75.25608825683594,44.86506652832031,10.096426963806152,1.154051423072815,1.1483596563339231,-3.1336843967437744,0.1322477757930755,0.0567919164896011,-3.4559073448181152,0.105165883898735,-1.9297059774398804,-2.3094441890716557,-0.0652758851647377,3880.9607426552216,8249.673214091503,0.1891876480326759,0.120014987885952,0.370745986700058,0.4402000308036804,0.3347431719303131,0.3800337612628937,0.3477073013782501,0.4352499544620514,0.353920578956604,0.3219617903232574,0.4736537337303161,0.3725079298019409,0.3915432691574096,0.2843207418918609,107.666015625,24.86219087302066,15.662642680825162,19.10524253230468,18.783105630589358,18.782201355687583,16.85622793973328,15.723502467312498,reggae,活力,0
-194.36122131347656,157.10690307617188,-14.131715774536133,44.06763458251953,3.4900805950164795,17.45553970336914,2.982182741165161,5.828830242156982,3.0098605155944824,1.0710148811340332,2.5813632011413574,0.798550546169281,0.6509364247322083,1052.543425045613,2055.8963076421114,0.0380353344934261,0.1513712406158447,0.3082279562950134,0.3383122980594635,0.3811274468898773,0.5730772614479065,0.3775331676006317,0.3211542665958404,0.3026145696640014,0.4237798452377319,0.5321150422096252,0.3852519690990448,0.2852768898010254,0.2079957723617553,151.99908088235293,17.103398000628083,16.37505614188363,19.05594619040148,18.998248733769103,18.13431409908754,18.223083796813786,18.646278919270145,reggae,活力,0
-127.32550048828124,65.99195098876953,4.441191673278809,30.03376007080078,16.64228630065918,16.51213836669922,-6.404064178466797,15.292219161987305,4.611588954925537,5.086444854736328,5.585364818572998,-0.7835895419120789,6.05524492263794,2868.345135224565,5797.136304107454,0.1306569629737045,0.1442186385393142,0.4562737047672272,0.4253316819667816,0.582234799861908,0.4078545570373535,0.4133776724338531,0.419879674911499,0.5418452620506287,0.6074005961418152,0.4556894600391388,0.4657913148403168,0.399593710899353,0.4639329016208648,151.99908088235293,22.97009417677729,15.89745932970665,18.54446561707546,18.16833665370857,18.41675374002589,17.72310057152495,17.68882571142962,reggae,活力,0
-159.94903564453125,92.8315658569336,-28.738466262817383,31.43021583557129,-6.613217830657959,12.64838695526123,0.8581188917160034,10.94528102874756,-2.085534811019897,3.662652730941773,3.568859100341797,0.3236955404281616,8.558350563049316,2314.083798452271,4559.834788736224,0.1238357532144238,0.0688131153583526,0.4286869466304779,0.3867205381393432,0.477498322725296,0.3780481815338135,0.3399531841278076,0.3803201019763946,0.3518876731395721,0.3978031277656555,0.3259660303592682,0.4590798318386078,0.4187327921390533,0.4292701184749603,143.5546875,19.570748474617403,13.708601841769577,17.790618683357938,18.52794097167037,18.99318126437387,19.77045217912574,18.62401295154111,reggae,活力,0
-138.1492156982422,101.49220275878906,-35.34273910522461,36.13486099243164,-9.498245239257812,14.76323699951172,-0.2315678596496582,11.52083683013916,-2.100818634033203,3.403310537338257,4.196897029876709,0.1371899098157882,9.018026351928713,2170.387167840117,4305.982804796258,0.1199929457898298,0.0921224430203437,0.4238948822021484,0.3918099105358124,0.4846607148647308,0.3597171306610107,0.3490584194660187,0.3757476806640625,0.3548614978790283,0.3993428647518158,0.3306487202644348,0.4787079393863678,0.4069070816040039,0.4313214719295501,143.5546875,15.83616324875769,13.731312716595024,17.8485782026662,18.68893668163211,18.74029120988884,20.100080159033936,20.7833427349343,reggae,活力,0
-147.4672088623047,113.25333404541016,-6.285356998443604,9.108814239501951,24.549636840820312,-9.779300689697266,13.13139533996582,-1.99833619594574,-2.7058117389678955,12.224995613098145,-4.124791622161865,-1.0217458009719849,1.9693737030029297,2109.798559689395,4606.440101145592,0.0892859840245553,0.107080727815628,0.3412418961524963,0.3112198114395141,0.4561356008052826,0.3169050812721252,0.3336861133575439,0.2601435482501983,0.3807089328765869,0.5612512826919556,0.3979799449443817,0.3927702605724334,0.3031514585018158,0.3946869671344757,89.10290948275862,20.64254908437044,15.566209771165273,20.291016226248043,19.361744137938157,19.98863100560465,26.167304909916226,15.918284748852068,reggae,活力,0
-97.79846954345705,108.8294677734375,-24.920455932617188,21.306020736694336,12.562687873840332,7.77327299118042,-3.286352634429932,3.531932830810547,0.68951016664505,4.194190502166748,-9.668842315673828,4.263904571533203,2.458040714263916,2022.4897300831608,3834.3673529038574,0.0956185348994586,0.1346695125102996,0.2807141244411468,0.2802294790744781,0.4565982818603515,0.5096336007118225,0.2917077243328094,0.2492178529500961,0.2748202979564667,0.3677816987037658,0.4475563168525696,0.3856270909309387,0.4791970551013946,0.3649152815341949,129.19921875,28.16052187474955,16.095427089921767,17.98514571753099,18.09363440594192,20.122260358891705,18.915707805382425,16.994446219017238,reggae,活力,0
-69.06214904785156,79.14716339111328,13.084548950195312,29.38353729248047,0.2798949182033539,4.154809474945068,-0.4426152110099792,0.1770402789115905,2.803924083709717,0.6051488518714905,-2.8017468452453613,-0.5161707401275635,-3.183844566345215,2617.1778006286586,5719.163792869054,0.1031685790071539,0.1622456014156341,0.6586543917655945,0.4133655428886413,0.3293827474117279,0.3354375958442688,0.4817855060100555,0.4582517743110657,0.4132426977157593,0.4887414872646332,0.3841893076896667,0.4018717110157013,0.3243405222892761,0.404924988746643,123.046875,21.427912316227005,15.566978617063496,17.001980486903697,17.45515201430131,17.605749645834557,17.984539597915823,16.146538767584655,reggae,活力,0
-166.97625732421875,116.62676239013672,-44.22053527832031,70.51435089111328,2.3173787593841557,16.009483337402344,12.503331184387209,4.093496799468994,5.3214850425720215,4.5174102783203125,7.298410415649414,7.585031986236572,2.908709764480591,1630.16101822981,3183.699903023492,0.0796547968629157,0.1621066182851791,0.3806942999362945,0.3209033012390136,0.3945285677909851,0.4129796326160431,0.5368086099624634,0.5152102112770081,0.5474408268928528,0.5210282802581787,0.3713986575603485,0.3124260306358337,0.2938832938671112,0.3890347480773926,89.10290948275862,18.232177955768737,16.41658441395178,17.74462378642461,17.06243788514468,17.497049860004687,21.184014378483425,21.928899421688943,reggae,活力,0
-142.80992126464844,103.12613677978516,-15.22718906402588,38.25690841674805,-13.00216293334961,2.7503061294555664,-1.6656564474105835,-3.4389290809631348,-4.45270299911499,-9.28857707977295,-10.12706470489502,-2.118187189102173,-4.464890480041504,2007.0624463203944,4137.222778603538,0.0939863991202629,0.1106856018304824,0.4151569902896881,0.2410585135221481,0.2224376499652862,0.2029896229505539,0.2921148836612701,0.3631121516227722,0.191777154803276,0.2298664301633834,0.2567358314990997,0.3864918649196625,0.249839037656784,0.2131310105323791,161.4990234375,15.76556867801724,19.09341370281851,20.62112551872971,19.41689305393669,21.299096615578744,21.02632158631774,17.53210252657188,reggae,活力,0
-134.6123809814453,93.53314971923828,8.519338607788086,34.86710739135742,3.285314083099365,15.506226539611816,4.967833042144775,8.540955543518066,-1.29591166973114,2.727689027786255,5.071606159210205,11.859678268432615,4.4144606590271,2026.4167424052796,4462.868759969548,0.0648337804524362,0.1390800923109054,0.5694342851638794,0.4479453563690185,0.5169463157653809,0.5209341645240784,0.4265197217464447,0.3611553609371185,0.3435387313365936,0.4692408442497253,0.3075336813926697,0.2540550827980041,0.2713384330272674,0.4332986772060394,123.046875,20.73123377117176,14.902564215798249,17.669028669868396,17.799711839810225,18.7987680630297,18.307289859958928,17.67258641399907,reggae,活力,0
-67.11287689208984,80.68692016601562,-43.87355041503906,57.72136688232422,-12.790038108825684,33.588191986083984,-7.7333598136901855,14.119093894958496,-1.237234592437744,7.412739276885986,-2.04415225982666,6.099488735198975,-6.627344131469727,2467.1929456866374,4723.590385277697,0.1395963239559164,0.1800712198019027,0.4060256779193878,0.4214881956577301,0.4085835814476013,0.4888058304786682,0.5995883345603943,0.5453588962554932,0.3729760646820068,0.3584736883640289,0.3453100323677063,0.6543851494789124,0.3076482117176056,0.2651763260364532,117.45383522727272,27.474163284728192,14.438138083879712,18.92854143893076,18.124870084212205,19.8310746342863,18.437503819762217,30.19312028199312,reggae,活力,0
-116.6262664794922,109.25263214111328,-23.16375160217285,40.679481506347656,-11.888836860656738,23.152942657470703,-15.409276962280272,15.12498950958252,-13.522578239440918,12.695886611938477,-10.871556282043455,8.497990608215332,-11.577595710754396,1996.329188697747,4227.868737311485,0.0902202514742846,0.1290923357009887,0.3753868341445923,0.4899829626083374,0.495441198348999,0.4169099926948547,0.4765043556690216,0.3313867151737213,0.2833212912082672,0.3255553841590881,0.3884528875350952,0.5040149092674255,0.2874395549297333,0.2747999429702759,123.046875,18.74271040133241,16.977615389993833,18.802250075050207,17.520429186655612,18.786479075539663,17.93351729328855,40.56427075375223,rock,激昂,1
-111.25285339355467,134.15211486816406,-24.65805053710937,41.54233932495117,-3.075080394744873,28.475191116333008,-10.5995512008667,14.91700839996338,-14.410270690917969,8.844091415405273,-4.547977447509766,9.940144538879396,-4.680241107940674,1529.2908080956652,3271.448122099768,0.0549597743861175,0.1803724020719528,0.2949808239936828,0.3191109597682953,0.3383050262928009,0.3939084708690643,0.4789972901344299,0.3133995532989502,0.2767393589019775,0.3082905113697052,0.4129998981952667,0.4969469308853149,0.3939186334609985,0.357255607843399,151.99908088235293,26.135659386422805,17.492294075443898,19.39035155557813,17.600733794339146,19.15446461131676,18.449488024381395,38.4181621472916,rock,激昂,1
-120.44552612304688,117.5897979736328,-27.635332107543945,42.83806610107422,-6.757944107055664,21.642139434814453,-12.103039741516112,17.95223045349121,-10.473285675048828,12.275668144226074,-6.569044589996338,13.523021697998049,-2.420073986053467,1875.1802164622395,3929.4931504676624,0.0768044125821732,0.148568108677864,0.5070451498031616,0.4839385449886322,0.7297075986862183,0.3971176147460937,0.2893681824207306,0.2761322855949402,0.2931212782859802,0.2948593199253082,0.4263743162155151,0.614952564239502,0.4517222344875335,0.4770262241363525,107.666015625,20.06591899100873,16.560839570865248,17.709032572934284,16.300874499470098,16.414017546266077,16.876519756029126,38.577908070214896,rock,激昂,1
-156.5455322265625,130.7241973876953,-1.4807918071746826,36.23459243774414,0.3509126007556915,31.955034255981445,-0.6218727231025696,20.156782150268555,-11.33935546875,13.855698585510254,-3.789872169494629,11.53782844543457,-3.214253187179565,1421.3550411262563,3042.7015547962587,0.0430986562258314,0.1512210518121719,0.3433647751808166,0.2515198886394501,0.2474410980939865,0.3205371499061584,0.4762034714221954,0.4808005392551422,0.4495468735694885,0.4815315902233124,0.4856618344783783,0.4413555860519409,0.3094515204429626,0.2739368379116058,95.703125,20.75886332752118,16.516184987603207,18.47715443460301,17.73266147244377,17.232709434838437,16.656233118850267,37.680272808928926,rock,激昂,1
-127.97042083740234,134.4408416748047,1.0205100774765017,54.439239501953125,-0.4544707834720611,35.814579010009766,-10.856741905212402,16.38630485534668,-10.032721519470217,6.592465400695801,-6.697599411010742,11.041860580444336,-8.380607604980469,1345.8413834184057,2939.157323992169,0.0410794452097834,0.2086563259363174,0.3621667325496673,0.3613839745521545,0.3553605079650879,0.3218321800231933,0.2831524312496185,0.2559210658073425,0.3339038789272308,0.5450668931007385,0.5120385885238647,0.4619790017604828,0.3472015857696533,0.3218688368797302,103.359375,24.868696237954275,17.802482853640495,18.7459986301198,16.633181505029917,17.50239871351754,16.53428008408061,38.61279435137715,rock,激昂,1
-62.36484909057617,153.79042053222656,-55.13121032714844,28.01010513305664,-6.850295066833496,17.463838577270508,-22.61467170715332,18.141019821166992,-12.58432674407959,4.502157688140869,-8.390482902526855,7.216679096221924,-2.523248672485352,1542.1092953993343,2869.78643643054,0.0770211747148105,0.2037132084369659,0.6355614066123962,0.4634425342082977,0.4483241438865661,0.3315126299858093,0.4041027724742889,0.1978414952754974,0.2330670803785324,0.2760019302368164,0.3138008117675781,0.4836961030960083,0.3215773701667785,0.4121674299240112,99.38401442307692,26.634169124975735,15.264616317558884,18.756860564968708,16.519056775549636,18.56411801668945,18.888831780520672,38.9162437623278,rock,激昂,1
-98.38648986816406,136.5748748779297,-46.71402359008789,46.4766731262207,-17.15201187133789,10.54750633239746,-14.58056640625,16.55133056640625,-12.312679290771484,3.70186185836792,-12.647757530212402,2.9513051509857178,-12.50524616241455,1676.1460477207688,3255.327363689095,0.0873052917150038,0.1800352483987808,0.3208945393562317,0.4457057118415832,0.4426688849925995,0.5137567520141602,0.2751045525074005,0.2241952568292617,0.2786363065242767,0.326659083366394,0.4365417063236236,0.3267147839069366,0.3068829774856567,0.2360505163669586,112.34714673913044,20.73273073005176,19.37490125679288,20.2396025587152,20.32234499515668,19.63521468645827,19.739409905663187,38.58553718451502,rock,激昂,1
-140.46417236328125,149.3004913330078,-10.073525428771973,38.78474426269531,1.53509521484375,20.12026596069336,-11.341879844665527,16.292198181152344,-13.255261421203612,10.18355941772461,-9.257682800292969,4.699765205383301,-8.370977401733398,1282.1973339054578,2675.912666763341,0.0471797509425754,0.1570208966732025,0.4085019826889038,0.3421114385128021,0.3675625026226043,0.2899219095706939,0.5177228450775146,0.5221739411354065,0.3334273099899292,0.3174625933170318,0.355701744556427,0.3659900426864624,0.2082013934850692,0.2807284891605377,89.10290948275862,25.834017987424748,18.573100461365488,19.689772171382568,18.78137225531141,19.32176157754289,18.3093788985643,37.286347660731415,rock,激昂,1
-14.946681022644045,138.44056701660156,-41.90241622924805,22.07543563842773,-18.676532745361328,32.0044059753418,-20.37027359008789,15.70364761352539,-17.348825454711914,14.874467849731444,-8.903125762939453,12.26091766357422,-5.8288655281066895,1717.099309210431,3362.1523686738688,0.0849507413718097,0.2607937455177307,0.3604297041893005,0.4774709939956665,0.4031373560428619,0.3691203594207763,0.3348938226699829,0.292495846748352,0.3775209784507751,0.5203248858451843,0.476082295179367,0.5345360040664673,0.3942149877548218,0.3661409914493561,123.046875,28.3904922136064,14.87623623884165,17.531686904937274,15.982235455024322,18.8724970816004,16.42245184128124,41.78746114258422,rock,激昂,1
-178.6034698486328,154.00502014160156,-4.958517551422119,21.92864418029785,-2.0540266036987305,23.674203872680664,-1.2848492860794067,11.562132835388184,-6.02708625793457,4.947250843048096,-2.9404819011688232,5.409077167510986,-4.1239824295043945,1181.326607089661,2367.34503018054,0.0425329599284609,0.1281802058219909,0.5449976921081543,0.3131314516067505,0.3147247433662414,0.2259101569652557,0.3788802027702331,0.5477354526519775,0.6073602437973022,0.5367299318313599,0.2979463040828705,0.2860337197780609,0.1452791690826416,0.3157276213169098,151.99908088235293,28.34205941806011,18.105865625570104,19.97978851377427,20.162908475113746,19.678753135307502,16.359166156825772,33.6907396799028,rock,激昂,1
-108.94803619384766,114.95368194580078,-5.211289882659912,46.19136047363281,-9.136669158935549,20.517894744873047,-17.02409553527832,24.221981048583984,-8.050690650939941,13.439370155334473,-18.37755012512207,8.584026336669922,-11.40121841430664,1857.97259864943,4191.671972429669,0.0717082366589327,0.1534206420183181,0.3435233235359192,0.4124435484409332,0.4565813839435577,0.296619564294815,0.3106586635112762,0.2645735144615173,0.3858246505260467,0.4655776917934418,0.4616217613220215,0.5474121570587158,0.4232697486877441,0.4111514985561371,161.4990234375,20.286521877304644,17.457216298010486,18.71556598482681,19.764774720991635,18.736756397607586,18.366680943794822,41.11639910055506,rock,激昂,1
-169.68312072753906,119.10564422607422,7.161805152893066,53.429664611816406,4.125312805175781,23.13309860229492,-5.721343994140625,24.98675537109375,-9.328978538513184,13.474867820739746,-14.278745651245115,5.959375858306885,-13.598074913024902,1537.4684493421887,3416.651523528132,0.0543302578789636,0.1233552023768425,0.378209501504898,0.2848796844482422,0.2689083218574524,0.3416675627231598,0.2305614352226257,0.2456529587507248,0.2403905242681503,0.4138861298561096,0.657407820224762,0.4189768433570862,0.3484245836734772,0.2906776964664459,117.45383522727272,20.668986489444062,19.02057227775092,20.811572747943234,20.88527416887967,19.3913394679764,18.54383913586892,38.53478350296025,rock,激昂,1
-204.60470581054688,106.97547149658205,-10.207929611206056,45.585975646972656,3.034753799438477,24.002531051635746,-7.504409313201904,20.06585121154785,-5.168004035949707,8.738428115844727,-10.105713844299316,4.364754676818848,-6.958566665649414,1863.76447188574,3986.232224749855,0.0682249371616396,0.0758726596832275,0.3418037295341491,0.4178521633148193,0.3490968346595764,0.2932222783565521,0.3054196238517761,0.2800843417644501,0.304208368062973,0.2739986479282379,0.3692606985569,0.4170670211315155,0.3611921370029449,0.3541769981384277,112.34714673913044,19.388807411905265,19.17928962971777,18.092170672944608,17.105114898339437,16.811001711747334,16.66621734036817,36.11084318228436,rock,激昂,1
-211.2167510986328,95.7519302368164,40.583526611328125,68.28097534179688,5.30484676361084,30.969951629638672,-5.277175426483154,22.82135772705078,-1.6232677698135376,17.491806030273438,-11.495020866394045,8.730978965759277,-10.45691967010498,1597.5180157344882,3826.665027733469,0.0461099127513534,0.1336696296930313,0.3777408897876739,0.3709932863712311,0.5627402663230896,0.5790045857429504,0.4666179716587066,0.5059636235237122,0.3673787415027618,0.3619139492511749,0.328129380941391,0.4238494634628296,0.5376712679862976,0.4010160863399505,123.046875,19.6757373738159,18.87498484747111,22.87270345931765,20.015744895645327,18.7682394380397,18.94369296946907,38.92900713806464,rock,激昂,1
-256.3722229003906,103.12503814697266,-8.427773475646973,48.5859603881836,-4.188246250152588,17.33988380432129,-6.681784152984619,17.03797721862793,-4.612255573272705,5.318704605102539,-10.017793655395508,8.225861549377441,-6.207776069641113,1937.0023676443109,3985.824209686775,0.0835791733130317,0.0535969622433185,0.378566563129425,0.2921489775180816,0.3037499189376831,0.3135301768779754,0.3486328721046448,0.3570153713226318,0.4997487366199493,0.4772677421569824,0.3840463161468506,0.3098212480545044,0.3987855017185211,0.5064939856529236,117.45383522727272,17.4819074443215,17.852160751448213,18.550447244733157,17.556682401893674,18.306245955378763,18.079114535078244,34.11311097226145,rock,激昂,1
-174.93276977539062,90.93341827392578,-18.71529769897461,41.61454772949219,-8.878750801086426,9.084967613220217,-12.457277297973633,13.130209922790527,-9.691081047058104,4.335097789764404,-13.485934257507324,6.740899085998535,-10.384654998779297,2335.5199316347857,4500.064745414008,0.114160005196249,0.0822747647762298,0.3722276091575622,0.3783959150314331,0.690594494342804,0.3372572958469391,0.2434533834457397,0.2477100044488906,0.2108203321695327,0.3143862783908844,0.2894690632820129,0.3479619920253753,0.3671561479568481,0.3262785077095032,135.99917763157896,16.512225540848753,18.49245153198263,20.566836093682017,18.093526067637605,17.74409992964449,18.09457925437652,38.74093443835227,rock,激昂,1
-15.672693252563477,100.0849609375,-37.59760665893555,45.95102691650391,-20.771991729736328,25.64026641845703,-18.62899780273437,26.507003784179688,-20.16448211669922,21.11976432800293,-13.650189399719238,10.966075897216797,-15.52978515625,2459.520891914009,5024.347447795823,0.1428334058391338,0.1844116300344467,0.3754261136054992,0.3797580301761627,0.4606218934059143,0.4122034013271332,0.4789131879806518,0.5263028740882874,0.4521596729755401,0.5773600339889526,0.5505326986312866,0.5035445690155029,0.4440884888172149,0.3767977654933929,143.5546875,19.516572791886464,13.04998595760278,16.019690411856264,15.75477044366037,15.787686192635498,16.523661644616674,44.75758351924818,rock,激昂,1
-41.40650177001953,105.41007995605467,-43.93526077270508,54.11813735961914,-18.419095993041992,23.52926254272461,-17.622051239013672,20.66434860229492,-18.465049743652344,17.480464935302734,-15.180026054382324,11.31359577178955,-14.159313201904297,2312.066157893261,4528.392648364994,0.1405475849526295,0.1660023629665374,0.2701922655105591,0.4659519791603088,0.588764488697052,0.3803566992282867,0.4608424305915832,0.3601538240909576,0.4272231459617615,0.4227037131786346,0.4267469942569732,0.5576964616775513,0.3257869780063629,0.3406744003295898,123.046875,19.93765228194905,14.344064949655138,17.137422329784737,17.959372582428003,17.96944222706156,18.460768874944364,42.76393577073184,rock,激昂,1
-67.59407043457031,109.12802124023438,-32.71141815185547,45.652374267578125,-11.680288314819336,27.491209030151367,-16.3299503326416,22.08125114440918,-15.446937561035156,19.393972396850582,-11.610447883605955,11.576828002929688,-10.516490936279297,2209.182003690989,4593.891556246374,0.1157800566753673,0.140665128827095,0.4349145591259002,0.4245674014091491,0.4329530894756317,0.4614121317863464,0.5622691512107849,0.509877622127533,0.5340682864189148,0.5606865882873535,0.5000206232070923,0.4377033412456512,0.440639466047287,0.4668012261390686,117.45383522727272,19.132337271319425,12.855422271410482,15.365066869829487,14.42727690569131,15.66500695260604,16.417233540432587,41.7441291083925,rock,激昂,1
-84.1865005493164,102.34354400634766,-41.3508186340332,47.0325927734375,-16.946979522705078,26.23381996154785,-18.950122833251957,18.797080993652344,-21.69530296325684,11.05409812927246,-19.239200592041016,5.234156608581543,-16.756317138671875,2321.1497598885144,4701.357727758846,0.128190632854795,0.1122041791677475,0.3429185152053833,0.3710327744483948,0.3513675630092621,0.4319603443145752,0.5658074617385864,0.4830831587314605,0.4532653987407684,0.4196324050426483,0.5914267897605896,0.3748740553855896,0.3505402505397796,0.4948136508464813,123.046875,20.862670021580605,13.259302445790665,16.62153040394086,15.197907519589014,16.514185757354465,16.96660079247861,41.357113669379245,rock,激昂,1
-56.9609260559082,115.22100067138672,-30.447240829467773,37.19902801513672,-21.998432159423828,21.875804901123047,-19.77288246154785,15.00368309020996,-24.09486389160156,17.788217544555664,-17.29499053955078,6.747294425964356,-10.742701530456545,2188.057530674935,4431.917903041618,0.1175330354553364,0.1524391323328018,0.3031984269618988,0.3165650069713592,0.5129154920578003,0.7069774270057678,0.3883921802043915,0.3424699604511261,0.3344256281852722,0.3764771223068237,0.3632804155349731,0.355260819196701,0.4877233803272247,0.2884744703769684,99.38401442307692,17.646225903904423,14.06674952611999,16.473802746126136,16.119540211873822,16.813507113294563,18.00295102586428,42.33885560748088,rock,激昂,1
-55.33592987060547,114.42697143554688,-34.038848876953125,37.99750518798828,-22.330322265625,18.537242889404297,-18.15918731689453,13.81210708618164,-27.804723739624023,18.165422439575195,-14.62868309020996,6.551333904266357,-8.264944076538086,2158.1594853409792,4245.813073248985,0.121568436412413,0.1614480465650558,0.3042517602443695,0.4318116009235382,0.3516277372837066,0.4239750802516937,0.4027303159236908,0.5363367795944214,0.4847326278686523,0.3696135282516479,0.5253358483314514,0.3546127080917358,0.2834770083427429,0.246557667851448,129.19921875,16.57378496421707,13.85234500068863,17.330452487703415,17.16661042697948,17.542888510666284,19.44620232353132,42.51469872647342,rock,激昂,1
-34.63447570800781,106.50067901611328,-41.05968475341797,33.668094635009766,-27.22992515563965,21.403963088989254,-21.31908226013184,14.00523567199707,-27.781681060791016,16.053363800048828,-18.8187255859375,5.648715019226074,-14.293838500976562,2342.4462721453447,4595.4403481184745,0.1384430285672853,0.1737927049398422,0.271201491355896,0.2989140748977661,0.411774069070816,0.6117409467697144,0.4282476603984833,0.3554696440696716,0.420975387096405,0.4755170047283172,0.385083258152008,0.3823987245559692,0.6007302403450012,0.3479619324207306,99.38401442307692,16.152673530103865,13.0907152233763,16.10607092316918,16.613386010955683,17.063547502390634,18.32109766423217,43.4782425333874,rock,激昂,1
-88.36003875732422,105.43319702148438,-24.50931930541992,41.850685119628906,-22.360504150390625,23.726531982421875,-19.787084579467773,15.147273063659668,-27.1036376953125,13.853663444519045,-15.209693908691406,8.93502140045166,-12.79851531982422,2294.7279252035287,4847.935057460847,0.1155670708865042,0.1356955915689468,0.2012656182050705,0.1613319367170334,0.3263275623321533,0.3942022919654846,0.2310295104980468,0.4082167148590088,0.3000114560127258,0.3727053701877594,0.2804087102413177,0.2462592422962188,0.3827122151851654,0.2268842905759811,151.99908088235293,19.40486033736849,17.146179117017816,19.837169406332745,18.54161356970903,19.700820989889863,19.16350358314262,42.89451673801515,rock,激昂,1
-52.48068237304688,99.7079620361328,-47.38640594482422,47.0175895690918,-21.017343521118164,22.883758544921875,-18.27861785888672,13.88650131225586,-23.446273803710938,13.512140274047852,-18.66330337524414,5.705185890197754,-12.890456199645996,2320.3950808692307,4466.440973481003,0.1434304457898298,0.1565416902303695,0.3263300657272339,0.3542481362819671,0.5404050946235657,0.3419656157493591,0.3807491064071655,0.3764398396015167,0.5850294232368469,0.4014880359172821,0.3565921187400818,0.4952253699302673,0.333480030298233,0.369634062051773,151.99908088235293,18.76400465691302,14.95261103811691,16.99077228676558,16.689094459532452,18.42269420809082,19.59713048183394,42.565314574325214,rock,激昂,1
-47.04378890991211,95.77822875976562,-43.917877197265625,52.07108688354492,-22.55080223083496,20.861921310424805,-18.67561149597168,19.24644470214844,-21.253604888916016,21.881959915161133,-19.212608337402344,9.452244758605955,-12.58407497406006,2510.07314252411,4735.123055938225,0.157828134063225,0.1491075009107589,0.3540293872356415,0.2903774678707123,0.3168548047542572,0.3837642669677734,0.4493101835250854,0.3731830716133117,0.3604599833488464,0.45419842004776,0.497819572687149,0.5749890208244324,0.4910442233085632,0.4355121850967407,103.359375,20.081858187756108,13.594325043535749,16.72534353316213,15.90949590701147,16.342345250910864,19.090690075805007,43.43375022952951,rock,激昂,1
-58.98198699951172,106.57720947265624,-31.803863525390625,47.910945892333984,-17.42542266845703,27.755239486694336,-14.01004695892334,22.41903686523437,-20.549541473388672,19.56253433227539,-14.581268310546877,10.176431655883787,-10.946365356445312,2263.203109326082,4603.001117042489,0.1229060173772235,0.1526652127504348,0.4506013989448547,0.3372154235839844,0.5086103677749634,0.2646278440952301,0.3095889687538147,0.4996949732303619,0.4062247574329376,0.4976215660572052,0.3303146958351135,0.3909519016742706,0.3002526462078094,0.3041718006134033,112.34714673913044,19.32761736154178,14.563127956498484,17.522789521031505,17.31799789747376,17.04189207551389,18.190746471503036,42.5825660094087,rock,激昂,1
-123.3453369140625,74.8816909790039,-17.058034896850586,31.6099853515625,2.5446815490722656,17.328310012817383,-3.815232515335083,9.723453521728516,-7.237523078918457,11.25865650177002,0.3819888234138489,3.4685218334198,1.6636860370635986,2669.3593345236,5445.8670695868805,0.1334220957091718,0.0791675820946693,0.3187485933303833,0.3517214059829712,0.3573939800262451,0.4425301551818847,0.3880915641784668,0.5323446393013,0.4706945717334747,0.3732306957244873,0.4252790212631225,0.4046818017959595,0.4468457102775574,0.3186904489994049,151.99908088235293,17.595369174542714,15.96788049862001,17.694241771059616,17.91038164382781,17.78167790539302,18.173581101817803,20.05243856728134,rock,激昂,1
-92.63433074951172,101.837646484375,-33.49186706542969,48.72511291503906,12.3981351852417,20.81382942199707,8.697565078735352,9.27542209625244,2.7734899520874023,5.233724117279053,-9.32854461669922,-3.486363649368286,-4.36038064956665,2046.8578301909,4095.472012761021,0.101971100396365,0.1387899518013,0.4067879021167755,0.3928234577178955,0.3863109648227691,0.4076366126537323,0.3505899608135223,0.4761510193347931,0.3409965336322784,0.3751556873321533,0.4951339066028595,0.5510219931602478,0.6587957739830017,0.4723970890045166,135.99917763157896,19.691482348356075,16.208845047567255,17.31115619310784,18.026926333885104,20.118324547147143,19.848529755794367,17.690538823268213,rock,激昂,1
-42.399295806884766,85.04792785644531,-7.383805751800537,40.71448516845703,-1.0092216730117798,18.923358917236328,-3.541175842285156,5.871916770935059,-5.020056247711182,4.245413780212402,-3.1746842861175537,-0.5802536010742188,-0.5299239158630371,2445.1189674157067,5173.572711988834,0.1115014591792343,0.1800445467233657,0.5636342167854309,0.504108190536499,0.5162537693977356,0.3588928580284118,0.3441610932350158,0.3668449521064758,0.4078649878501892,0.4746831953525543,0.3479702174663543,0.3858645856380462,0.3456046283245086,0.4065997898578644,123.046875,20.37346673911461,14.139162810711554,17.545666191446564,17.161170054409183,17.570750940379384,16.509408375083144,18.52625940524672,rock,激昂,1
-131.4276885986328,67.74452209472656,32.890037536621094,34.58587646484375,-3.292759656906128,21.882213592529297,-5.809260845184326,10.232336044311523,-7.048971652984619,2.2989485263824463,-4.36830472946167,-3.3174428939819336,-6.280927658081055,2944.617225098909,6333.584516839473,0.1149171621229698,0.0964693948626518,0.2717902064323425,0.3426919281482696,0.5326472520828247,0.4797563552856445,0.5182444453239441,0.44101083278656,0.3312228620052337,0.2643921077251434,0.3680814504623413,0.4140651524066925,0.3386220932006836,0.3800059556961059,117.45383522727272,23.197802220485656,15.350891121704947,18.63990238877116,17.540877602782903,18.445193587708008,16.869957757522876,17.881883774206916,rock,激昂,1
-89.08187103271484,81.38933563232422,-12.564247131347656,22.778366088867188,-7.0668625831604,-0.4951872527599334,2.75135350227356,-3.445702314376831,-7.710487365722656,-0.8437491655349731,-4.883028030395508,-2.686931848526001,-5.292617321014404,2639.1039096273103,5302.99675536543,0.1324454393851508,0.1261473447084427,0.3283065855503082,0.3179888129234314,0.5181103348731995,0.2924142777919769,0.3281710147857666,0.3576012551784515,0.4462577700614929,0.5426592826843262,0.2793246209621429,0.3098877072334289,0.3369723260402679,0.37294402718544,117.45383522727272,18.26047778307374,14.897933437082578,18.593666962710422,19.58808237721683,18.700466737699507,18.71443103661336,15.415137769193407,rock,激昂,1
-26.40656280517578,85.88427734375,-17.21160888671875,35.311553955078125,9.982888221740724,10.665743827819824,1.3990858793258667,4.575923442840576,-0.12147768586874,2.0990707874298096,0.3229521512985229,5.393007278442383,-1.012506365776062,2344.525923512856,4728.642093571088,0.1158970956583969,0.2218251675367355,0.4293173849582672,0.3478851020336151,0.4515377581119537,0.3328014016151428,0.414465844631195,0.3682449460029602,0.367335706949234,0.367898941040039,0.3391474783420563,0.4686830043792724,0.3230322599411011,0.3894319832324981,92.28515625,19.19308070703784,16.077684918234105,19.031302462882863,18.45010938254537,19.329124239427117,18.138856781385925,16.95167077905743,rock,激昂,1
-119.03784942626952,128.89801025390625,-17.83216094970703,29.174346923828125,2.7172751426696777,7.998561859130859,-7.062790870666504,3.872145414352417,-1.5170446634292605,-3.986491680145264,-7.040561676025391,-2.8676345348358154,-4.180408954620361,1674.134043731052,3431.789715052204,0.0748739456448182,0.1278773546218872,0.3723807334899902,0.6063582897186279,0.3457369804382324,0.2352093905210495,0.2496749311685562,0.1976747810840606,0.2347736358642578,0.2148068398237228,0.3956597149372101,0.3998560011386871,0.2615548074245453,0.3679865598678589,117.45383522727272,20.768868645637884,14.737940229389368,19.54788389644715,19.27525815577367,20.96390242179389,17.710166512519617,16.950862943135462,rock,激昂,1
-28.04837417602539,65.66149139404297,-7.321227073669434,33.75632095336914,11.126421928405762,14.604360580444336,2.092580556869507,10.009483337402344,-0.2251157909631729,10.13486385345459,-2.8547632694244385,3.0963168144226074,-1.6673214435577393,2788.3693356571966,5832.197276824111,0.134925398987003,0.1909924149513244,0.5127029418945312,0.35148686170578,0.3123663067817688,0.3051157295703888,0.4525367617607116,0.5657832026481628,0.4704542160034179,0.4482482969760895,0.439092218875885,0.5012797713279724,0.3313403725624084,0.3653934597969055,135.99917763157896,20.661022299345856,16.488210052517232,20.158862232387783,19.294507376498263,19.02256272868776,17.746971752156448,17.621649471214678,rock,激昂,1
-124.00334930419922,109.49398040771484,5.874345302581787,32.89594650268555,10.985754013061523,11.695205688476562,12.67827320098877,12.968338966369627,1.6449657678604126,4.5004191398620605,9.672361373901367,3.052111387252808,3.5316381454467773,1867.414328819946,4271.110007159948,0.0569804959396751,0.1240898296236991,0.4696994721889496,0.4328922033309936,0.4546397030353546,0.423862874507904,0.5114911198616028,0.3980140388011932,0.3523879647254944,0.2852888405323028,0.4063428938388824,0.5118178129196167,0.5514761209487915,0.689430296421051,129.19921875,20.032329389849814,14.55648008115168,16.603209263184212,17.598644198834695,16.739083049369377,16.437604509570665,15.163109064632192,rock,激昂,1
-0.426577478647232,72.35003662109375,-13.06186580657959,23.915254592895508,10.229573249816896,10.317129135131836,-5.016698837280273,14.344585418701172,-0.6939212679862976,9.888120651245115,0.7251985669136047,5.222891807556152,-4.096551418304443,2850.236430403512,5897.606074892241,0.1470474886254789,0.2162607908248901,0.4401591122150421,0.3697917759418487,0.4782154560089111,0.3750159442424774,0.4683239161968231,0.5294457077980042,0.389331191778183,0.4633552432060241,0.4406455457210541,0.5037749409675598,0.319137692451477,0.3580089807510376,135.99917763157896,19.657459865145555,14.915712990351723,18.12114833883048,17.755645877769414,18.241229144100764,16.902201913128703,19.099672600274715,rock,激昂,1
-71.13558959960938,79.4583740234375,-20.80353736877441,30.64813804626465,5.531394481658936,3.704120397567749,4.703727722167969,7.269519329071045,-5.486207008361816,2.504746913909912,0.8459367156028748,-0.5797618627548218,-1.893023371696472,2626.8195142103973,5047.29621338457,0.1462710115767594,0.1133449301123619,0.538438618183136,0.3778744637966156,0.4193992614746094,0.3985446393489837,0.5361354351043701,0.5025791525840759,0.4713502824306488,0.5822036266326904,0.3983231782913208,0.3628190755844116,0.3944995701313019,0.4391128718852997,129.19921875,22.965202320081083,14.83210020003317,17.44455406664952,17.30182689607008,17.66557816924072,18.94109084648591,16.453002909023752,rock,激昂,1
-15.928070068359377,67.15309143066406,-20.12190055847168,15.576830863952637,4.801263332366943,10.825858116149902,5.959400177001953,11.796420097351074,-0.3968154489994049,5.655035495758057,0.1137237548828125,1.097923994064331,-1.7415591478347778,2794.9630916287133,5862.422884064193,0.1405501705205108,0.2192960083484649,0.417594164609909,0.4508093595504761,0.3405452966690063,0.3127889931201935,0.2964820265769958,0.3811030983924866,0.497086763381958,0.3984022438526153,0.4670011103153229,0.4283681213855743,0.4701429009437561,0.4774127304553985,135.99917763157896,18.54809807470556,13.923787613151466,17.103912496287933,18.24997330736677,18.26455222725693,17.60028650102727,17.81676390803163,rock,激昂,1
-50.84935760498047,86.40165710449219,-14.424249649047852,12.829984664916992,21.69183921813965,4.235365867614746,1.7406831979751587,3.703730821609497,4.683396339416504,-1.864467740058899,-1.195587992668152,-0.0177347958087921,-4.12709379196167,2559.166384767367,5447.017745794664,0.1227594952387857,0.1442833840847015,0.3940591514110565,0.3500936627388,0.4552850723266601,0.3647315800189972,0.5647758841514587,0.3506412804126739,0.4328591525554657,0.3443574905395508,0.416916012763977,0.6941078901290894,0.445886492729187,0.4979242384433746,143.5546875,29.477748184157555,14.769893513113962,15.50496707194863,18.92401461768645,19.902334357395087,17.225596424598137,15.067053378683877,rock,激昂,1
-65.91230773925781,61.280311584472656,-1.936867833137512,35.30937576293945,9.312999725341797,7.555877208709717,3.409661054611206,2.9779460430145264,4.606907367706299,2.909939765930176,1.7725732326507568,-0.3918252885341644,-5.758149147033691,3010.0558252943074,6131.283987093968,0.1447517884764114,0.14285209774971,0.3901187479496002,0.4469296336174011,0.5126078724861145,0.5137908458709717,0.4583986699581146,0.3703418970108032,0.3594217598438263,0.4196889102458954,0.4074352085590362,0.3855087161064148,0.343189388513565,0.3861522078514099,112.34714673913044,31.999727975218036,14.180876773372471,16.271159603108067,17.857972115708527,18.311622766683644,18.140392491368367,15.056837194566528,rock,激昂,1
-35.39995574951172,73.69066619873047,-20.2202262878418,17.177566528320312,14.948892593383787,10.214969635009766,7.6008100509643555,1.5895825624465942,4.175487518310547,0.7455014586448669,-0.3865785300731659,-1.3119746446609497,-2.040322780609131,2806.872615958848,5677.17987556192,0.1483555533401005,0.1606442481279373,0.5822485089302063,0.345335990190506,0.3017998337745666,0.3093662858009338,0.3507872223854065,0.3658248484134674,0.3805966377258301,0.52895587682724,0.3096431493759155,0.3978891670703888,0.421854704618454,0.53193199634552,117.45383522727272,29.099937068320106,14.502496946981704,17.54033514531473,18.514586035162456,19.162583249399013,17.943853192911266,15.057077270285852,rock,激昂,1
-74.18399047851562,76.73505401611328,-3.80438494682312,28.03363037109375,8.136066436767578,6.016017913818359,4.299717903137207,0.5060532093048096,2.845613718032837,-0.9449357390403748,-2.3550400733947754,-0.2859720289707184,-1.4562422037124634,2794.8199158537072,5878.15643806192,0.1376552832559938,0.1189099252223968,0.4634815156459808,0.3873039484024048,0.4289425313472748,0.401246577501297,0.4957323670387268,0.4135182201862335,0.4015649855136871,0.443672627210617,0.4429946839809418,0.546829104423523,0.4291355311870575,0.4805971980094909,161.4990234375,22.751944175827354,14.792549359178604,17.03224476773973,16.380450975468758,17.512086526364733,16.895120375703605,14.840229826165748,rock,激昂,1
-62.13462066650391,75.87378692626953,-26.72933006286621,18.28122901916504,2.4590399265289307,5.833554267883301,11.579477310180664,0.0102070793509483,8.693243026733398,5.515676498413086,-0.2461488544940948,2.3988752365112305,-1.7415359020233154,2739.501165243808,5326.736570566271,0.1439568681119489,0.1398049890995025,0.471327394247055,0.509697675704956,0.4779223501682281,0.4143092036247253,0.4128201901912689,0.3102176189422607,0.3510682880878448,0.4822908341884613,0.419527918100357,0.5122475028038025,0.3372853100299835,0.3440155684947967,89.10290948275862,23.827489499359643,13.46272413518837,16.722558444117727,17.49721290402593,17.794932289521682,18.4740284607751,14.666338552598983,rock,激昂,1
-118.3943328857422,130.25537109375,-3.0893328189849854,15.728804588317873,3.9465372562408447,10.665425300598145,6.837985038757324,3.397979736328125,0.7698096632957458,-2.534422874450684,-3.10662841796875,-2.866894006729126,-1.6236909627914429,1651.7562246177304,3455.7460280416185,0.068902035600348,0.1443073600530624,0.5330537557601929,0.2443232983350753,0.209370270371437,0.1908423006534576,0.3536503911018371,0.3480183482170105,0.3012877404689789,0.5034006237983704,0.3016211986541748,0.3486654758453369,0.1478991359472274,0.2555583715438843,92.28515625,26.87669549250556,15.951323020761672,20.82172327711272,21.880068537786368,21.819321131025323,18.85736918212769,15.544788041274757,rock,激昂,1
-172.66567993164062,142.76348876953125,-55.773094177246094,79.31552124023438,-1.874193787574768,4.793415546417236,0.2451240569353103,-11.501138687133787,-0.2671954333782196,-9.363408088684082,-7.680028915405273,-11.266705513000488,-5.683592796325684,1561.4111067130552,3243.286755909223,0.0789546627271848,0.0969626680016517,0.265887588262558,0.2500276565551758,0.1653276681900024,0.2474885731935501,0.6210708618164062,0.4047802984714508,0.2651036381721496,0.288313090801239,0.3229128420352936,0.7140054106712341,0.4573158323764801,0.3332025706768036,151.99908088235293,28.11904477491827,16.94221598611098,19.13791141183347,19.047989089350427,19.06044714785484,24.44138674963159,17.048303997494628,rock,激昂,1
-83.05496215820312,91.50623321533205,-13.687614440917969,16.13486099243164,10.32830810546875,5.533293724060059,-9.451848983764648,-6.61841344833374,-3.033612012863159,4.933539390563965,2.6400771141052246,1.0502369403839111,-3.671962976455689,2429.0679000761247,5035.572025449536,0.1181844547563805,0.1206155717372894,0.2635034322738647,0.3582499027252197,0.3171349465847015,0.2609674334526062,0.5889688730239868,0.2857654392719269,0.2967399656772613,0.4416241943836212,0.4266288578510284,0.5375635027885437,0.3048606514930725,0.254864364862442,103.359375,26.96401526349576,14.268452581314452,18.521995095373413,20.146553173305094,20.118412317677468,17.248247337058146,15.321971872268536,rock,激昂,1
-58.31211853027344,62.51326751708984,-12.654888153076172,31.943603515625,8.115569114685059,2.26064133644104,3.907079935073853,1.4533549547195437,-2.7132813930511475,1.1064516305923462,-0.4595750868320465,-2.379528760910034,1.2424838542938232,2997.8538382881115,5962.265828922564,0.1562231879592034,0.1389011740684509,0.4125945270061493,0.4803770780563354,0.4722505807876587,0.3632473349571228,0.4013184607028961,0.4102433323860168,0.5290244817733765,0.5930373072624207,0.5050975680351257,0.5161073803901672,0.4585313498973846,0.3951501846313476,107.666015625,25.338586241660305,12.664609397086378,16.450379225619947,16.944781862330956,16.923460343646717,18.13932603677025,15.700989469006506,rock,激昂,1
-93.35885620117188,137.46743774414062,-45.09206008911133,37.8115348815918,-9.41983413696289,12.594670295715332,-7.480642318725586,5.539186000823975,-3.740359783172608,-2.010742664337158,-2.459423303604126,-9.579354286193848,-3.1679165363311768,1646.6359257324248,3184.299435361079,0.0852528488737432,0.1455407440662384,0.3319311738014221,0.2334028035402298,0.2123791128396988,0.1863907873630523,0.3366664350032806,0.1699351966381073,0.2209583818912506,0.2647770345211029,0.3875458538532257,0.6787832379341125,0.4176955223083496,0.4194807410240173,129.19921875,27.288678686247184,16.127717413340548,17.291763963705883,18.57701688524159,18.37001881631317,18.984824091343025,20.37088818134686,rock,激昂,1
-142.40489196777344,116.13787841796876,2.2472293376922607,31.06119728088379,6.18619966506958,0.1203154474496841,0.3199689090251922,7.791391849517822,3.2471306324005127,-3.015228748321533,1.709286093711853,0.7361195683479309,0.1430697590112686,2078.0554239577727,4496.092843677494,0.0913335176189095,0.1009888499975204,0.3045907318592071,0.5319930911064148,0.2221821844577789,0.2586739957332611,0.5204067826271057,0.4336299002170563,0.6806430220603943,0.3787334859371185,0.3692366480827331,0.3515105247497558,0.2810845375061035,0.4241995215415954,112.34714673913044,17.118313091264106,15.576161148591083,18.924185992611907,20.633375347365416,18.470168042689203,17.868239407972748,16.091245736534045,rock,激昂,1
-144.9571075439453,118.46495819091795,20.52506828308105,28.564393997192383,2.353555679321289,10.069560050964355,11.917598724365234,4.851779460906982,-0.0849273279309272,3.2985026836395264,3.4143993854522705,3.65059757232666,5.364322662353516,1721.1466519043972,3811.3186652588456,0.0533034700067672,0.1411969810724258,0.4173927307128906,0.7218849062919617,0.375968337059021,0.3395014107227325,0.3339081406593323,0.4179570376873016,0.3492484092712402,0.3383402824401855,0.4550579190254211,0.3375401198863983,0.3452234864234924,0.3022270202636719,123.046875,16.09256518140071,16.138606572892588,19.13855097519517,19.178083896513414,17.67442718231437,16.875998217642074,15.68576929683062,rock,激昂,1
-66.28536224365234,66.77525329589844,25.18438148498535,26.29693031311035,5.291619777679443,10.455606460571287,2.4704694747924805,0.7524102330207825,-0.3713614046573639,1.7261295318603516,3.213800430297852,5.035213470458984,-1.941701889038086,3031.127685864391,6732.748151102088,0.1208581061484918,0.1616740375757217,0.2803676128387451,0.4274882972240448,0.3373273909091949,0.5320218205451965,0.3295086920261383,0.3086878061294555,0.3257635831832886,0.3972090482711792,0.6415769457817078,0.3722904324531555,0.2577549517154693,0.2137865126132965,89.10290948275862,18.03235188856609,15.17432597808706,19.69113580780116,18.13862945158268,15.930726359144575,16.154947436250726,15.262031018938284,rock,激昂,1
-181.23040771484372,103.4316864013672,9.386157989501951,19.078840255737305,13.772364616394045,-0.521217942237854,4.389382362365723,-7.614181518554687,-8.117305755615234,-0.1371144205331802,-5.181870460510254,-6.306278228759766,-5.451935768127441,2186.669241082053,4462.893740483613,0.0885665905355761,0.113311693072319,0.2185257822275161,0.1929922997951507,0.2833383977413177,0.4125209152698517,0.2286049425601959,0.2583130896091461,0.3716318309307098,0.4307328760623932,0.5832899808883667,0.4013221561908722,0.341410219669342,0.3645349442958832,129.19921875,18.89482916494381,17.15208393630758,20.426158025029807,18.57313521281853,18.24827916165111,18.555718473202543,15.47271300791924,rock,激昂,1
4.082787036895752,52.60870361328125,-11.05490779876709,19.70436286926269,11.284097671508787,7.059070110321045,5.062798976898193,4.561673164367676,0.0256240740418434,5.154422283172607,3.403595209121704,1.1689493656158447,0.5820397138595581,3361.767974188077,6920.343484900667,0.1875475819315545,0.1901360601186752,0.7865714430809021,0.4211623966693878,0.3325791358947754,0.286154568195343,0.3796963095664978,0.4158356785774231,0.3459756374359131,0.4565077424049377,0.2967597246170044,0.3599038422107696,0.3930232524871826,0.4359780848026275,117.45383522727272,17.503259368219275,15.080585911659265,17.382038320662254,16.715665473112065,17.42654956003306,17.0795886875456,15.327248958352758,rock,激昂,1
-156.2860565185547,75.6281509399414,-16.517866134643555,16.340904235839844,5.801708698272705,6.009819030761719,-4.145812034606934,-3.763573408126831,-6.168729782104492,-8.928001403808594,-4.101072788238525,-2.207017183303833,-4.650857448577881,2632.272033619275,5309.982972465922,0.1324031443348801,0.0654493272304534,0.4883448779582977,0.2697004079818725,0.3216860890388489,0.3489039540290832,0.268598347902298,0.2615877687931061,0.2612765729427337,0.6254198551177979,0.2604829370975494,0.2738220691680908,0.4243055582046509,0.3553445935249328,107.666015625,21.963634395465743,18.059518644881944,20.5427105114458,21.615302372200595,21.30695148889682,19.79583490392835,17.13316543577602,rock,激昂,1
-91.91240692138672,129.9686279296875,1.8372803926467896,11.62111473083496,3.225763320922852,-1.9720752239227293,-2.2193565368652344,-0.8554060459136963,-4.34347677230835,-3.5430147647857666,-1.5521153211593628,-0.5419180393218994,0.402013212442398,1712.2893709831192,3618.4024819641822,0.0665780736417246,0.1471214890480041,0.6363568902015686,0.4354154169559479,0.3284334242343902,0.3129803836345672,0.5390240550041199,0.4928136169910431,0.3459373414516449,0.524267315864563,0.386501669883728,0.4907957315444946,0.3169620633125305,0.3702672123908996,129.19921875,16.761955286153782,13.320559900332968,16.03322193979959,17.751080765405003,18.12437995271818,17.29534999175787,17.4502043942067,rock,激昂,1
-7.868896484375,59.53772735595703,3.647710084915161,28.98435401916504,4.13840389251709,10.268540382385254,2.558713912963867,7.604068279266357,-1.3998239040374756,2.9641616344451904,4.049990653991699,-0.7528139352798462,1.0675512552261353,3303.2031125307344,6717.260232381091,0.1775334735112142,0.1756798774003982,0.407954066991806,0.3799825310707092,0.4278615415096283,0.5168487429618835,0.7735391855239868,0.5060467720031738,0.4792214334011078,0.437857985496521,0.4536257088184356,0.4859466552734375,0.4520472288131714,0.5397734045982361,135.99917763157896,16.568045663103558,13.362829366453376,16.355212767196104,15.75065112480754,16.13976941606126,15.759580229952606,16.149289712457886,rock,激昂,1
-58.583797454833984,64.91177368164062,15.929983139038086,5.428903102874756,7.524496555328369,9.88312816619873,1.594664216041565,5.353822708129883,-1.240498185157776,-2.038418292999268,2.442232847213745,-0.7197205424308777,-0.309265524148941,3488.5019910192823,7659.958218532482,0.175070164467324,0.122582770884037,0.3999069631099701,0.27280393242836,0.4250722527503967,0.3298856019973755,0.4372349381446838,0.4436690211296081,0.4245326519012451,0.4153707325458526,0.3071562349796295,0.4701065123081207,0.3081759810447693,0.4472730755805969,123.046875,16.527518050724044,14.722793557642778,18.6384892676032,19.0559026276534,17.75633688750934,16.181945158478435,16.293241669512994,rock,激昂,1
-142.00828552246094,96.97539520263672,23.254150390625,10.455742835998535,6.293646812438965,4.963418006896973,1.0708205699920654,1.103584885597229,-4.849077701568604,0.8722022771835327,-3.4491500854492188,-2.0109097957611084,-5.901435375213623,2438.175192954676,5499.360249601218,0.0989549346239365,0.0874378159642219,0.3877032995223999,0.2263693213462829,0.3519904613494873,0.278759628534317,0.2075801193714141,0.2783244550228119,0.3309493660926819,0.5575189590454102,0.2525724470615387,0.1953057795763015,0.267591118812561,0.2776599824428558,123.046875,18.816646414353784,16.068882987956574,21.696688649043992,22.42465247441034,20.802560579102693,18.94269093564122,16.42734673322527,rock,激昂,1
-219.1163024902344,94.37081146240234,42.78750991821289,16.115028381347656,9.503606796264648,12.890872955322266,7.731355667114258,2.3898096084594727,-1.0204222202301023,-1.953544020652771,-1.9855668544769287,3.146782875061035,-0.8825265169143677,2424.519698838249,5644.713534113979,0.0865368057569605,0.05117928981781,0.3103716075420379,0.3087726533412933,0.5189957022666931,0.3156629800796509,0.3841726779937744,0.2415699213743209,0.3153510093688965,0.3636874556541443,0.2702237367630005,0.3228786289691925,0.2665720582008362,0.4558736085891723,117.45383522727272,18.625389880292637,17.778424381837883,22.253587931566244,22.08975391247145,18.855132374219966,17.035131766678173,15.930739464649752,rock,激昂,1
-82.69718933105469,83.51688385009766,-0.5975729823112488,10.497100830078123,10.424635887145996,7.069787502288818,5.078569412231445,0.0789347514510154,-0.2058567553758621,-0.9349143505096436,-0.0967431291937828,-1.700989842414856,-1.019359469413757,2796.584436106161,6203.061330843968,0.1346440267304717,0.1032748967409133,0.4078643321990967,0.2944027185440063,0.4282903373241424,0.375536561012268,0.5987509489059448,0.3836765885353088,0.3267367780208587,0.4400849044322967,0.3573907911777496,0.546562671661377,0.3131974339485168,0.3938364386558532,89.10290948275862,15.963104374694089,13.797839306708102,18.615519644805516,19.06800618044791,19.5265728527262,17.0904271470608,15.38975421960795,rock,激昂,1
-193.6402282714844,98.43582916259766,44.05792617797852,23.77548217773437,12.580538749694824,8.460772514343262,2.169093370437622,-0.3445762097835541,-8.183045387268066,-9.117337226867676,-5.237825393676758,-4.842614650726318,-1.3743816614151,2072.154517807153,4688.517743528857,0.0690549775232018,0.0883107930421829,0.2109099328517913,0.1729776859283447,0.2955556511878967,0.283223420381546,0.5215421319007874,0.2921868562698364,0.2679632306098938,0.2751331627368927,0.2697961926460266,0.5307738780975342,0.224948912858963,0.2524580061435699,123.046875,16.729778843190612,18.256980004870744,22.89353029343355,20.035747806785945,17.193050381069334,17.477560478837344,16.430329242562696,rock,激昂,1
-212.28390502929688,65.78227233886719,45.207645416259766,19.728803634643555,11.811090469360352,8.058758735656738,4.425893783569336,4.21540117263794,-2.3198673725128174,-2.2011733055114746,-1.6351122856140137,-4.660810470581055,-3.7225630283355713,2946.6326071058666,6983.236092481148,0.1085215463070378,0.0604563355445861,0.2896935939788818,0.3945375382900238,0.311531662940979,0.3482953011989593,0.3217417299747467,0.2918406128883362,0.2951223254203796,0.3155206143856048,0.4069159924983978,0.2760784029960632,0.2843155562877655,0.3000280261039734,123.046875,19.04876746873745,16.302668291526537,20.905982696185937,20.619280128861515,19.42437182922664,18.25858028647116,17.88805814193791,rock,激昂,1
-302.8243103027344,116.2183837890625,44.6890983581543,25.96263885498047,18.715103149414062,7.566853523254394,7.333934307098389,4.033652305603027,-4.181990146636963,0.8796671628952026,0.9548351168632508,2.8209009170532227,1.4063515663146973,1711.1692946901107,3491.7013146207946,0.0558494809793116,0.0530767254531383,0.4633620977401733,0.3567187488079071,0.3939969539642334,0.3358142077922821,0.3265168368816376,0.2942048907279968,0.2806284427642822,0.4223173856735229,0.3371999859809875,0.1983807384967804,0.2279015481472015,0.318627268075943,123.046875,21.73296765812296,21.446996536498716,24.37934194702328,22.855199202231898,20.76549602938208,18.33293673362426,15.804327238642705,rock,激昂,1
-118.80249786376952,104.43667602539062,-29.18875312805176,42.10261535644531,-13.299715042114258,29.06293487548828,-20.86631965637207,21.60894203186035,-24.331241607666016,10.728826522827148,-15.099055290222168,5.937584400177002,-11.788948059082031,2181.338268438534,4689.725135042054,0.1063697856245166,0.1070677489042282,0.3840526044368744,0.3346706628799438,0.4503181874752044,0.3513921797275543,0.3481028974056244,0.3970624804496765,0.383391261100769,0.4727552831172943,0.3421052694320678,0.3727679550647735,0.3395045697689056,0.3153071701526642,151.99908088235293,19.868507058881278,14.907991972784368,18.56766814097039,18.639023328034188,18.60901741110476,17.37033751965226,41.25774120577661,rock,激昂,1
-95.25765991210938,103.81341552734376,-37.01361846923828,52.685882568359375,-20.75298118591309,27.573768615722656,-17.526500701904297,24.807493209838867,-11.295161247253418,16.644752502441406,-9.246779441833496,10.183924674987791,-8.784139633178711,2294.2297351535613,4730.226875181264,0.1290931790168213,0.1146587654948234,0.4406085014343261,0.4120744466781616,0.3325321674346924,0.392300397157669,0.3568784594535827,0.4707402288913727,0.3345056474208832,0.3664930760860443,0.4134877324104309,0.4315290451049804,0.4446257650852203,0.3477698266506195,123.046875,15.315883399421445,16.122983724085536,18.865871437262506,19.518226339306125,19.19296891136979,18.410803591817107,41.36085061174252,rock,激昂,1
-245.10092163085935,95.09344482421876,-21.26394844055176,45.649635314941406,-3.5521013736724854,14.970438957214355,-20.681795120239254,19.520776748657227,-21.715768814086918,7.31871747970581,-9.291167259216309,0.8145841360092163,-13.008130073547363,2209.486739749316,4575.022941288428,0.1071465795388631,0.0429900027811527,0.3199161291122436,0.3091387152671814,0.4364344179630279,0.3310773074626922,0.3490782678127289,0.3074379861354828,0.3459542393684387,0.4265917837619781,0.3656346201896667,0.4633437991142273,0.3157168924808502,0.3524434864521026,151.99908088235293,20.9045566290741,18.127973615614117,20.98282623441342,19.58077263409509,19.07982045532605,18.213661353822893,36.00876299606559,rock,激昂,1
-123.67156982421876,94.7533950805664,-9.552753448486328,53.26699066162109,-13.762558937072754,17.746736526489258,-19.21525764465332,25.295883178710938,-18.70551109313965,15.39670181274414,-12.51217269897461,9.378814697265623,-11.606868743896484,2414.161865027604,5213.041924213312,0.1198856976266434,0.1002005115151405,0.3208575546741485,0.395241767168045,0.4075755476951599,0.2961039543151855,0.3181504607200622,0.3378625810146332,0.5191282033920288,0.4103847146034241,0.4183321297168731,0.4855271577835083,0.3857859373092651,0.4204901158809662,103.359375,21.278473614118425,15.80012364051427,19.282518841930106,18.73008166069348,18.55708769603064,17.817991190849316,41.55831139971681,rock,激昂,1
-121.12451934814452,91.73827362060548,-14.719738960266112,52.961185455322266,-11.41739273071289,31.0105037689209,-17.489896774291992,24.19732666015625,-24.77594566345215,17.11810874938965,-15.88023281097412,10.380572319030762,-8.630905151367188,2467.260780208628,5402.810562735644,0.1182750870069605,0.091182492673397,0.3389456272125244,0.2886472344398498,0.3181110322475433,0.3806753754615783,0.6027922630310059,0.4583705365657806,0.3791823387145996,0.356645256280899,0.3978666663169861,0.5067647099494934,0.3614174723625183,0.43482106924057,123.046875,18.173220866355045,16.25077367293558,18.892122654035354,18.55801207669672,18.71333056326608,18.11546045309949,42.09161792525516,rock,激昂,1
-203.34494018554688,85.41169738769531,-11.576987266540527,54.75436401367188,-11.617432594299316,20.56846809387207,-27.76078224182129,18.87328720092773,-31.64263343811035,10.700182914733888,-11.92779541015625,4.13214635848999,-3.998547315597534,2568.395445802274,5364.140726961282,0.137633758096481,0.0469974838197231,0.2187388092279434,0.209583044052124,0.2128086984157562,0.2001439034938812,0.3837847113609314,0.2384569942951202,0.2660554647445678,0.3732394874095917,0.3821018040180206,0.5759506821632385,0.3326718211174011,0.344178169965744,172.265625,21.130012765460695,17.33888246842218,21.96251629413912,21.19165428891413,21.05198704125335,20.644600924827,39.949208569566295,rock,激昂,1
-202.22344970703125,75.23143005371094,-14.23629665374756,66.30633544921875,-8.28785228729248,24.383792877197266,-16.236677169799805,17.128633499145508,-21.28603172302246,3.9629781246185294,-19.76038932800293,0.4826734662055969,-4.509064197540283,2511.714306230509,5129.615334070476,0.1391189941028615,0.0540947504341602,0.2978785932064056,0.3377766609191894,0.3737728595733642,0.2970291078090668,0.383110761642456,0.2406096011400222,0.3005244731903076,0.3419201374053955,0.4311749935150146,0.5823076367378235,0.3849328756332397,0.444484144449234,112.34714673913044,19.67602129794611,19.052564716402667,22.90272747359056,21.43322890949352,21.760473178493548,21.253334041788463,40.52996481256746,rock,激昂,1
-79.8199462890625,109.93669891357422,-17.135549545288086,47.214088439941406,-11.933716773986816,33.328548431396484,-11.712042808532717,23.636423110961918,-13.67732048034668,18.445545196533203,-6.949389457702637,13.038280487060549,-11.589942932128906,2025.0641305486583,4570.99275168576,0.0908036965873936,0.1609509736299514,0.4257440567016601,0.4475120902061462,0.6445119976997375,0.4746505320072174,0.4928027689456939,0.4915366470813751,0.4599753022193908,0.505053699016571,0.4290197491645813,0.4464982748031616,0.3092836439609527,0.3272225856781006,112.34714673913044,14.8067760170885,14.515199920094156,17.42580779738527,17.64216102642589,17.56139207985226,16.613683241192675,41.24719364461628,rock,激昂,1
-95.3755340576172,112.45124053955078,-2.0774407386779785,47.046688079833984,-10.369908332824709,29.785518646240234,-15.113547325134276,20.186107635498047,-12.673778533935549,16.497211456298828,-7.859228610992432,11.876694679260254,-11.18699550628662,1933.3373461978688,4359.765851580626,0.081701575188515,0.1654002219438552,0.3414696455001831,0.3018886744976043,0.4414399564266205,0.3469943106174469,0.3715989887714386,0.3202773034572601,0.4739847183227539,0.4844951927661896,0.3723124265670776,0.5205857753753662,0.4330326318740845,0.434255838394165,103.359375,17.16518537999128,15.725636031120557,19.105957604072174,18.30018494596012,18.61099421956165,16.975307155404675,41.079788484890365,rock,激昂,1
-61.69562149047852,103.56620025634766,-16.916410446166992,49.24767303466797,-14.815669059753418,31.691503524780277,-17.21519660949707,24.615047454833984,-14.486075401306152,18.019432067871094,-11.672710418701172,11.470351219177246,-9.824015617370604,2223.969176505625,4917.48080862094,0.1100203771510054,0.16926309466362,0.4454671442508697,0.3643798232078552,0.602057695388794,0.3929834067821502,0.4566651284694671,0.4993974864482879,0.4446344077587127,0.6412317156791687,0.4216319918632507,0.4069831669330597,0.4059995412826538,0.4204102456569671,95.703125,16.291726446696522,15.335602042602805,17.514505939900054,17.538410915728036,17.716971506524693,16.484284499324932,42.82559429073283,rock,激昂,1
-83.36811828613281,103.9049835205078,-13.954147338867188,56.912593841552734,-14.433710098266602,32.197017669677734,-14.136274337768556,19.167461395263672,-9.34284496307373,13.166685104370115,-11.730690956115724,8.401819229125977,-9.400614738464355,2140.28308737102,4831.456245015226,0.0911409240864269,0.1537985652685165,0.3049365580081939,0.2277637273073196,0.3553942143917084,0.3420911133289337,0.4532939791679382,0.2853095531463623,0.3280121982097626,0.573976993560791,0.5051743984222412,0.5813170671463013,0.3851386308670044,0.3898040354251861,112.34714673913044,18.160639582535733,16.689662564381646,19.87729386242677,18.485620033963983,18.18833361165206,16.81148339214941,41.41694063932877,rock,激昂,1
-113.65784454345705,94.94122314453124,-4.128476619720459,51.78639602661133,-13.776981353759766,34.34726333618164,-17.603132247924805,22.537715911865234,-12.411016464233398,17.20484161376953,-9.231342315673828,9.977349281311035,-13.473843574523926,2301.770037760857,5092.044640915024,0.1115173198230858,0.1268710196018219,0.3589385151863098,0.3512730896472931,0.3656933307647705,0.3918966054916382,0.479050874710083,0.386856198310852,0.3528170585632324,0.4310182332992553,0.4504109919071197,0.5270723104476929,0.4152285456657409,0.3920098841190338,117.45383522727272,16.46016500228569,15.686107607917284,18.12251008294952,18.34707224338388,18.519628550784372,16.900480329503083,41.408584799370985,rock,激昂,1
-132.39337158203125,124.6791763305664,-9.69277000427246,46.4520263671875,-6.306090831756592,30.534198760986328,-11.145723342895508,20.40423583984375,-11.221900939941406,9.368879318237305,-5.829723834991455,7.818747520446777,-8.726417541503906,1659.5913676703003,3580.332178527407,0.0711806814336813,0.1458146870136261,0.3763304054737091,0.3590044379234314,0.3048995435237884,0.2889225482940674,0.4122112393379211,0.3145287930965423,0.2895863354206085,0.241915225982666,0.3268907964229584,0.4815170764923095,0.3727294206619262,0.378374695777893,95.703125,17.86523789426112,18.75311554383309,21.501592325871336,20.406827270403163,19.79071846984884,18.154655188731645,38.80262217694688,rock,激昂,1
-103.9642562866211,101.90469360351562,-10.3402738571167,43.67058181762695,-11.510562896728516,26.9433708190918,-9.995866775512695,25.018699645996094,-14.21351718902588,19.713218688964844,-10.531306266784668,12.67363452911377,-12.690149307250977,2187.936658427652,4993.804605930975,0.1062376135924207,0.128684714436531,0.3882596492767334,0.4263848662376404,0.3875648975372314,0.544111430644989,0.4789384007453918,0.4873286187648773,0.5559423565864563,0.4705932736396789,0.5306451916694641,0.3490287065505981,0.4536577463150024,0.3923182785511017,107.666015625,17.72813691700314,15.027928924408316,16.29034705062377,17.873589282759365,18.418659805448662,17.498062832243484,41.53151020094685,rock,激昂,1
-130.98306274414062,111.02361297607422,-2.1509997844696045,41.78348159790039,-3.202033281326294,34.655052185058594,-17.609729766845703,19.878576278686523,-9.14621353149414,14.884944915771484,-6.846542835235596,9.204596519470217,-6.970772743225098,1877.968347176716,4285.490456424014,0.0717101248308198,0.1443539708852768,0.4653538763523102,0.3955734968185425,0.4529455900192261,0.3480667173862457,0.2938984632492065,0.2657192647457123,0.2999832034111023,0.4227192103862762,0.3309562504291534,0.3962221145629883,0.2965399026870727,0.3279905915260315,99.38401442307692,19.56259753007581,19.649261847934792,20.2865468135352,19.5357698687136,19.591909753720177,17.011298867212105,40.24350409603454,rock,激昂,1
-91.39275360107422,112.11608123779295,-27.34535789489746,47.97840881347656,-19.601682662963867,27.718719482421875,-18.550968170166016,17.433366775512695,-13.161514282226562,14.419549942016602,-15.218308448791504,11.52614974975586,-12.587085723876951,2148.400918539368,4479.280957710992,0.1091057466889017,0.1166595295071601,0.2661724388599396,0.3413916230201721,0.4750774204730987,0.2858419418334961,0.3622294068336487,0.3204559087753296,0.534736692905426,0.5521937608718872,0.2967207431793213,0.2955688834190368,0.2553498446941376,0.3350948691368103,123.046875,27.909477260555715,14.175219633217765,17.818893822689322,17.72974608454148,18.0823014581513,17.299538383085906,40.764617140417606,rock,激昂,1
-87.9643783569336,93.53565979003906,-23.224027633666992,48.12346649169922,-21.444711685180664,27.754802703857425,-20.33553504943848,18.751483917236328,-15.218708038330078,16.133468627929688,-21.41217994689941,10.867748260498049,-12.026507377624512,2606.261146646837,5339.318422817575,0.1496727420485305,0.1043321639299392,0.3470088243484497,0.2905563712120056,0.3626333773136139,0.4444037079811096,0.2972122132778168,0.4063667356967926,0.2756317853927612,0.4145561754703522,0.3444989025592804,0.3092120289802551,0.5575547814369202,0.3736215233802795,117.45383522727272,25.860617135221283,14.76903705857606,18.38352755852161,18.853739691535733,18.549320255953216,18.607479290558786,42.57202026049748,rock,激昂,1
-121.46697235107422,89.52725219726562,-33.49034881591797,41.95905303955078,-25.940282821655277,23.04037094116211,-20.253145217895508,14.36585521697998,-16.338193893432617,17.046361923217773,-16.961536407470703,9.144576072692873,-10.106950759887695,2553.6435090564128,5123.536742314385,0.1361319061774942,0.0936234816908836,0.3331162333488464,0.2601118683815002,0.3930730819702148,0.5055259466171265,0.3072974383831024,0.3743397891521454,0.3118754029273987,0.3666905760765075,0.3235888481140136,0.3275524973869324,0.2915535867214203,0.233101949095726,117.45383522727272,25.697217492837023,15.82947314506004,19.95250083568743,18.73898381382681,18.532643690247603,18.13024938220081,40.64782135360344,rock,激昂,1
-95.44647979736328,78.33685302734375,-26.22118186950684,44.241336822509766,-22.46974754333496,29.74888801574707,-21.57327079772949,23.95436286926269,-16.577049255371094,20.47197914123535,-19.63077163696289,13.887502670288086,-12.625713348388672,2975.773811493968,5926.535366969983,0.1837123271945089,0.0932700634002685,0.4720413088798523,0.3192581832408905,0.3407332897186279,0.2841094136238098,0.4015616178512573,0.3711749613285064,0.328030914068222,0.4345425963401794,0.354314237833023,0.4788626730442047,0.358531504869461,0.4491599202156067,99.38401442307692,22.558818965731867,14.680050809702031,18.29169613399554,18.74657972212629,17.765611591715672,17.3540774781133,43.0821986418698,rock,激昂,1
-119.1509780883789,107.4422378540039,-10.973196983337402,58.55535888671875,-12.933258056640623,26.83432960510254,-17.646806716918945,19.371736526489254,-15.605269432067873,13.570684432983398,-16.671039581298828,11.870043754577637,-12.196166038513184,2116.1456021561394,4689.983267020737,0.092788920509474,0.1016780808568,0.2958520352840423,0.3649739027023315,0.4141846597194671,0.2646425366401672,0.4203589856624603,0.2992684841156006,0.3910878002643585,0.3371184468269348,0.3573240935802459,0.5179474353790283,0.3877184987068176,0.4943977892398834,123.046875,25.187544392599325,15.46706390331697,19.67263551078588,19.257941350589192,18.488211233182604,17.61203790800476,40.48919257548148,rock,激昂,1
-94.26873016357422,91.890869140625,-17.60138511657715,45.52733612060547,-15.701892852783203,32.63561248779297,-18.01371192932129,21.57096672058105,-15.723526000976562,16.806913375854492,-18.290828704833984,13.340855598449709,-15.457928657531738,2581.5076039009973,5390.361939892691,0.1392005631283836,0.1068243756890297,0.3302399814128876,0.2974884212017059,0.4386069476604461,0.2582677602767944,0.3630457818508148,0.2650497555732727,0.3659093976020813,0.5250802040100098,0.3196075558662414,0.3979334533214569,0.3233457207679748,0.3961155712604522,129.19921875,25.51378069501277,13.808598535524784,19.23111321116714,19.504528486360137,18.762707830960125,17.147964491298428,42.39579362517839,rock,激昂,1
-185.50003051757807,98.92578125,-36.44287872314453,44.42753601074219,-17.759830474853516,21.284358978271484,-20.293684005737305,13.771660804748535,-15.498616218566896,11.033225059509276,-16.787757873535156,2.334639310836792,-12.634641647338867,2255.8673982367045,4508.88286687935,0.1209770609773781,0.0629911944270134,0.4493715167045593,0.2789569497108459,0.3543420135974884,0.2433831393718719,0.3032078444957733,0.4686064124107361,0.271457314491272,0.303892433643341,0.2468584179878235,0.3233463764190674,0.3113754987716675,0.3070802092552185,95.703125,26.18321720281774,18.837850956113197,21.92865390048957,21.48883105935576,21.56642655992338,21.559868481879462,38.865474368637415,rock,激昂,1
-160.15704345703125,88.74144744873047,-35.47688293457031,47.49430084228516,-12.603619575500488,17.30156135559082,-19.14414405822754,14.59506893157959,-20.38782501220703,11.093687057495115,-11.14493465423584,7.699109077453613,-9.863814353942873,2521.2256237987226,4830.540292832801,0.1462815853393271,0.0762412324547767,0.292505145072937,0.3871890604496002,0.4626728594303131,0.3886628746986389,0.4896776080131531,0.3676857948303222,0.3896690309047699,0.2983282804489136,0.3512608706951141,0.5113862156867981,0.3772637844085693,0.3762738704681396,129.19921875,19.971037552869923,16.66181356217164,19.09886865703613,17.186593580782198,17.148416542349523,17.95505885244902,38.91224360624789,rock,激昂,1
-42.66282272338867,102.98868560791016,-36.87789916992188,44.5166015625,-11.996201515197754,25.576913833618164,-22.66895294189453,28.336856842041016,-19.27185440063477,21.48296356201172,-15.258891105651855,11.748106956481934,-11.575923919677734,2334.5190611030093,4819.107544228538,0.1285531618571152,0.1657380908727646,0.3293160200119018,0.3505036234855652,0.5679866075515747,0.3923498094081878,0.4990183413028717,0.2827330529689789,0.3518272340297699,0.6001701354980469,0.3609164953231811,0.3011863231658935,0.2454243004322052,0.4345008134841919,129.19921875,17.641455993414567,14.675048480117846,17.979888757880456,18.39365326338268,18.354870785539912,18.033935992401545,43.87698859338315,rock,激昂,1
-117.97405242919922,84.05840301513672,-50.267879486083984,46.04963684082031,-17.698415756225586,20.855792999267575,-21.641117095947266,16.67160987854004,-12.95274257659912,12.83791160583496,-13.08016586303711,11.310620307922363,-12.596916198730469,2590.781523555563,4889.452671838747,0.1617226773975251,0.0895201787352562,0.4416561424732208,0.4183934032917022,0.5344569683074951,0.4301363229751587,0.4178365767002105,0.3933463394641876,0.3284902572631836,0.3906610012054443,0.3984375596046448,0.4763230681419372,0.3101636171340942,0.3590348064899444,92.28515625,20.055523399621567,15.445642012893424,18.202679269388195,17.78541218128198,17.36059381331749,17.277413421829944,40.00155652674361,rock,激昂,1
-156.29812622070312,130.7895965576172,-25.229616165161133,43.485469818115234,-12.138993263244627,25.392202377319336,-7.940168380737305,17.616287231445312,-8.628422737121582,9.566104888916016,-8.36728286743164,5.763707637786865,-7.048300743103027,1609.7586945895998,3380.4464318082946,0.0732565376063418,0.1052021607756614,0.3044786155223846,0.2576879858970642,0.410230278968811,0.2926344573497772,0.3335151374340057,0.2530136704444885,0.3828803896903991,0.4137477278709411,0.3302896022796631,0.425173819065094,0.3111063539981842,0.4060423076152801,107.666015625,27.78453718475478,17.544795843417656,21.470949362449787,21.56231352319459,20.73835098561531,19.41004225438259,37.261539042944726,rock,激昂,1
-89.01615905761719,86.21833038330078,-24.412221908569336,47.09317779541016,-33.65718078613281,29.46483421325684,-19.75049591064453,21.635778427124023,-16.746688842773438,6.5387701988220215,-13.391207695007324,7.485586643218994,-12.85138988494873,2495.684155844957,5213.03359737529,0.1206360571345707,0.1546375751495361,0.462155282497406,0.2125858515501022,0.196797028183937,0.136377528309822,0.1684340089559555,0.2164864093065261,0.1944367438554763,0.3124425411224365,0.2295598238706588,0.3085235953330993,0.3093522191047668,0.3209290206432342,123.046875,16.700226177170872,16.13744019533018,22.301887614640783,20.56235490207682,19.47598733349507,18.612111854491065,42.513213038353065,rock,激昂,1
-74.30769348144531,100.11083984375,-47.35751724243164,49.60930252075195,-18.40536117553711,24.609189987182617,-15.91098690032959,23.892093658447266,-22.828266143798828,23.324926376342773,-16.94343376159668,14.924824714660645,-11.495659828186035,2474.465349821513,4754.649491099913,0.1501345888921113,0.1082364171743393,0.3400341272354126,0.4201619029045105,0.454431802034378,0.5068840980529785,0.5809093117713928,0.3516940474510193,0.4311019778251648,0.3288193047046661,0.4175458550453186,0.5339162945747375,0.4023428857326507,0.5537146925926208,143.5546875,29.263325943540693,15.246549066969145,18.254862537960037,17.73585473581597,16.599113544826412,18.21037534478041,41.76917237973174,rock,激昂,1
-70.1119384765625,94.16671752929688,-50.33251190185547,46.95689010620117,-16.108150482177734,19.98747062683105,-23.955923080444336,16.344192504882812,-22.179576873779297,14.427518844604492,-20.087427139282227,12.139043807983398,-14.773106575012209,2471.4537522284268,4687.268717825551,0.1509385724816318,0.1068667024374008,0.5407829284667969,0.3833829760551452,0.3343852758407593,0.5434741377830505,0.3510978817939758,0.3919190466403961,0.275747537612915,0.3395624160766601,0.4593164026737213,0.3794301152229309,0.5802817344665527,0.4197131395339966,129.19921875,28.438465303151453,15.209080583544186,18.45598690533997,16.98319969381061,16.817078808518914,17.246442817695737,42.133197329990494,rock,激昂,1
-114.78572082519533,119.2933349609375,-50.7344970703125,42.62416076660156,-6.701606273651123,19.70798683166504,-16.883588790893555,19.39400863647461,-17.410429000854492,17.302907943725586,-10.872791290283203,6.6578369140625,-15.766664505004885,1939.7222612064536,3748.517652896607,0.0983208865042536,0.1057224497199058,0.3209116160869598,0.42880380153656,0.2522134482860565,0.2738704979419708,0.1760062426328659,0.3254105746746063,0.6983246207237244,0.323826789855957,0.316860944032669,0.2036400884389877,0.3346468806266784,0.4665429294109344,103.359375,30.009886885264653,17.78550286825358,20.312523731691986,18.4150220668938,17.82575076861804,18.39540270218368,38.7610533373347,rock,激昂,1
-90.24029541015624,80.06857299804688,-46.36334991455078,56.04554748535156,-8.09264850616455,27.47739028930664,-17.326692581176758,22.967056274414062,-17.59123420715332,18.405153274536133,-17.440149307250977,7.649233341217041,-19.298677444458008,2628.9166256267,5085.982702834976,0.1466494012229311,0.101904921233654,0.2879880666732788,0.5053219795227051,0.3248232007026672,0.2899927794933319,0.2778547704219818,0.3998350203037262,0.80361407995224,0.4462023079395294,0.2968873083591461,0.2303820103406906,0.4598213136196136,0.3486568033695221,112.34714673913044,30.677494191735025,15.67819591965048,18.38893010269493,19.580280133431305,19.073323697111828,17.545776850128348,41.51198752086264,rock,激昂,1
-153.6300506591797,109.90478515625,-23.09164428710937,59.014495849609375,-7.520481586456299,19.728551864624023,-16.488035202026367,18.07828521728516,-22.212602615356445,15.40871524810791,-12.378634452819824,12.347537994384766,-12.310062408447266,2008.174520929767,4253.6236473136605,0.0892274506960556,0.0794459506869316,0.1813500672578811,0.4284396469593048,0.7737135291099548,0.4055863618850708,0.330156534910202,0.2170959115028381,0.3497748076915741,0.3823842704296112,0.2942501306533813,0.4347774982452392,0.2329594790935516,0.1932359784841537,103.359375,29.627142713885203,16.80797247019441,20.96607904923343,18.80397910384415,18.606017660917587,17.743442607643853,38.286757220267766,rock,激昂,1
-142.4162139892578,116.20545959472656,-32.16026306152344,49.11150741577149,-8.38990592956543,22.885154724121094,-18.317211151123047,20.11055564880371,-22.1026611328125,10.792425155639648,-12.99806785583496,14.083412170410156,-16.39295768737793,2006.8272650214387,4149.1717911651685,0.0976641803219257,0.0764232873916626,0.2740072011947632,0.4994641244411468,0.3283254206180572,0.3473085165023803,0.5619506239891052,0.2984562814235687,0.2637243270874023,0.2605112493038177,0.5629987716674805,0.703196108341217,0.3635637164115906,0.3229256272315979,117.45383522727272,29.21897061880982,15.693598490202522,19.892954897336203,18.785519388445127,18.51225575974813,17.46920796485159,39.08424038464587,rock,激昂,1
-124.98965454101562,115.18234252929688,-47.98588562011719,52.820343017578125,-13.493602752685549,21.751258850097656,-12.417659759521484,20.127153396606445,-18.37324333190918,10.12363052368164,-16.045312881469727,10.47731113433838,-17.95570945739746,2077.565822171052,4031.530223589762,0.1218225843484145,0.0815977528691291,0.3845002353191376,0.3760798573493957,0.5337098240852356,0.4073218703269958,0.4563687741756439,0.3425149023532867,0.4785594344139099,0.4661805629730224,0.3559764623641968,0.5270722508430481,0.3866045773029327,0.4688744246959686,129.19921875,28.82103727248818,15.300636074652797,18.4586558960467,18.04030379920496,17.627963502436018,19.5492892951168,38.3668221749971,rock,激昂,1
-225.0333251953125,123.65726470947266,-9.745124816894531,56.61384582519531,10.421820640563965,20.64320945739746,-10.258777618408203,15.571303367614746,-8.240349769592285,12.808756828308104,-9.006475448608398,7.688631534576416,-10.0837984085083,1398.6495042529389,3015.5976970345127,0.0487242755462103,0.0838023945689201,0.4699446856975555,0.3563888072967529,0.2970139980316162,0.2287282347679138,0.3358674943447113,0.3791961669921875,0.3562047183513641,0.5618454813957214,0.4246760010719299,0.3368920981884002,0.2637698352336883,0.3410945236682892,112.34714673913044,28.56309586827603,17.91174166111854,20.563455958963665,18.140596231645013,19.35237183489261,18.15759681907869,34.752584138020374,rock,激昂,1
-235.2005920410156,123.87174987792967,-22.546131134033203,52.95167541503906,-1.4538209438323977,24.660511016845703,-7.088472843170166,14.89009952545166,-12.783065795898438,16.718231201171875,-2.943472623825073,10.081298828125,-15.028531074523926,1609.7851807206855,3246.925584124855,0.0763048023008507,0.0544314980506897,0.3618744313716888,0.2643849551677704,0.2110646665096283,0.4226594865322113,0.6715370416641235,0.4279764294624328,0.3356299698352813,0.2240700125694275,0.3199994266033172,0.2376578748226165,0.281313806772232,0.5416491031646729,123.046875,29.65751069754464,18.053985461753825,22.82377761418955,21.856776328969577,21.769560115517784,20.38254011569113,35.35712408591232,rock,激昂,1
